breastCancerVDX.csv,reliefF,selection runtime, 0.246
breastCancerVDX.csv,model SVM with 1 features, train duration, 0.008
breastCancerVDX.csv,model SVM with 1 features, test duration, 0.001
breastCancerVDX.csv,model k - nearest with 1 features, train duration, 0.001
breastCancerVDX.csv,model k - nearest with 1 features, test duration, 0.001
breastCancerVDX.csv,model RandomForest with 1 features, train duration, 0.106
breastCancerVDX.csv,model RandomForest with 1 features, test duration, 0.010
breastCancerVDX.csv,model LogisticsRegression with 1 features, train duration, 0.004
breastCancerVDX.csv,model LogisticsRegression with 1 features, test duration, 0.001
breastCancerVDX.csv,model NB with 1 features, train duration, 0.001
breastCancerVDX.csv,model NB with 1 features, test duration, 0.001
breastCancerVDX.csv,model SVM with 2 features, train duration, 0.009
breastCancerVDX.csv,model SVM with 2 features, test duration, 0.001
breastCancerVDX.csv,model k - nearest with 2 features, train duration, 0.001
breastCancerVDX.csv,model k - nearest with 2 features, test duration, 0.001
breastCancerVDX.csv,model RandomForest with 2 features, train duration, 0.100
breastCancerVDX.csv,model RandomForest with 2 features, test duration, 0.008
breastCancerVDX.csv,model LogisticsRegression with 2 features, train duration, 0.005
breastCancerVDX.csv,model LogisticsRegression with 2 features, test duration, 0.001
breastCancerVDX.csv,model NB with 2 features, train duration, 0.001
breastCancerVDX.csv,model NB with 2 features, test duration, 0.001
breastCancerVDX.csv,model SVM with 3 features, train duration, 0.006
breastCancerVDX.csv,model SVM with 3 features, test duration, 0.001
breastCancerVDX.csv,model k - nearest with 3 features, train duration, 0.001
breastCancerVDX.csv,model k - nearest with 3 features, test duration, 0.001
breastCancerVDX.csv,model RandomForest with 3 features, train duration, 0.104
breastCancerVDX.csv,model RandomForest with 3 features, test duration, 0.011
breastCancerVDX.csv,model LogisticsRegression with 3 features, train duration, 0.005
breastCancerVDX.csv,model LogisticsRegression with 3 features, test duration, 0.001
breastCancerVDX.csv,model NB with 3 features, train duration, 0.001
breastCancerVDX.csv,model NB with 3 features, test duration, 0.001
breastCancerVDX.csv,model SVM with 4 features, train duration, 0.007
breastCancerVDX.csv,model SVM with 4 features, test duration, 0.001
breastCancerVDX.csv,model k - nearest with 4 features, train duration, 0.001
breastCancerVDX.csv,model k - nearest with 4 features, test duration, 0.001
breastCancerVDX.csv,model RandomForest with 4 features, train duration, 0.101
breastCancerVDX.csv,model RandomForest with 4 features, test duration, 0.008
breastCancerVDX.csv,model LogisticsRegression with 4 features, train duration, 0.005
breastCancerVDX.csv,model LogisticsRegression with 4 features, test duration, 0.001
breastCancerVDX.csv,model NB with 4 features, train duration, 0.001
breastCancerVDX.csv,model NB with 4 features, test duration, 0.001
breastCancerVDX.csv,model SVM with 5 features, train duration, 0.007
breastCancerVDX.csv,model SVM with 5 features, test duration, 0.001
breastCancerVDX.csv,model k - nearest with 5 features, train duration, 0.001
breastCancerVDX.csv,model k - nearest with 5 features, test duration, 0.001
breastCancerVDX.csv,model RandomForest with 5 features, train duration, 0.103
breastCancerVDX.csv,model RandomForest with 5 features, test duration, 0.008
breastCancerVDX.csv,model LogisticsRegression with 5 features, train duration, 0.006
breastCancerVDX.csv,model LogisticsRegression with 5 features, test duration, 0.001
breastCancerVDX.csv,model NB with 5 features, train duration, 0.001
breastCancerVDX.csv,model NB with 5 features, test duration, 0.001
breastCancerVDX.csv,model SVM with 10 features, train duration, 0.008
breastCancerVDX.csv,model SVM with 10 features, test duration, 0.001
breastCancerVDX.csv,model k - nearest with 10 features, train duration, 0.001
breastCancerVDX.csv,model k - nearest with 10 features, test duration, 0.001
breastCancerVDX.csv,model RandomForest with 10 features, train duration, 0.104
breastCancerVDX.csv,model RandomForest with 10 features, test duration, 0.008
breastCancerVDX.csv,model LogisticsRegression with 10 features, train duration, 0.012
breastCancerVDX.csv,model LogisticsRegression with 10 features, test duration, 0.001
breastCancerVDX.csv,model NB with 10 features, train duration, 0.001
breastCancerVDX.csv,model NB with 10 features, test duration, 0.001
breastCancerVDX.csv,model SVM with 15 features, train duration, 0.009
breastCancerVDX.csv,model SVM with 15 features, test duration, 0.001
breastCancerVDX.csv,model k - nearest with 15 features, train duration, 0.001
breastCancerVDX.csv,model k - nearest with 15 features, test duration, 0.001
breastCancerVDX.csv,model RandomForest with 15 features, train duration, 0.108
breastCancerVDX.csv,model RandomForest with 15 features, test duration, 0.008
breastCancerVDX.csv,model LogisticsRegression with 15 features, train duration, 0.013
breastCancerVDX.csv,model LogisticsRegression with 15 features, test duration, 0.001
breastCancerVDX.csv,model NB with 15 features, train duration, 0.001
breastCancerVDX.csv,model NB with 15 features, test duration, 0.001
breastCancerVDX.csv,model SVM with 20 features, train duration, 0.012
breastCancerVDX.csv,model SVM with 20 features, test duration, 0.001
breastCancerVDX.csv,model k - nearest with 20 features, train duration, 0.001
breastCancerVDX.csv,model k - nearest with 20 features, test duration, 0.001
breastCancerVDX.csv,model RandomForest with 20 features, train duration, 0.131
breastCancerVDX.csv,model RandomForest with 20 features, test duration, 0.009
breastCancerVDX.csv,model LogisticsRegression with 20 features, train duration, 0.014
breastCancerVDX.csv,model LogisticsRegression with 20 features, test duration, 0.001
breastCancerVDX.csv,model NB with 20 features, train duration, 0.001
breastCancerVDX.csv,model NB with 20 features, test duration, 0.001
breastCancerVDX.csv,model SVM with 25 features, train duration, 0.012
breastCancerVDX.csv,model SVM with 25 features, test duration, 0.001
breastCancerVDX.csv,model k - nearest with 25 features, train duration, 0.001
breastCancerVDX.csv,model k - nearest with 25 features, test duration, 0.001
breastCancerVDX.csv,model RandomForest with 25 features, train duration, 0.131
breastCancerVDX.csv,model RandomForest with 25 features, test duration, 0.008
breastCancerVDX.csv,model LogisticsRegression with 25 features, train duration, 0.014
breastCancerVDX.csv,model LogisticsRegression with 25 features, test duration, 0.001
breastCancerVDX.csv,model NB with 25 features, train duration, 0.001
breastCancerVDX.csv,model NB with 25 features, test duration, 0.001
breastCancerVDX.csv,model SVM with 30 features, train duration, 0.013
breastCancerVDX.csv,model SVM with 30 features, test duration, 0.001
breastCancerVDX.csv,model k - nearest with 30 features, train duration, 0.001
breastCancerVDX.csv,model k - nearest with 30 features, test duration, 0.001
breastCancerVDX.csv,model RandomForest with 30 features, train duration, 0.140
breastCancerVDX.csv,model RandomForest with 30 features, test duration, 0.010
breastCancerVDX.csv,model LogisticsRegression with 30 features, train duration, 0.016
breastCancerVDX.csv,model LogisticsRegression with 30 features, test duration, 0.001
breastCancerVDX.csv,model NB with 30 features, train duration, 0.001
breastCancerVDX.csv,model NB with 30 features, test duration, 0.001
breastCancerVDX.csv,model SVM with 50 features, train duration, 0.020
breastCancerVDX.csv,model SVM with 50 features, test duration, 0.001
breastCancerVDX.csv,model k - nearest with 50 features, train duration, 0.001
breastCancerVDX.csv,model k - nearest with 50 features, test duration, 0.001
breastCancerVDX.csv,model RandomForest with 50 features, train duration, 0.155
breastCancerVDX.csv,model RandomForest with 50 features, test duration, 0.010
breastCancerVDX.csv,model LogisticsRegression with 50 features, train duration, 0.016
breastCancerVDX.csv,model LogisticsRegression with 50 features, test duration, 0.001
breastCancerVDX.csv,model NB with 50 features, train duration, 0.002
breastCancerVDX.csv,model NB with 50 features, test duration, 0.001
breastCancerVDX.csv,model SVM with 100 features, train duration, 0.029
breastCancerVDX.csv,model SVM with 100 features, test duration, 0.001
breastCancerVDX.csv,model k - nearest with 100 features, train duration, 0.001
breastCancerVDX.csv,model k - nearest with 100 features, test duration, 0.001
breastCancerVDX.csv,model RandomForest with 100 features, train duration, 0.155
breastCancerVDX.csv,model RandomForest with 100 features, test duration, 0.009
breastCancerVDX.csv,model LogisticsRegression with 100 features, train duration, 0.016
breastCancerVDX.csv,model LogisticsRegression with 100 features, test duration, 0.001
breastCancerVDX.csv,model NB with 100 features, train duration, 0.002
breastCancerVDX.csv,model NB with 100 features, test duration, 0.002
breastCancerVDX.csv,rfe,selection runtime, 17.665
breastCancerVDX.csv,model SVM with 1 features, train duration, 0.010
breastCancerVDX.csv,model SVM with 1 features, test duration, 0.001
breastCancerVDX.csv,model k - nearest with 1 features, train duration, 0.001
breastCancerVDX.csv,model k - nearest with 1 features, test duration, 0.001
breastCancerVDX.csv,model RandomForest with 1 features, train duration, 0.109
breastCancerVDX.csv,model RandomForest with 1 features, test duration, 0.009
breastCancerVDX.csv,model LogisticsRegression with 1 features, train duration, 0.004
breastCancerVDX.csv,model LogisticsRegression with 1 features, test duration, 0.001
breastCancerVDX.csv,model NB with 1 features, train duration, 0.001
breastCancerVDX.csv,model NB with 1 features, test duration, 0.001
breastCancerVDX.csv,model SVM with 2 features, train duration, 0.008
breastCancerVDX.csv,model SVM with 2 features, test duration, 0.001
breastCancerVDX.csv,model k - nearest with 2 features, train duration, 0.001
breastCancerVDX.csv,model k - nearest with 2 features, test duration, 0.001
breastCancerVDX.csv,model RandomForest with 2 features, train duration, 0.097
breastCancerVDX.csv,model RandomForest with 2 features, test duration, 0.008
breastCancerVDX.csv,model LogisticsRegression with 2 features, train duration, 0.004
breastCancerVDX.csv,model LogisticsRegression with 2 features, test duration, 0.001
breastCancerVDX.csv,model NB with 2 features, train duration, 0.001
breastCancerVDX.csv,model NB with 2 features, test duration, 0.001
breastCancerVDX.csv,model SVM with 3 features, train duration, 0.011
breastCancerVDX.csv,model SVM with 3 features, test duration, 0.001
breastCancerVDX.csv,model k - nearest with 3 features, train duration, 0.001
breastCancerVDX.csv,model k - nearest with 3 features, test duration, 0.001
breastCancerVDX.csv,model RandomForest with 3 features, train duration, 0.096
breastCancerVDX.csv,model RandomForest with 3 features, test duration, 0.008
breastCancerVDX.csv,model LogisticsRegression with 3 features, train duration, 0.005
breastCancerVDX.csv,model LogisticsRegression with 3 features, test duration, 0.001
breastCancerVDX.csv,model NB with 3 features, train duration, 0.001
breastCancerVDX.csv,model NB with 3 features, test duration, 0.001
breastCancerVDX.csv,model SVM with 4 features, train duration, 0.009
breastCancerVDX.csv,model SVM with 4 features, test duration, 0.001
breastCancerVDX.csv,model k - nearest with 4 features, train duration, 0.001
breastCancerVDX.csv,model k - nearest with 4 features, test duration, 0.001
breastCancerVDX.csv,model RandomForest with 4 features, train duration, 0.102
breastCancerVDX.csv,model RandomForest with 4 features, test duration, 0.008
breastCancerVDX.csv,model LogisticsRegression with 4 features, train duration, 0.005
breastCancerVDX.csv,model LogisticsRegression with 4 features, test duration, 0.001
breastCancerVDX.csv,model NB with 4 features, train duration, 0.001
breastCancerVDX.csv,model NB with 4 features, test duration, 0.001
breastCancerVDX.csv,model SVM with 5 features, train duration, 0.009
breastCancerVDX.csv,model SVM with 5 features, test duration, 0.001
breastCancerVDX.csv,model k - nearest with 5 features, train duration, 0.001
breastCancerVDX.csv,model k - nearest with 5 features, test duration, 0.001
breastCancerVDX.csv,model RandomForest with 5 features, train duration, 0.104
breastCancerVDX.csv,model RandomForest with 5 features, test duration, 0.008
breastCancerVDX.csv,model LogisticsRegression with 5 features, train duration, 0.007
breastCancerVDX.csv,model LogisticsRegression with 5 features, test duration, 0.001
breastCancerVDX.csv,model NB with 5 features, train duration, 0.001
breastCancerVDX.csv,model NB with 5 features, test duration, 0.001
breastCancerVDX.csv,model SVM with 10 features, train duration, 0.009
breastCancerVDX.csv,model SVM with 10 features, test duration, 0.001
breastCancerVDX.csv,model k - nearest with 10 features, train duration, 0.001
breastCancerVDX.csv,model k - nearest with 10 features, test duration, 0.001
breastCancerVDX.csv,model RandomForest with 10 features, train duration, 0.127
breastCancerVDX.csv,model RandomForest with 10 features, test duration, 0.008
breastCancerVDX.csv,model LogisticsRegression with 10 features, train duration, 0.012
breastCancerVDX.csv,model LogisticsRegression with 10 features, test duration, 0.001
breastCancerVDX.csv,model NB with 10 features, train duration, 0.001
breastCancerVDX.csv,model NB with 10 features, test duration, 0.001
breastCancerVDX.csv,model SVM with 15 features, train duration, 0.011
breastCancerVDX.csv,model SVM with 15 features, test duration, 0.001
breastCancerVDX.csv,model k - nearest with 15 features, train duration, 0.001
breastCancerVDX.csv,model k - nearest with 15 features, test duration, 0.001
breastCancerVDX.csv,model RandomForest with 15 features, train duration, 0.112
breastCancerVDX.csv,model RandomForest with 15 features, test duration, 0.008
breastCancerVDX.csv,model LogisticsRegression with 15 features, train duration, 0.011
breastCancerVDX.csv,model LogisticsRegression with 15 features, test duration, 0.001
breastCancerVDX.csv,model NB with 15 features, train duration, 0.001
breastCancerVDX.csv,model NB with 15 features, test duration, 0.001
breastCancerVDX.csv,model SVM with 20 features, train duration, 0.013
breastCancerVDX.csv,model SVM with 20 features, test duration, 0.001
breastCancerVDX.csv,model k - nearest with 20 features, train duration, 0.001
breastCancerVDX.csv,model k - nearest with 20 features, test duration, 0.001
breastCancerVDX.csv,model RandomForest with 20 features, train duration, 0.117
breastCancerVDX.csv,model RandomForest with 20 features, test duration, 0.008
breastCancerVDX.csv,model LogisticsRegression with 20 features, train duration, 0.012
breastCancerVDX.csv,model LogisticsRegression with 20 features, test duration, 0.001
breastCancerVDX.csv,model NB with 20 features, train duration, 0.001
breastCancerVDX.csv,model NB with 20 features, test duration, 0.001
breastCancerVDX.csv,model SVM with 25 features, train duration, 0.014
breastCancerVDX.csv,model SVM with 25 features, test duration, 0.001
breastCancerVDX.csv,model k - nearest with 25 features, train duration, 0.001
breastCancerVDX.csv,model k - nearest with 25 features, test duration, 0.001
breastCancerVDX.csv,model RandomForest with 25 features, train duration, 0.127
breastCancerVDX.csv,model RandomForest with 25 features, test duration, 0.009
breastCancerVDX.csv,model LogisticsRegression with 25 features, train duration, 0.014
breastCancerVDX.csv,model LogisticsRegression with 25 features, test duration, 0.001
breastCancerVDX.csv,model NB with 25 features, train duration, 0.001
breastCancerVDX.csv,model NB with 25 features, test duration, 0.001
breastCancerVDX.csv,model SVM with 30 features, train duration, 0.015
breastCancerVDX.csv,model SVM with 30 features, test duration, 0.001
breastCancerVDX.csv,model k - nearest with 30 features, train duration, 0.001
breastCancerVDX.csv,model k - nearest with 30 features, test duration, 0.001
breastCancerVDX.csv,model RandomForest with 30 features, train duration, 0.128
breastCancerVDX.csv,model RandomForest with 30 features, test duration, 0.009
breastCancerVDX.csv,model LogisticsRegression with 30 features, train duration, 0.015
breastCancerVDX.csv,model LogisticsRegression with 30 features, test duration, 0.001
breastCancerVDX.csv,model NB with 30 features, train duration, 0.001
breastCancerVDX.csv,model NB with 30 features, test duration, 0.001
breastCancerVDX.csv,model SVM with 50 features, train duration, 0.024
breastCancerVDX.csv,model SVM with 50 features, test duration, 0.001
breastCancerVDX.csv,model k - nearest with 50 features, train duration, 0.001
breastCancerVDX.csv,model k - nearest with 50 features, test duration, 0.001
breastCancerVDX.csv,model RandomForest with 50 features, train duration, 0.134
breastCancerVDX.csv,model RandomForest with 50 features, test duration, 0.008
breastCancerVDX.csv,model LogisticsRegression with 50 features, train duration, 0.015
breastCancerVDX.csv,model LogisticsRegression with 50 features, test duration, 0.001
breastCancerVDX.csv,model NB with 50 features, train duration, 0.002
breastCancerVDX.csv,model NB with 50 features, test duration, 0.001
breastCancerVDX.csv,model SVM with 100 features, train duration, 0.036
breastCancerVDX.csv,model SVM with 100 features, test duration, 0.001
breastCancerVDX.csv,model k - nearest with 100 features, train duration, 0.001
breastCancerVDX.csv,model k - nearest with 100 features, test duration, 0.001
breastCancerVDX.csv,model RandomForest with 100 features, train duration, 0.158
breastCancerVDX.csv,model RandomForest with 100 features, test duration, 0.009
breastCancerVDX.csv,model LogisticsRegression with 100 features, train duration, 0.015
breastCancerVDX.csv,model LogisticsRegression with 100 features, test duration, 0.001
breastCancerVDX.csv,model NB with 100 features, train duration, 0.002
breastCancerVDX.csv,model NB with 100 features, test duration, 0.001
breastCancerVDX.csv,Fdr_f_classif,selection runtime, 0.009
breastCancerVDX.csv,model SVM with 1 features, train duration, 0.009
breastCancerVDX.csv,model SVM with 1 features, test duration, 0.001
breastCancerVDX.csv,model k - nearest with 1 features, train duration, 0.001
breastCancerVDX.csv,model k - nearest with 1 features, test duration, 0.001
breastCancerVDX.csv,model RandomForest with 1 features, train duration, 0.099
breastCancerVDX.csv,model RandomForest with 1 features, test duration, 0.010
breastCancerVDX.csv,model LogisticsRegression with 1 features, train duration, 0.003
breastCancerVDX.csv,model LogisticsRegression with 1 features, test duration, 0.001
breastCancerVDX.csv,model NB with 1 features, train duration, 0.001
breastCancerVDX.csv,model NB with 1 features, test duration, 0.001
breastCancerVDX.csv,model SVM with 2 features, train duration, 0.008
breastCancerVDX.csv,model SVM with 2 features, test duration, 0.001
breastCancerVDX.csv,model k - nearest with 2 features, train duration, 0.001
breastCancerVDX.csv,model k - nearest with 2 features, test duration, 0.001
breastCancerVDX.csv,model RandomForest with 2 features, train duration, 0.092
breastCancerVDX.csv,model RandomForest with 2 features, test duration, 0.008
breastCancerVDX.csv,model LogisticsRegression with 2 features, train duration, 0.004
breastCancerVDX.csv,model LogisticsRegression with 2 features, test duration, 0.001
breastCancerVDX.csv,model NB with 2 features, train duration, 0.001
breastCancerVDX.csv,model NB with 2 features, test duration, 0.001
breastCancerVDX.csv,model SVM with 3 features, train duration, 0.008
breastCancerVDX.csv,model SVM with 3 features, test duration, 0.001
breastCancerVDX.csv,model k - nearest with 3 features, train duration, 0.001
breastCancerVDX.csv,model k - nearest with 3 features, test duration, 0.001
breastCancerVDX.csv,model RandomForest with 3 features, train duration, 0.097
breastCancerVDX.csv,model RandomForest with 3 features, test duration, 0.008
breastCancerVDX.csv,model LogisticsRegression with 3 features, train duration, 0.005
breastCancerVDX.csv,model LogisticsRegression with 3 features, test duration, 0.001
breastCancerVDX.csv,model NB with 3 features, train duration, 0.001
breastCancerVDX.csv,model NB with 3 features, test duration, 0.001
breastCancerVDX.csv,model SVM with 4 features, train duration, 0.007
breastCancerVDX.csv,model SVM with 4 features, test duration, 0.001
breastCancerVDX.csv,model k - nearest with 4 features, train duration, 0.001
breastCancerVDX.csv,model k - nearest with 4 features, test duration, 0.001
breastCancerVDX.csv,model RandomForest with 4 features, train duration, 0.106
breastCancerVDX.csv,model RandomForest with 4 features, test duration, 0.008
breastCancerVDX.csv,model LogisticsRegression with 4 features, train duration, 0.006
breastCancerVDX.csv,model LogisticsRegression with 4 features, test duration, 0.001
breastCancerVDX.csv,model NB with 4 features, train duration, 0.001
breastCancerVDX.csv,model NB with 4 features, test duration, 0.001
breastCancerVDX.csv,model SVM with 5 features, train duration, 0.008
breastCancerVDX.csv,model SVM with 5 features, test duration, 0.001
breastCancerVDX.csv,model k - nearest with 5 features, train duration, 0.001
breastCancerVDX.csv,model k - nearest with 5 features, test duration, 0.001
breastCancerVDX.csv,model RandomForest with 5 features, train duration, 0.103
breastCancerVDX.csv,model RandomForest with 5 features, test duration, 0.009
breastCancerVDX.csv,model LogisticsRegression with 5 features, train duration, 0.008
breastCancerVDX.csv,model LogisticsRegression with 5 features, test duration, 0.001
breastCancerVDX.csv,model NB with 5 features, train duration, 0.001
breastCancerVDX.csv,model NB with 5 features, test duration, 0.001
breastCancerVDX.csv,model SVM with 10 features, train duration, 0.008
breastCancerVDX.csv,model SVM with 10 features, test duration, 0.001
breastCancerVDX.csv,model k - nearest with 10 features, train duration, 0.001
breastCancerVDX.csv,model k - nearest with 10 features, test duration, 0.001
breastCancerVDX.csv,model RandomForest with 10 features, train duration, 0.108
breastCancerVDX.csv,model RandomForest with 10 features, test duration, 0.008
breastCancerVDX.csv,model LogisticsRegression with 10 features, train duration, 0.012
breastCancerVDX.csv,model LogisticsRegression with 10 features, test duration, 0.002
breastCancerVDX.csv,model NB with 10 features, train duration, 0.001
breastCancerVDX.csv,model NB with 10 features, test duration, 0.001
breastCancerVDX.csv,model SVM with 15 features, train duration, 0.011
breastCancerVDX.csv,model SVM with 15 features, test duration, 0.001
breastCancerVDX.csv,model k - nearest with 15 features, train duration, 0.001
breastCancerVDX.csv,model k - nearest with 15 features, test duration, 0.001
breastCancerVDX.csv,model RandomForest with 15 features, train duration, 0.110
breastCancerVDX.csv,model RandomForest with 15 features, test duration, 0.008
breastCancerVDX.csv,model LogisticsRegression with 15 features, train duration, 0.011
breastCancerVDX.csv,model LogisticsRegression with 15 features, test duration, 0.001
breastCancerVDX.csv,model NB with 15 features, train duration, 0.001
breastCancerVDX.csv,model NB with 15 features, test duration, 0.001
breastCancerVDX.csv,model SVM with 20 features, train duration, 0.016
breastCancerVDX.csv,model SVM with 20 features, test duration, 0.001
breastCancerVDX.csv,model k - nearest with 20 features, train duration, 0.001
breastCancerVDX.csv,model k - nearest with 20 features, test duration, 0.001
breastCancerVDX.csv,model RandomForest with 20 features, train duration, 0.113
breastCancerVDX.csv,model RandomForest with 20 features, test duration, 0.008
breastCancerVDX.csv,model LogisticsRegression with 20 features, train duration, 0.012
breastCancerVDX.csv,model LogisticsRegression with 20 features, test duration, 0.001
breastCancerVDX.csv,model NB with 20 features, train duration, 0.001
breastCancerVDX.csv,model NB with 20 features, test duration, 0.001
breastCancerVDX.csv,model SVM with 25 features, train duration, 0.015
breastCancerVDX.csv,model SVM with 25 features, test duration, 0.001
breastCancerVDX.csv,model k - nearest with 25 features, train duration, 0.001
breastCancerVDX.csv,model k - nearest with 25 features, test duration, 0.001
breastCancerVDX.csv,model RandomForest with 25 features, train duration, 0.147
breastCancerVDX.csv,model RandomForest with 25 features, test duration, 0.009
breastCancerVDX.csv,model LogisticsRegression with 25 features, train duration, 0.013
breastCancerVDX.csv,model LogisticsRegression with 25 features, test duration, 0.001
breastCancerVDX.csv,model NB with 25 features, train duration, 0.001
breastCancerVDX.csv,model NB with 25 features, test duration, 0.001
breastCancerVDX.csv,model SVM with 30 features, train duration, 0.015
breastCancerVDX.csv,model SVM with 30 features, test duration, 0.001
breastCancerVDX.csv,model k - nearest with 30 features, train duration, 0.001
breastCancerVDX.csv,model k - nearest with 30 features, test duration, 0.001
breastCancerVDX.csv,model RandomForest with 30 features, train duration, 0.138
breastCancerVDX.csv,model RandomForest with 30 features, test duration, 0.009
breastCancerVDX.csv,model LogisticsRegression with 30 features, train duration, 0.015
breastCancerVDX.csv,model LogisticsRegression with 30 features, test duration, 0.001
breastCancerVDX.csv,model NB with 30 features, train duration, 0.001
breastCancerVDX.csv,model NB with 30 features, test duration, 0.001
breastCancerVDX.csv,model SVM with 50 features, train duration, 0.022
breastCancerVDX.csv,model SVM with 50 features, test duration, 0.001
breastCancerVDX.csv,model k - nearest with 50 features, train duration, 0.001
breastCancerVDX.csv,model k - nearest with 50 features, test duration, 0.001
breastCancerVDX.csv,model RandomForest with 50 features, train duration, 0.135
breastCancerVDX.csv,model RandomForest with 50 features, test duration, 0.008
breastCancerVDX.csv,model LogisticsRegression with 50 features, train duration, 0.017
breastCancerVDX.csv,model LogisticsRegression with 50 features, test duration, 0.001
breastCancerVDX.csv,model NB with 50 features, train duration, 0.002
breastCancerVDX.csv,model NB with 50 features, test duration, 0.001
breastCancerVDX.csv,model SVM with 100 features, train duration, 0.035
breastCancerVDX.csv,model SVM with 100 features, test duration, 0.001
breastCancerVDX.csv,model k - nearest with 100 features, train duration, 0.001
breastCancerVDX.csv,model k - nearest with 100 features, test duration, 0.001
breastCancerVDX.csv,model RandomForest with 100 features, train duration, 0.149
breastCancerVDX.csv,model RandomForest with 100 features, test duration, 0.008
breastCancerVDX.csv,model LogisticsRegression with 100 features, train duration, 0.016
breastCancerVDX.csv,model LogisticsRegression with 100 features, test duration, 0.001
breastCancerVDX.csv,model NB with 100 features, train duration, 0.002
breastCancerVDX.csv,model NB with 100 features, test duration, 0.002
breastCancerVDX.csv,mrmr,selection runtime, 9.989
breastCancerVDX.csv,model SVM with 1 features, train duration, 0.009
breastCancerVDX.csv,model SVM with 1 features, test duration, 0.001
breastCancerVDX.csv,model k - nearest with 1 features, train duration, 0.001
breastCancerVDX.csv,model k - nearest with 1 features, test duration, 0.001
breastCancerVDX.csv,model RandomForest with 1 features, train duration, 0.090
breastCancerVDX.csv,model RandomForest with 1 features, test duration, 0.008
breastCancerVDX.csv,model LogisticsRegression with 1 features, train duration, 0.003
breastCancerVDX.csv,model LogisticsRegression with 1 features, test duration, 0.001
breastCancerVDX.csv,model NB with 1 features, train duration, 0.001
breastCancerVDX.csv,model NB with 1 features, test duration, 0.001
breastCancerVDX.csv,model SVM with 2 features, train duration, 0.007
breastCancerVDX.csv,model SVM with 2 features, test duration, 0.001
breastCancerVDX.csv,model k - nearest with 2 features, train duration, 0.001
breastCancerVDX.csv,model k - nearest with 2 features, test duration, 0.001
breastCancerVDX.csv,model RandomForest with 2 features, train duration, 0.095
breastCancerVDX.csv,model RandomForest with 2 features, test duration, 0.010
breastCancerVDX.csv,model LogisticsRegression with 2 features, train duration, 0.004
breastCancerVDX.csv,model LogisticsRegression with 2 features, test duration, 0.001
breastCancerVDX.csv,model NB with 2 features, train duration, 0.001
breastCancerVDX.csv,model NB with 2 features, test duration, 0.001
breastCancerVDX.csv,model SVM with 3 features, train duration, 0.006
breastCancerVDX.csv,model SVM with 3 features, test duration, 0.001
breastCancerVDX.csv,model k - nearest with 3 features, train duration, 0.001
breastCancerVDX.csv,model k - nearest with 3 features, test duration, 0.001
breastCancerVDX.csv,model RandomForest with 3 features, train duration, 0.095
breastCancerVDX.csv,model RandomForest with 3 features, test duration, 0.008
breastCancerVDX.csv,model LogisticsRegression with 3 features, train duration, 0.004
breastCancerVDX.csv,model LogisticsRegression with 3 features, test duration, 0.001
breastCancerVDX.csv,model NB with 3 features, train duration, 0.001
breastCancerVDX.csv,model NB with 3 features, test duration, 0.001
breastCancerVDX.csv,model SVM with 4 features, train duration, 0.006
breastCancerVDX.csv,model SVM with 4 features, test duration, 0.001
breastCancerVDX.csv,model k - nearest with 4 features, train duration, 0.001
breastCancerVDX.csv,model k - nearest with 4 features, test duration, 0.001
breastCancerVDX.csv,model RandomForest with 4 features, train duration, 0.102
breastCancerVDX.csv,model RandomForest with 4 features, test duration, 0.015
breastCancerVDX.csv,model LogisticsRegression with 4 features, train duration, 0.010
breastCancerVDX.csv,model LogisticsRegression with 4 features, test duration, 0.001
breastCancerVDX.csv,model NB with 4 features, train duration, 0.001
breastCancerVDX.csv,model NB with 4 features, test duration, 0.001
breastCancerVDX.csv,model SVM with 5 features, train duration, 0.008
breastCancerVDX.csv,model SVM with 5 features, test duration, 0.001
breastCancerVDX.csv,model k - nearest with 5 features, train duration, 0.001
breastCancerVDX.csv,model k - nearest with 5 features, test duration, 0.001
breastCancerVDX.csv,model RandomForest with 5 features, train duration, 0.102
breastCancerVDX.csv,model RandomForest with 5 features, test duration, 0.008
breastCancerVDX.csv,model LogisticsRegression with 5 features, train duration, 0.010
breastCancerVDX.csv,model LogisticsRegression with 5 features, test duration, 0.001
breastCancerVDX.csv,model NB with 5 features, train duration, 0.001
breastCancerVDX.csv,model NB with 5 features, test duration, 0.001
breastCancerVDX.csv,model SVM with 10 features, train duration, 0.008
breastCancerVDX.csv,model SVM with 10 features, test duration, 0.001
breastCancerVDX.csv,model k - nearest with 10 features, train duration, 0.001
breastCancerVDX.csv,model k - nearest with 10 features, test duration, 0.001
breastCancerVDX.csv,model RandomForest with 10 features, train duration, 0.111
breastCancerVDX.csv,model RandomForest with 10 features, test duration, 0.008
breastCancerVDX.csv,model LogisticsRegression with 10 features, train duration, 0.011
breastCancerVDX.csv,model LogisticsRegression with 10 features, test duration, 0.001
breastCancerVDX.csv,model NB with 10 features, train duration, 0.001
breastCancerVDX.csv,model NB with 10 features, test duration, 0.001
breastCancerVDX.csv,model SVM with 15 features, train duration, 0.009
breastCancerVDX.csv,model SVM with 15 features, test duration, 0.001
breastCancerVDX.csv,model k - nearest with 15 features, train duration, 0.001
breastCancerVDX.csv,model k - nearest with 15 features, test duration, 0.001
breastCancerVDX.csv,model RandomForest with 15 features, train duration, 0.108
breastCancerVDX.csv,model RandomForest with 15 features, test duration, 0.008
breastCancerVDX.csv,model LogisticsRegression with 15 features, train duration, 0.012
breastCancerVDX.csv,model LogisticsRegression with 15 features, test duration, 0.001
breastCancerVDX.csv,model NB with 15 features, train duration, 0.001
breastCancerVDX.csv,model NB with 15 features, test duration, 0.001
breastCancerVDX.csv,model SVM with 20 features, train duration, 0.010
breastCancerVDX.csv,model SVM with 20 features, test duration, 0.001
breastCancerVDX.csv,model k - nearest with 20 features, train duration, 0.001
breastCancerVDX.csv,model k - nearest with 20 features, test duration, 0.001
breastCancerVDX.csv,model RandomForest with 20 features, train duration, 0.126
breastCancerVDX.csv,model RandomForest with 20 features, test duration, 0.009
breastCancerVDX.csv,model LogisticsRegression with 20 features, train duration, 0.012
breastCancerVDX.csv,model LogisticsRegression with 20 features, test duration, 0.001
breastCancerVDX.csv,model NB with 20 features, train duration, 0.001
breastCancerVDX.csv,model NB with 20 features, test duration, 0.001
breastCancerVDX.csv,model SVM with 25 features, train duration, 0.010
breastCancerVDX.csv,model SVM with 25 features, test duration, 0.001
breastCancerVDX.csv,model k - nearest with 25 features, train duration, 0.001
breastCancerVDX.csv,model k - nearest with 25 features, test duration, 0.001
breastCancerVDX.csv,model RandomForest with 25 features, train duration, 0.123
breastCancerVDX.csv,model RandomForest with 25 features, test duration, 0.008
breastCancerVDX.csv,model LogisticsRegression with 25 features, train duration, 0.013
breastCancerVDX.csv,model LogisticsRegression with 25 features, test duration, 0.001
breastCancerVDX.csv,model NB with 25 features, train duration, 0.001
breastCancerVDX.csv,model NB with 25 features, test duration, 0.001
breastCancerVDX.csv,model SVM with 30 features, train duration, 0.011
breastCancerVDX.csv,model SVM with 30 features, test duration, 0.001
breastCancerVDX.csv,model k - nearest with 30 features, train duration, 0.001
breastCancerVDX.csv,model k - nearest with 30 features, test duration, 0.001
breastCancerVDX.csv,model RandomForest with 30 features, train duration, 0.119
breastCancerVDX.csv,model RandomForest with 30 features, test duration, 0.008
breastCancerVDX.csv,model LogisticsRegression with 30 features, train duration, 0.015
breastCancerVDX.csv,model LogisticsRegression with 30 features, test duration, 0.001
breastCancerVDX.csv,model NB with 30 features, train duration, 0.001
breastCancerVDX.csv,model NB with 30 features, test duration, 0.001
breastCancerVDX.csv,model SVM with 50 features, train duration, 0.020
breastCancerVDX.csv,model SVM with 50 features, test duration, 0.002
breastCancerVDX.csv,model k - nearest with 50 features, train duration, 0.001
breastCancerVDX.csv,model k - nearest with 50 features, test duration, 0.001
breastCancerVDX.csv,model RandomForest with 50 features, train duration, 0.150
breastCancerVDX.csv,model RandomForest with 50 features, test duration, 0.010
breastCancerVDX.csv,model LogisticsRegression with 50 features, train duration, 0.015
breastCancerVDX.csv,model LogisticsRegression with 50 features, test duration, 0.001
breastCancerVDX.csv,model NB with 50 features, train duration, 0.001
breastCancerVDX.csv,model NB with 50 features, test duration, 0.001
breastCancerVDX.csv,model SVM with 100 features, train duration, 0.034
breastCancerVDX.csv,model SVM with 100 features, test duration, 0.001
breastCancerVDX.csv,model k - nearest with 100 features, train duration, 0.002
breastCancerVDX.csv,model k - nearest with 100 features, test duration, 0.001
breastCancerVDX.csv,model RandomForest with 100 features, train duration, 0.184
breastCancerVDX.csv,model RandomForest with 100 features, test duration, 0.009
breastCancerVDX.csv,model LogisticsRegression with 100 features, train duration, 0.016
breastCancerVDX.csv,model LogisticsRegression with 100 features, test duration, 0.001
breastCancerVDX.csv,model NB with 100 features, train duration, 0.002
breastCancerVDX.csv,model NB with 100 features, test duration, 0.001
breastCancerVDX.csv,MMCC,selection runtime, 95.588
breastCancerVDX.csv,model SVM with 1 features, train duration, 0.007
breastCancerVDX.csv,model SVM with 1 features, test duration, 0.001
breastCancerVDX.csv,model k - nearest with 1 features, train duration, 0.001
breastCancerVDX.csv,model k - nearest with 1 features, test duration, 0.001
breastCancerVDX.csv,model RandomForest with 1 features, train duration, 0.096
breastCancerVDX.csv,model RandomForest with 1 features, test duration, 0.008
breastCancerVDX.csv,model LogisticsRegression with 1 features, train duration, 0.003
breastCancerVDX.csv,model LogisticsRegression with 1 features, test duration, 0.001
breastCancerVDX.csv,model NB with 1 features, train duration, 0.001
breastCancerVDX.csv,model NB with 1 features, test duration, 0.001
breastCancerVDX.csv,model SVM with 2 features, train duration, 0.007
breastCancerVDX.csv,model SVM with 2 features, test duration, 0.001
breastCancerVDX.csv,model k - nearest with 2 features, train duration, 0.001
breastCancerVDX.csv,model k - nearest with 2 features, test duration, 0.001
breastCancerVDX.csv,model RandomForest with 2 features, train duration, 0.094
breastCancerVDX.csv,model RandomForest with 2 features, test duration, 0.008
breastCancerVDX.csv,model LogisticsRegression with 2 features, train duration, 0.004
breastCancerVDX.csv,model LogisticsRegression with 2 features, test duration, 0.001
breastCancerVDX.csv,model NB with 2 features, train duration, 0.001
breastCancerVDX.csv,model NB with 2 features, test duration, 0.001
breastCancerVDX.csv,model SVM with 3 features, train duration, 0.010
breastCancerVDX.csv,model SVM with 3 features, test duration, 0.001
breastCancerVDX.csv,model k - nearest with 3 features, train duration, 0.001
breastCancerVDX.csv,model k - nearest with 3 features, test duration, 0.001
breastCancerVDX.csv,model RandomForest with 3 features, train duration, 0.092
breastCancerVDX.csv,model RandomForest with 3 features, test duration, 0.008
breastCancerVDX.csv,model LogisticsRegression with 3 features, train duration, 0.005
breastCancerVDX.csv,model LogisticsRegression with 3 features, test duration, 0.001
breastCancerVDX.csv,model NB with 3 features, train duration, 0.001
breastCancerVDX.csv,model NB with 3 features, test duration, 0.001
breastCancerVDX.csv,model SVM with 4 features, train duration, 0.009
breastCancerVDX.csv,model SVM with 4 features, test duration, 0.001
breastCancerVDX.csv,model k - nearest with 4 features, train duration, 0.001
breastCancerVDX.csv,model k - nearest with 4 features, test duration, 0.001
breastCancerVDX.csv,model RandomForest with 4 features, train duration, 0.100
breastCancerVDX.csv,model RandomForest with 4 features, test duration, 0.012
breastCancerVDX.csv,model LogisticsRegression with 4 features, train duration, 0.006
breastCancerVDX.csv,model LogisticsRegression with 4 features, test duration, 0.001
breastCancerVDX.csv,model NB with 4 features, train duration, 0.001
breastCancerVDX.csv,model NB with 4 features, test duration, 0.001
breastCancerVDX.csv,model SVM with 5 features, train duration, 0.007
breastCancerVDX.csv,model SVM with 5 features, test duration, 0.001
breastCancerVDX.csv,model k - nearest with 5 features, train duration, 0.001
breastCancerVDX.csv,model k - nearest with 5 features, test duration, 0.001
breastCancerVDX.csv,model RandomForest with 5 features, train duration, 0.117
breastCancerVDX.csv,model RandomForest with 5 features, test duration, 0.010
breastCancerVDX.csv,model LogisticsRegression with 5 features, train duration, 0.009
breastCancerVDX.csv,model LogisticsRegression with 5 features, test duration, 0.001
breastCancerVDX.csv,model NB with 5 features, train duration, 0.001
breastCancerVDX.csv,model NB with 5 features, test duration, 0.001
breastCancerVDX.csv,model SVM with 10 features, train duration, 0.011
breastCancerVDX.csv,model SVM with 10 features, test duration, 0.001
breastCancerVDX.csv,model k - nearest with 10 features, train duration, 0.001
breastCancerVDX.csv,model k - nearest with 10 features, test duration, 0.001
breastCancerVDX.csv,model RandomForest with 10 features, train duration, 0.106
breastCancerVDX.csv,model RandomForest with 10 features, test duration, 0.008
breastCancerVDX.csv,model LogisticsRegression with 10 features, train duration, 0.011
breastCancerVDX.csv,model LogisticsRegression with 10 features, test duration, 0.001
breastCancerVDX.csv,model NB with 10 features, train duration, 0.001
breastCancerVDX.csv,model NB with 10 features, test duration, 0.001
breastCancerVDX.csv,model SVM with 15 features, train duration, 0.010
breastCancerVDX.csv,model SVM with 15 features, test duration, 0.001
breastCancerVDX.csv,model k - nearest with 15 features, train duration, 0.001
breastCancerVDX.csv,model k - nearest with 15 features, test duration, 0.001
breastCancerVDX.csv,model RandomForest with 15 features, train duration, 0.108
breastCancerVDX.csv,model RandomForest with 15 features, test duration, 0.008
breastCancerVDX.csv,model LogisticsRegression with 15 features, train duration, 0.012
breastCancerVDX.csv,model LogisticsRegression with 15 features, test duration, 0.001
breastCancerVDX.csv,model NB with 15 features, train duration, 0.001
breastCancerVDX.csv,model NB with 15 features, test duration, 0.001
breastCancerVDX.csv,model SVM with 20 features, train duration, 0.012
breastCancerVDX.csv,model SVM with 20 features, test duration, 0.001
breastCancerVDX.csv,model k - nearest with 20 features, train duration, 0.001
breastCancerVDX.csv,model k - nearest with 20 features, test duration, 0.001
breastCancerVDX.csv,model RandomForest with 20 features, train duration, 0.114
breastCancerVDX.csv,model RandomForest with 20 features, test duration, 0.008
breastCancerVDX.csv,model LogisticsRegression with 20 features, train duration, 0.012
breastCancerVDX.csv,model LogisticsRegression with 20 features, test duration, 0.001
breastCancerVDX.csv,model NB with 20 features, train duration, 0.001
breastCancerVDX.csv,model NB with 20 features, test duration, 0.001
breastCancerVDX.csv,model SVM with 25 features, train duration, 0.014
breastCancerVDX.csv,model SVM with 25 features, test duration, 0.001
breastCancerVDX.csv,model k - nearest with 25 features, train duration, 0.001
breastCancerVDX.csv,model k - nearest with 25 features, test duration, 0.001
breastCancerVDX.csv,model RandomForest with 25 features, train duration, 0.135
breastCancerVDX.csv,model RandomForest with 25 features, test duration, 0.009
breastCancerVDX.csv,model LogisticsRegression with 25 features, train duration, 0.014
breastCancerVDX.csv,model LogisticsRegression with 25 features, test duration, 0.001
breastCancerVDX.csv,model NB with 25 features, train duration, 0.001
breastCancerVDX.csv,model NB with 25 features, test duration, 0.001
breastCancerVDX.csv,model SVM with 30 features, train duration, 0.017
breastCancerVDX.csv,model SVM with 30 features, test duration, 0.001
breastCancerVDX.csv,model k - nearest with 30 features, train duration, 0.001
breastCancerVDX.csv,model k - nearest with 30 features, test duration, 0.001
breastCancerVDX.csv,model RandomForest with 30 features, train duration, 0.121
breastCancerVDX.csv,model RandomForest with 30 features, test duration, 0.008
breastCancerVDX.csv,model LogisticsRegression with 30 features, train duration, 0.015
breastCancerVDX.csv,model LogisticsRegression with 30 features, test duration, 0.001
breastCancerVDX.csv,model NB with 30 features, train duration, 0.001
breastCancerVDX.csv,model NB with 30 features, test duration, 0.001
breastCancerVDX.csv,model SVM with 50 features, train duration, 0.023
breastCancerVDX.csv,model SVM with 50 features, test duration, 0.001
breastCancerVDX.csv,model k - nearest with 50 features, train duration, 0.001
breastCancerVDX.csv,model k - nearest with 50 features, test duration, 0.001
breastCancerVDX.csv,model RandomForest with 50 features, train duration, 0.153
breastCancerVDX.csv,model RandomForest with 50 features, test duration, 0.010
breastCancerVDX.csv,model LogisticsRegression with 50 features, train duration, 0.015
breastCancerVDX.csv,model LogisticsRegression with 50 features, test duration, 0.001
breastCancerVDX.csv,model NB with 50 features, train duration, 0.001
breastCancerVDX.csv,model NB with 50 features, test duration, 0.001
breastCancerVDX.csv,model SVM with 100 features, train duration, 0.036
breastCancerVDX.csv,model SVM with 100 features, test duration, 0.001
breastCancerVDX.csv,model k - nearest with 100 features, train duration, 0.001
breastCancerVDX.csv,model k - nearest with 100 features, test duration, 0.001
breastCancerVDX.csv,model RandomForest with 100 features, train duration, 0.152
breastCancerVDX.csv,model RandomForest with 100 features, test duration, 0.008
breastCancerVDX.csv,model LogisticsRegression with 100 features, train duration, 0.015
breastCancerVDX.csv,model LogisticsRegression with 100 features, test duration, 0.001
breastCancerVDX.csv,model NB with 100 features, train duration, 0.002
breastCancerVDX.csv,model NB with 100 features, test duration, 0.001
