lung.mat,reliefF,selection runtime, 0.137
lung.mat,model SVM with 1 features, train duration, 0.003
lung.mat,model SVM with 1 features, test duration, 0.001
lung.mat,model k - nearest with 1 features, train duration, 0.001
lung.mat,model k - nearest with 1 features, test duration, 0.001
lung.mat,model RandomForest with 1 features, train duration, 0.081
lung.mat,model RandomForest with 1 features, test duration, 0.007
lung.mat,model LogisticsRegression with 1 features, train duration, 0.004
lung.mat,model LogisticsRegression with 1 features, test duration, 0.001
lung.mat,model NB with 1 features, train duration, 0.001
lung.mat,model NB with 1 features, test duration, 0.001
lung.mat,model SVM with 2 features, train duration, 0.004
lung.mat,model SVM with 2 features, test duration, 0.001
lung.mat,model k - nearest with 2 features, train duration, 0.001
lung.mat,model k - nearest with 2 features, test duration, 0.001
lung.mat,model RandomForest with 2 features, train duration, 0.099
lung.mat,model RandomForest with 2 features, test duration, 0.012
lung.mat,model LogisticsRegression with 2 features, train duration, 0.009
lung.mat,model LogisticsRegression with 2 features, test duration, 0.001
lung.mat,model NB with 2 features, train duration, 0.001
lung.mat,model NB with 2 features, test duration, 0.001
lung.mat,model SVM with 3 features, train duration, 0.005
lung.mat,model SVM with 3 features, test duration, 0.001
lung.mat,model k - nearest with 3 features, train duration, 0.001
lung.mat,model k - nearest with 3 features, test duration, 0.001
lung.mat,model RandomForest with 3 features, train duration, 0.099
lung.mat,model RandomForest with 3 features, test duration, 0.010
lung.mat,model LogisticsRegression with 3 features, train duration, 0.010
lung.mat,model LogisticsRegression with 3 features, test duration, 0.001
lung.mat,model NB with 3 features, train duration, 0.001
lung.mat,model NB with 3 features, test duration, 0.001
lung.mat,model SVM with 4 features, train duration, 0.006
lung.mat,model SVM with 4 features, test duration, 0.001
lung.mat,model k - nearest with 4 features, train duration, 0.001
lung.mat,model k - nearest with 4 features, test duration, 0.001
lung.mat,model RandomForest with 4 features, train duration, 0.096
lung.mat,model RandomForest with 4 features, test duration, 0.009
lung.mat,model LogisticsRegression with 4 features, train duration, 0.011
lung.mat,model LogisticsRegression with 4 features, test duration, 0.001
lung.mat,model NB with 4 features, train duration, 0.001
lung.mat,model NB with 4 features, test duration, 0.001
lung.mat,model SVM with 5 features, train duration, 0.008
lung.mat,model SVM with 5 features, test duration, 0.001
lung.mat,model k - nearest with 5 features, train duration, 0.001
lung.mat,model k - nearest with 5 features, test duration, 0.001
lung.mat,model RandomForest with 5 features, train duration, 0.098
lung.mat,model RandomForest with 5 features, test duration, 0.009
lung.mat,model LogisticsRegression with 5 features, train duration, 0.012
lung.mat,model LogisticsRegression with 5 features, test duration, 0.001
lung.mat,model NB with 5 features, train duration, 0.001
lung.mat,model NB with 5 features, test duration, 0.001
lung.mat,model SVM with 10 features, train duration, 0.012
lung.mat,model SVM with 10 features, test duration, 0.001
lung.mat,model k - nearest with 10 features, train duration, 0.001
lung.mat,model k - nearest with 10 features, test duration, 0.001
lung.mat,model RandomForest with 10 features, train duration, 0.106
lung.mat,model RandomForest with 10 features, test duration, 0.013
lung.mat,model LogisticsRegression with 10 features, train duration, 0.014
lung.mat,model LogisticsRegression with 10 features, test duration, 0.001
lung.mat,model NB with 10 features, train duration, 0.001
lung.mat,model NB with 10 features, test duration, 0.001
lung.mat,model SVM with 15 features, train duration, 0.012
lung.mat,model SVM with 15 features, test duration, 0.001
lung.mat,model k - nearest with 15 features, train duration, 0.001
lung.mat,model k - nearest with 15 features, test duration, 0.001
lung.mat,model RandomForest with 15 features, train duration, 0.091
lung.mat,model RandomForest with 15 features, test duration, 0.008
lung.mat,model LogisticsRegression with 15 features, train duration, 0.018
lung.mat,model LogisticsRegression with 15 features, test duration, 0.001
lung.mat,model NB with 15 features, train duration, 0.001
lung.mat,model NB with 15 features, test duration, 0.001
lung.mat,model SVM with 20 features, train duration, 0.018
lung.mat,model SVM with 20 features, test duration, 0.001
lung.mat,model k - nearest with 20 features, train duration, 0.001
lung.mat,model k - nearest with 20 features, test duration, 0.001
lung.mat,model RandomForest with 20 features, train duration, 0.090
lung.mat,model RandomForest with 20 features, test duration, 0.008
lung.mat,model LogisticsRegression with 20 features, train duration, 0.014
lung.mat,model LogisticsRegression with 20 features, test duration, 0.001
lung.mat,model NB with 20 features, train duration, 0.001
lung.mat,model NB with 20 features, test duration, 0.001
lung.mat,model SVM with 25 features, train duration, 0.015
lung.mat,model SVM with 25 features, test duration, 0.001
lung.mat,model k - nearest with 25 features, train duration, 0.001
lung.mat,model k - nearest with 25 features, test duration, 0.001
lung.mat,model RandomForest with 25 features, train duration, 0.090
lung.mat,model RandomForest with 25 features, test duration, 0.008
lung.mat,model LogisticsRegression with 25 features, train duration, 0.014
lung.mat,model LogisticsRegression with 25 features, test duration, 0.001
lung.mat,model NB with 25 features, train duration, 0.001
lung.mat,model NB with 25 features, test duration, 0.001
lung.mat,model SVM with 30 features, train duration, 0.015
lung.mat,model SVM with 30 features, test duration, 0.001
lung.mat,model k - nearest with 30 features, train duration, 0.001
lung.mat,model k - nearest with 30 features, test duration, 0.001
lung.mat,model RandomForest with 30 features, train duration, 0.115
lung.mat,model RandomForest with 30 features, test duration, 0.009
lung.mat,model LogisticsRegression with 30 features, train duration, 0.015
lung.mat,model LogisticsRegression with 30 features, test duration, 0.001
lung.mat,model NB with 30 features, train duration, 0.001
lung.mat,model NB with 30 features, test duration, 0.001
lung.mat,model SVM with 50 features, train duration, 0.024
lung.mat,model SVM with 50 features, test duration, 0.001
lung.mat,model k - nearest with 50 features, train duration, 0.001
lung.mat,model k - nearest with 50 features, test duration, 0.001
lung.mat,model RandomForest with 50 features, train duration, 0.096
lung.mat,model RandomForest with 50 features, test duration, 0.008
lung.mat,model LogisticsRegression with 50 features, train duration, 0.016
lung.mat,model LogisticsRegression with 50 features, test duration, 0.001
lung.mat,model NB with 50 features, train duration, 0.001
lung.mat,model NB with 50 features, test duration, 0.001
lung.mat,model SVM with 100 features, train duration, 0.032
lung.mat,model SVM with 100 features, test duration, 0.001
lung.mat,model k - nearest with 100 features, train duration, 0.001
lung.mat,model k - nearest with 100 features, test duration, 0.001
lung.mat,model RandomForest with 100 features, train duration, 0.123
lung.mat,model RandomForest with 100 features, test duration, 0.010
lung.mat,model LogisticsRegression with 100 features, train duration, 0.024
lung.mat,model LogisticsRegression with 100 features, test duration, 0.001
lung.mat,model NB with 100 features, train duration, 0.002
lung.mat,model NB with 100 features, test duration, 0.001
lung.mat,rfe,selection runtime, 5.303
lung.mat,model SVM with 1 features, train duration, 0.005
lung.mat,model SVM with 1 features, test duration, 0.001
lung.mat,model k - nearest with 1 features, train duration, 0.001
lung.mat,model k - nearest with 1 features, test duration, 0.001
lung.mat,model RandomForest with 1 features, train duration, 0.104
lung.mat,model RandomForest with 1 features, test duration, 0.009
lung.mat,model LogisticsRegression with 1 features, train duration, 0.009
lung.mat,model LogisticsRegression with 1 features, test duration, 0.001
lung.mat,model NB with 1 features, train duration, 0.001
lung.mat,model NB with 1 features, test duration, 0.001
lung.mat,model SVM with 2 features, train duration, 0.007
lung.mat,model SVM with 2 features, test duration, 0.001
lung.mat,model k - nearest with 2 features, train duration, 0.001
lung.mat,model k - nearest with 2 features, test duration, 0.001
lung.mat,model RandomForest with 2 features, train duration, 0.102
lung.mat,model RandomForest with 2 features, test duration, 0.009
lung.mat,model LogisticsRegression with 2 features, train duration, 0.016
lung.mat,model LogisticsRegression with 2 features, test duration, 0.001
lung.mat,model NB with 2 features, train duration, 0.001
lung.mat,model NB with 2 features, test duration, 0.001
lung.mat,model SVM with 3 features, train duration, 0.012
lung.mat,model SVM with 3 features, test duration, 0.001
lung.mat,model k - nearest with 3 features, train duration, 0.001
lung.mat,model k - nearest with 3 features, test duration, 0.001
lung.mat,model RandomForest with 3 features, train duration, 0.101
lung.mat,model RandomForest with 3 features, test duration, 0.009
lung.mat,model LogisticsRegression with 3 features, train duration, 0.016
lung.mat,model LogisticsRegression with 3 features, test duration, 0.001
lung.mat,model NB with 3 features, train duration, 0.001
lung.mat,model NB with 3 features, test duration, 0.001
lung.mat,model SVM with 4 features, train duration, 0.018
lung.mat,model SVM with 4 features, test duration, 0.001
lung.mat,model k - nearest with 4 features, train duration, 0.001
lung.mat,model k - nearest with 4 features, test duration, 0.001
lung.mat,model RandomForest with 4 features, train duration, 0.107
lung.mat,model RandomForest with 4 features, test duration, 0.009
lung.mat,model LogisticsRegression with 4 features, train duration, 0.016
lung.mat,model LogisticsRegression with 4 features, test duration, 0.001
lung.mat,model NB with 4 features, train duration, 0.001
lung.mat,model NB with 4 features, test duration, 0.001
lung.mat,model SVM with 5 features, train duration, 0.017
lung.mat,model SVM with 5 features, test duration, 0.001
lung.mat,model k - nearest with 5 features, train duration, 0.001
lung.mat,model k - nearest with 5 features, test duration, 0.001
lung.mat,model RandomForest with 5 features, train duration, 0.106
lung.mat,model RandomForest with 5 features, test duration, 0.009
lung.mat,model LogisticsRegression with 5 features, train duration, 0.016
lung.mat,model LogisticsRegression with 5 features, test duration, 0.001
lung.mat,model NB with 5 features, train duration, 0.001
lung.mat,model NB with 5 features, test duration, 0.001
lung.mat,model SVM with 10 features, train duration, 0.014
lung.mat,model SVM with 10 features, test duration, 0.001
lung.mat,model k - nearest with 10 features, train duration, 0.001
lung.mat,model k - nearest with 10 features, test duration, 0.001
lung.mat,model RandomForest with 10 features, train duration, 0.114
lung.mat,model RandomForest with 10 features, test duration, 0.009
lung.mat,model LogisticsRegression with 10 features, train duration, 0.016
lung.mat,model LogisticsRegression with 10 features, test duration, 0.001
lung.mat,model NB with 10 features, train duration, 0.001
lung.mat,model NB with 10 features, test duration, 0.001
lung.mat,model SVM with 15 features, train duration, 0.014
lung.mat,model SVM with 15 features, test duration, 0.001
lung.mat,model k - nearest with 15 features, train duration, 0.001
lung.mat,model k - nearest with 15 features, test duration, 0.001
lung.mat,model RandomForest with 15 features, train duration, 0.113
lung.mat,model RandomForest with 15 features, test duration, 0.009
lung.mat,model LogisticsRegression with 15 features, train duration, 0.016
lung.mat,model LogisticsRegression with 15 features, test duration, 0.001
lung.mat,model NB with 15 features, train duration, 0.001
lung.mat,model NB with 15 features, test duration, 0.001
lung.mat,model SVM with 20 features, train duration, 0.016
lung.mat,model SVM with 20 features, test duration, 0.001
lung.mat,model k - nearest with 20 features, train duration, 0.001
lung.mat,model k - nearest with 20 features, test duration, 0.001
lung.mat,model RandomForest with 20 features, train duration, 0.113
lung.mat,model RandomForest with 20 features, test duration, 0.009
lung.mat,model LogisticsRegression with 20 features, train duration, 0.020
lung.mat,model LogisticsRegression with 20 features, test duration, 0.001
lung.mat,model NB with 20 features, train duration, 0.001
lung.mat,model NB with 20 features, test duration, 0.001
lung.mat,model SVM with 25 features, train duration, 0.019
lung.mat,model SVM with 25 features, test duration, 0.001
lung.mat,model k - nearest with 25 features, train duration, 0.001
lung.mat,model k - nearest with 25 features, test duration, 0.001
lung.mat,model RandomForest with 25 features, train duration, 0.119
lung.mat,model RandomForest with 25 features, test duration, 0.009
lung.mat,model LogisticsRegression with 25 features, train duration, 0.017
lung.mat,model LogisticsRegression with 25 features, test duration, 0.001
lung.mat,model NB with 25 features, train duration, 0.001
lung.mat,model NB with 25 features, test duration, 0.001
lung.mat,model SVM with 30 features, train duration, 0.019
lung.mat,model SVM with 30 features, test duration, 0.001
lung.mat,model k - nearest with 30 features, train duration, 0.001
lung.mat,model k - nearest with 30 features, test duration, 0.001
lung.mat,model RandomForest with 30 features, train duration, 0.118
lung.mat,model RandomForest with 30 features, test duration, 0.009
lung.mat,model LogisticsRegression with 30 features, train duration, 0.019
lung.mat,model LogisticsRegression with 30 features, test duration, 0.001
lung.mat,model NB with 30 features, train duration, 0.001
lung.mat,model NB with 30 features, test duration, 0.001
lung.mat,model SVM with 50 features, train duration, 0.024
lung.mat,model SVM with 50 features, test duration, 0.001
lung.mat,model k - nearest with 50 features, train duration, 0.001
lung.mat,model k - nearest with 50 features, test duration, 0.001
lung.mat,model RandomForest with 50 features, train duration, 0.125
lung.mat,model RandomForest with 50 features, test duration, 0.009
lung.mat,model LogisticsRegression with 50 features, train duration, 0.020
lung.mat,model LogisticsRegression with 50 features, test duration, 0.001
lung.mat,model NB with 50 features, train duration, 0.002
lung.mat,model NB with 50 features, test duration, 0.001
lung.mat,model SVM with 100 features, train duration, 0.036
lung.mat,model SVM with 100 features, test duration, 0.001
lung.mat,model k - nearest with 100 features, train duration, 0.001
lung.mat,model k - nearest with 100 features, test duration, 0.001
lung.mat,model RandomForest with 100 features, train duration, 0.138
lung.mat,model RandomForest with 100 features, test duration, 0.010
lung.mat,model LogisticsRegression with 100 features, train duration, 0.023
lung.mat,model LogisticsRegression with 100 features, test duration, 0.001
lung.mat,model NB with 100 features, train duration, 0.002
lung.mat,model NB with 100 features, test duration, 0.001
lung.mat,Fdr_f_classif,selection runtime, 0.008
lung.mat,model SVM with 1 features, train duration, 0.010
lung.mat,model SVM with 1 features, test duration, 0.001
lung.mat,model k - nearest with 1 features, train duration, 0.001
lung.mat,model k - nearest with 1 features, test duration, 0.001
lung.mat,model RandomForest with 1 features, train duration, 0.103
lung.mat,model RandomForest with 1 features, test duration, 0.009
lung.mat,model LogisticsRegression with 1 features, train duration, 0.010
lung.mat,model LogisticsRegression with 1 features, test duration, 0.001
lung.mat,model NB with 1 features, train duration, 0.001
lung.mat,model NB with 1 features, test duration, 0.001
lung.mat,model SVM with 2 features, train duration, 0.021
lung.mat,model SVM with 2 features, test duration, 0.001
lung.mat,model k - nearest with 2 features, train duration, 0.001
lung.mat,model k - nearest with 2 features, test duration, 0.001
lung.mat,model RandomForest with 2 features, train duration, 0.104
lung.mat,model RandomForest with 2 features, test duration, 0.009
lung.mat,model LogisticsRegression with 2 features, train duration, 0.015
lung.mat,model LogisticsRegression with 2 features, test duration, 0.001
lung.mat,model NB with 2 features, train duration, 0.001
lung.mat,model NB with 2 features, test duration, 0.001
lung.mat,model SVM with 3 features, train duration, 0.021
lung.mat,model SVM with 3 features, test duration, 0.001
lung.mat,model k - nearest with 3 features, train duration, 0.001
lung.mat,model k - nearest with 3 features, test duration, 0.001
lung.mat,model RandomForest with 3 features, train duration, 0.102
lung.mat,model RandomForest with 3 features, test duration, 0.009
lung.mat,model LogisticsRegression with 3 features, train duration, 0.015
lung.mat,model LogisticsRegression with 3 features, test duration, 0.001
lung.mat,model NB with 3 features, train duration, 0.001
lung.mat,model NB with 3 features, test duration, 0.001
lung.mat,model SVM with 4 features, train duration, 0.021
lung.mat,model SVM with 4 features, test duration, 0.001
lung.mat,model k - nearest with 4 features, train duration, 0.001
lung.mat,model k - nearest with 4 features, test duration, 0.001
lung.mat,model RandomForest with 4 features, train duration, 0.109
lung.mat,model RandomForest with 4 features, test duration, 0.009
lung.mat,model LogisticsRegression with 4 features, train duration, 0.015
lung.mat,model LogisticsRegression with 4 features, test duration, 0.001
lung.mat,model NB with 4 features, train duration, 0.001
lung.mat,model NB with 4 features, test duration, 0.001
lung.mat,model SVM with 5 features, train duration, 0.020
lung.mat,model SVM with 5 features, test duration, 0.001
lung.mat,model k - nearest with 5 features, train duration, 0.001
lung.mat,model k - nearest with 5 features, test duration, 0.001
lung.mat,model RandomForest with 5 features, train duration, 0.112
lung.mat,model RandomForest with 5 features, test duration, 0.009
lung.mat,model LogisticsRegression with 5 features, train duration, 0.016
lung.mat,model LogisticsRegression with 5 features, test duration, 0.001
lung.mat,model NB with 5 features, train duration, 0.001
lung.mat,model NB with 5 features, test duration, 0.001
lung.mat,model SVM with 10 features, train duration, 0.017
lung.mat,model SVM with 10 features, test duration, 0.001
lung.mat,model k - nearest with 10 features, train duration, 0.001
lung.mat,model k - nearest with 10 features, test duration, 0.002
lung.mat,model RandomForest with 10 features, train duration, 0.114
lung.mat,model RandomForest with 10 features, test duration, 0.009
lung.mat,model LogisticsRegression with 10 features, train duration, 0.016
lung.mat,model LogisticsRegression with 10 features, test duration, 0.001
lung.mat,model NB with 10 features, train duration, 0.001
lung.mat,model NB with 10 features, test duration, 0.001
lung.mat,model SVM with 15 features, train duration, 0.015
lung.mat,model SVM with 15 features, test duration, 0.001
lung.mat,model k - nearest with 15 features, train duration, 0.001
lung.mat,model k - nearest with 15 features, test duration, 0.001
lung.mat,model RandomForest with 15 features, train duration, 0.112
lung.mat,model RandomForest with 15 features, test duration, 0.009
lung.mat,model LogisticsRegression with 15 features, train duration, 0.017
lung.mat,model LogisticsRegression with 15 features, test duration, 0.001
lung.mat,model NB with 15 features, train duration, 0.001
lung.mat,model NB with 15 features, test duration, 0.001
lung.mat,model SVM with 20 features, train duration, 0.016
lung.mat,model SVM with 20 features, test duration, 0.001
lung.mat,model k - nearest with 20 features, train duration, 0.001
lung.mat,model k - nearest with 20 features, test duration, 0.001
lung.mat,model RandomForest with 20 features, train duration, 0.108
lung.mat,model RandomForest with 20 features, test duration, 0.010
lung.mat,model LogisticsRegression with 20 features, train duration, 0.015
lung.mat,model LogisticsRegression with 20 features, test duration, 0.001
lung.mat,model NB with 20 features, train duration, 0.001
lung.mat,model NB with 20 features, test duration, 0.001
lung.mat,model SVM with 25 features, train duration, 0.018
lung.mat,model SVM with 25 features, test duration, 0.001
lung.mat,model k - nearest with 25 features, train duration, 0.001
lung.mat,model k - nearest with 25 features, test duration, 0.001
lung.mat,model RandomForest with 25 features, train duration, 0.105
lung.mat,model RandomForest with 25 features, test duration, 0.008
lung.mat,model LogisticsRegression with 25 features, train duration, 0.016
lung.mat,model LogisticsRegression with 25 features, test duration, 0.001
lung.mat,model NB with 25 features, train duration, 0.001
lung.mat,model NB with 25 features, test duration, 0.001
lung.mat,model SVM with 30 features, train duration, 0.018
lung.mat,model SVM with 30 features, test duration, 0.001
lung.mat,model k - nearest with 30 features, train duration, 0.001
lung.mat,model k - nearest with 30 features, test duration, 0.001
lung.mat,model RandomForest with 30 features, train duration, 0.120
lung.mat,model RandomForest with 30 features, test duration, 0.008
lung.mat,model LogisticsRegression with 30 features, train duration, 0.016
lung.mat,model LogisticsRegression with 30 features, test duration, 0.001
lung.mat,model NB with 30 features, train duration, 0.001
lung.mat,model NB with 30 features, test duration, 0.001
lung.mat,model SVM with 50 features, train duration, 0.027
lung.mat,model SVM with 50 features, test duration, 0.001
lung.mat,model k - nearest with 50 features, train duration, 0.001
lung.mat,model k - nearest with 50 features, test duration, 0.001
lung.mat,model RandomForest with 50 features, train duration, 0.145
lung.mat,model RandomForest with 50 features, test duration, 0.011
lung.mat,model LogisticsRegression with 50 features, train duration, 0.022
lung.mat,model LogisticsRegression with 50 features, test duration, 0.001
lung.mat,model NB with 50 features, train duration, 0.002
lung.mat,model NB with 50 features, test duration, 0.001
lung.mat,model SVM with 100 features, train duration, 0.042
lung.mat,model SVM with 100 features, test duration, 0.001
lung.mat,model k - nearest with 100 features, train duration, 0.001
lung.mat,model k - nearest with 100 features, test duration, 0.001
lung.mat,model RandomForest with 100 features, train duration, 0.131
lung.mat,model RandomForest with 100 features, test duration, 0.008
lung.mat,model LogisticsRegression with 100 features, train duration, 0.020
lung.mat,model LogisticsRegression with 100 features, test duration, 0.001
lung.mat,model NB with 100 features, train duration, 0.002
lung.mat,model NB with 100 features, test duration, 0.001
lung.mat,mrmr,selection runtime, 9.163
lung.mat,model SVM with 1 features, train duration, 0.008
lung.mat,model SVM with 1 features, test duration, 0.001
lung.mat,model k - nearest with 1 features, train duration, 0.001
lung.mat,model k - nearest with 1 features, test duration, 0.001
lung.mat,model RandomForest with 1 features, train duration, 0.102
lung.mat,model RandomForest with 1 features, test duration, 0.009
lung.mat,model LogisticsRegression with 1 features, train duration, 0.009
lung.mat,model LogisticsRegression with 1 features, test duration, 0.001
lung.mat,model NB with 1 features, train duration, 0.001
lung.mat,model NB with 1 features, test duration, 0.001
lung.mat,model SVM with 2 features, train duration, 0.009
lung.mat,model SVM with 2 features, test duration, 0.001
lung.mat,model k - nearest with 2 features, train duration, 0.001
lung.mat,model k - nearest with 2 features, test duration, 0.001
lung.mat,model RandomForest with 2 features, train duration, 0.101
lung.mat,model RandomForest with 2 features, test duration, 0.009
lung.mat,model LogisticsRegression with 2 features, train duration, 0.015
lung.mat,model LogisticsRegression with 2 features, test duration, 0.001
lung.mat,model NB with 2 features, train duration, 0.001
lung.mat,model NB with 2 features, test duration, 0.001
lung.mat,model SVM with 3 features, train duration, 0.008
lung.mat,model SVM with 3 features, test duration, 0.001
lung.mat,model k - nearest with 3 features, train duration, 0.001
lung.mat,model k - nearest with 3 features, test duration, 0.001
lung.mat,model RandomForest with 3 features, train duration, 0.105
lung.mat,model RandomForest with 3 features, test duration, 0.010
lung.mat,model LogisticsRegression with 3 features, train duration, 0.015
lung.mat,model LogisticsRegression with 3 features, test duration, 0.001
lung.mat,model NB with 3 features, train duration, 0.001
lung.mat,model NB with 3 features, test duration, 0.001
lung.mat,model SVM with 4 features, train duration, 0.011
lung.mat,model SVM with 4 features, test duration, 0.001
lung.mat,model k - nearest with 4 features, train duration, 0.001
lung.mat,model k - nearest with 4 features, test duration, 0.001
lung.mat,model RandomForest with 4 features, train duration, 0.104
lung.mat,model RandomForest with 4 features, test duration, 0.009
lung.mat,model LogisticsRegression with 4 features, train duration, 0.016
lung.mat,model LogisticsRegression with 4 features, test duration, 0.001
lung.mat,model NB with 4 features, train duration, 0.001
lung.mat,model NB with 4 features, test duration, 0.001
lung.mat,model SVM with 5 features, train duration, 0.009
lung.mat,model SVM with 5 features, test duration, 0.001
lung.mat,model k - nearest with 5 features, train duration, 0.001
lung.mat,model k - nearest with 5 features, test duration, 0.001
lung.mat,model RandomForest with 5 features, train duration, 0.104
lung.mat,model RandomForest with 5 features, test duration, 0.009
lung.mat,model LogisticsRegression with 5 features, train duration, 0.016
lung.mat,model LogisticsRegression with 5 features, test duration, 0.001
lung.mat,model NB with 5 features, train duration, 0.001
lung.mat,model NB with 5 features, test duration, 0.001
lung.mat,model SVM with 10 features, train duration, 0.012
lung.mat,model SVM with 10 features, test duration, 0.001
lung.mat,model k - nearest with 10 features, train duration, 0.001
lung.mat,model k - nearest with 10 features, test duration, 0.001
lung.mat,model RandomForest with 10 features, train duration, 0.109
lung.mat,model RandomForest with 10 features, test duration, 0.009
lung.mat,model LogisticsRegression with 10 features, train duration, 0.016
lung.mat,model LogisticsRegression with 10 features, test duration, 0.001
lung.mat,model NB with 10 features, train duration, 0.001
lung.mat,model NB with 10 features, test duration, 0.001
lung.mat,model SVM with 15 features, train duration, 0.012
lung.mat,model SVM with 15 features, test duration, 0.001
lung.mat,model k - nearest with 15 features, train duration, 0.001
lung.mat,model k - nearest with 15 features, test duration, 0.001
lung.mat,model RandomForest with 15 features, train duration, 0.112
lung.mat,model RandomForest with 15 features, test duration, 0.010
lung.mat,model LogisticsRegression with 15 features, train duration, 0.016
lung.mat,model LogisticsRegression with 15 features, test duration, 0.001
lung.mat,model NB with 15 features, train duration, 0.001
lung.mat,model NB with 15 features, test duration, 0.001
lung.mat,model SVM with 20 features, train duration, 0.012
lung.mat,model SVM with 20 features, test duration, 0.001
lung.mat,model k - nearest with 20 features, train duration, 0.001
lung.mat,model k - nearest with 20 features, test duration, 0.001
lung.mat,model RandomForest with 20 features, train duration, 0.111
lung.mat,model RandomForest with 20 features, test duration, 0.009
lung.mat,model LogisticsRegression with 20 features, train duration, 0.017
lung.mat,model LogisticsRegression with 20 features, test duration, 0.001
lung.mat,model NB with 20 features, train duration, 0.001
lung.mat,model NB with 20 features, test duration, 0.001
lung.mat,model SVM with 25 features, train duration, 0.015
lung.mat,model SVM with 25 features, test duration, 0.001
lung.mat,model k - nearest with 25 features, train duration, 0.001
lung.mat,model k - nearest with 25 features, test duration, 0.001
lung.mat,model RandomForest with 25 features, train duration, 0.112
lung.mat,model RandomForest with 25 features, test duration, 0.009
lung.mat,model LogisticsRegression with 25 features, train duration, 0.017
lung.mat,model LogisticsRegression with 25 features, test duration, 0.001
lung.mat,model NB with 25 features, train duration, 0.001
lung.mat,model NB with 25 features, test duration, 0.001
lung.mat,model SVM with 30 features, train duration, 0.016
lung.mat,model SVM with 30 features, test duration, 0.001
lung.mat,model k - nearest with 30 features, train duration, 0.001
lung.mat,model k - nearest with 30 features, test duration, 0.001
lung.mat,model RandomForest with 30 features, train duration, 0.100
lung.mat,model RandomForest with 30 features, test duration, 0.008
lung.mat,model LogisticsRegression with 30 features, train duration, 0.016
lung.mat,model LogisticsRegression with 30 features, test duration, 0.001
lung.mat,model NB with 30 features, train duration, 0.001
lung.mat,model NB with 30 features, test duration, 0.001
lung.mat,model SVM with 50 features, train duration, 0.025
lung.mat,model SVM with 50 features, test duration, 0.001
lung.mat,model k - nearest with 50 features, train duration, 0.001
lung.mat,model k - nearest with 50 features, test duration, 0.001
lung.mat,model RandomForest with 50 features, train duration, 0.103
lung.mat,model RandomForest with 50 features, test duration, 0.008
lung.mat,model LogisticsRegression with 50 features, train duration, 0.017
lung.mat,model LogisticsRegression with 50 features, test duration, 0.001
lung.mat,model NB with 50 features, train duration, 0.001
lung.mat,model NB with 50 features, test duration, 0.001
lung.mat,model SVM with 100 features, train duration, 0.027
lung.mat,model SVM with 100 features, test duration, 0.001
lung.mat,model k - nearest with 100 features, train duration, 0.001
lung.mat,model k - nearest with 100 features, test duration, 0.001
lung.mat,model RandomForest with 100 features, train duration, 0.112
lung.mat,model RandomForest with 100 features, test duration, 0.008
lung.mat,model LogisticsRegression with 100 features, train duration, 0.021
lung.mat,model LogisticsRegression with 100 features, test duration, 0.001
lung.mat,model NB with 100 features, train duration, 0.002
lung.mat,model NB with 100 features, test duration, 0.001
lung.mat,MMCC,selection runtime, 91.989
lung.mat,model SVM with 1 features, train duration, 0.007
lung.mat,model SVM with 1 features, test duration, 0.001
lung.mat,model k - nearest with 1 features, train duration, 0.001
lung.mat,model k - nearest with 1 features, test duration, 0.001
lung.mat,model RandomForest with 1 features, train duration, 0.104
lung.mat,model RandomForest with 1 features, test duration, 0.009
lung.mat,model LogisticsRegression with 1 features, train duration, 0.007
lung.mat,model LogisticsRegression with 1 features, test duration, 0.001
lung.mat,model NB with 1 features, train duration, 0.001
lung.mat,model NB with 1 features, test duration, 0.001
lung.mat,model SVM with 2 features, train duration, 0.015
lung.mat,model SVM with 2 features, test duration, 0.001
lung.mat,model k - nearest with 2 features, train duration, 0.001
lung.mat,model k - nearest with 2 features, test duration, 0.001
lung.mat,model RandomForest with 2 features, train duration, 0.091
lung.mat,model RandomForest with 2 features, test duration, 0.008
lung.mat,model LogisticsRegression with 2 features, train duration, 0.013
lung.mat,model LogisticsRegression with 2 features, test duration, 0.001
lung.mat,model NB with 2 features, train duration, 0.001
lung.mat,model NB with 2 features, test duration, 0.001
lung.mat,model SVM with 3 features, train duration, 0.016
lung.mat,model SVM with 3 features, test duration, 0.001
lung.mat,model k - nearest with 3 features, train duration, 0.001
lung.mat,model k - nearest with 3 features, test duration, 0.001
lung.mat,model RandomForest with 3 features, train duration, 0.090
lung.mat,model RandomForest with 3 features, test duration, 0.008
lung.mat,model LogisticsRegression with 3 features, train duration, 0.013
lung.mat,model LogisticsRegression with 3 features, test duration, 0.001
lung.mat,model NB with 3 features, train duration, 0.001
lung.mat,model NB with 3 features, test duration, 0.001
lung.mat,model SVM with 4 features, train duration, 0.015
lung.mat,model SVM with 4 features, test duration, 0.001
lung.mat,model k - nearest with 4 features, train duration, 0.001
lung.mat,model k - nearest with 4 features, test duration, 0.001
lung.mat,model RandomForest with 4 features, train duration, 0.097
lung.mat,model RandomForest with 4 features, test duration, 0.008
lung.mat,model LogisticsRegression with 4 features, train duration, 0.020
lung.mat,model LogisticsRegression with 4 features, test duration, 0.001
lung.mat,model NB with 4 features, train duration, 0.001
lung.mat,model NB with 4 features, test duration, 0.001
lung.mat,model SVM with 5 features, train duration, 0.016
lung.mat,model SVM with 5 features, test duration, 0.001
lung.mat,model k - nearest with 5 features, train duration, 0.001
lung.mat,model k - nearest with 5 features, test duration, 0.001
lung.mat,model RandomForest with 5 features, train duration, 0.094
lung.mat,model RandomForest with 5 features, test duration, 0.008
lung.mat,model LogisticsRegression with 5 features, train duration, 0.013
lung.mat,model LogisticsRegression with 5 features, test duration, 0.001
lung.mat,model NB with 5 features, train duration, 0.001
lung.mat,model NB with 5 features, test duration, 0.001
lung.mat,model SVM with 10 features, train duration, 0.014
lung.mat,model SVM with 10 features, test duration, 0.001
lung.mat,model k - nearest with 10 features, train duration, 0.001
lung.mat,model k - nearest with 10 features, test duration, 0.001
lung.mat,model RandomForest with 10 features, train duration, 0.097
lung.mat,model RandomForest with 10 features, test duration, 0.008
lung.mat,model LogisticsRegression with 10 features, train duration, 0.014
lung.mat,model LogisticsRegression with 10 features, test duration, 0.001
lung.mat,model NB with 10 features, train duration, 0.001
lung.mat,model NB with 10 features, test duration, 0.001
lung.mat,model SVM with 15 features, train duration, 0.016
lung.mat,model SVM with 15 features, test duration, 0.001
lung.mat,model k - nearest with 15 features, train duration, 0.001
lung.mat,model k - nearest with 15 features, test duration, 0.001
lung.mat,model RandomForest with 15 features, train duration, 0.099
lung.mat,model RandomForest with 15 features, test duration, 0.008
lung.mat,model LogisticsRegression with 15 features, train duration, 0.015
lung.mat,model LogisticsRegression with 15 features, test duration, 0.001
lung.mat,model NB with 15 features, train duration, 0.001
lung.mat,model NB with 15 features, test duration, 0.001
lung.mat,model SVM with 20 features, train duration, 0.016
lung.mat,model SVM with 20 features, test duration, 0.001
lung.mat,model k - nearest with 20 features, train duration, 0.001
lung.mat,model k - nearest with 20 features, test duration, 0.001
lung.mat,model RandomForest with 20 features, train duration, 0.112
lung.mat,model RandomForest with 20 features, test duration, 0.008
lung.mat,model LogisticsRegression with 20 features, train duration, 0.016
lung.mat,model LogisticsRegression with 20 features, test duration, 0.001
lung.mat,model NB with 20 features, train duration, 0.001
lung.mat,model NB with 20 features, test duration, 0.001
lung.mat,model SVM with 25 features, train duration, 0.017
lung.mat,model SVM with 25 features, test duration, 0.001
lung.mat,model k - nearest with 25 features, train duration, 0.001
lung.mat,model k - nearest with 25 features, test duration, 0.001
lung.mat,model RandomForest with 25 features, train duration, 0.110
lung.mat,model RandomForest with 25 features, test duration, 0.008
lung.mat,model LogisticsRegression with 25 features, train duration, 0.019
lung.mat,model LogisticsRegression with 25 features, test duration, 0.001
lung.mat,model NB with 25 features, train duration, 0.001
lung.mat,model NB with 25 features, test duration, 0.001
lung.mat,model SVM with 30 features, train duration, 0.023
lung.mat,model SVM with 30 features, test duration, 0.001
lung.mat,model k - nearest with 30 features, train duration, 0.001
lung.mat,model k - nearest with 30 features, test duration, 0.001
lung.mat,model RandomForest with 30 features, train duration, 0.122
lung.mat,model RandomForest with 30 features, test duration, 0.009
lung.mat,model LogisticsRegression with 30 features, train duration, 0.018
lung.mat,model LogisticsRegression with 30 features, test duration, 0.001
lung.mat,model NB with 30 features, train duration, 0.001
lung.mat,model NB with 30 features, test duration, 0.001
lung.mat,model SVM with 50 features, train duration, 0.030
lung.mat,model SVM with 50 features, test duration, 0.001
lung.mat,model k - nearest with 50 features, train duration, 0.001
lung.mat,model k - nearest with 50 features, test duration, 0.001
lung.mat,model RandomForest with 50 features, train duration, 0.134
lung.mat,model RandomForest with 50 features, test duration, 0.010
lung.mat,model LogisticsRegression with 50 features, train duration, 0.021
lung.mat,model LogisticsRegression with 50 features, test duration, 0.001
lung.mat,model NB with 50 features, train duration, 0.002
lung.mat,model NB with 50 features, test duration, 0.001
lung.mat,model SVM with 100 features, train duration, 0.049
lung.mat,model SVM with 100 features, test duration, 0.001
lung.mat,model k - nearest with 100 features, train duration, 0.001
lung.mat,model k - nearest with 100 features, test duration, 0.001
lung.mat,model RandomForest with 100 features, train duration, 0.126
lung.mat,model RandomForest with 100 features, test duration, 0.010
lung.mat,model LogisticsRegression with 100 features, train duration, 0.021
lung.mat,model LogisticsRegression with 100 features, test duration, 0.001
lung.mat,model NB with 100 features, train duration, 0.002
lung.mat,model NB with 100 features, test duration, 0.001
