COPDSexualDimorphism.data.csv,reliefF,selection runtime, 0.144
COPDSexualDimorphism.data.csv,model SVM with 1 features, train duration, 0.007
COPDSexualDimorphism.data.csv,model SVM with 1 features, test duration, 0.001
COPDSexualDimorphism.data.csv,model k - nearest with 1 features, train duration, 0.001
COPDSexualDimorphism.data.csv,model k - nearest with 1 features, test duration, 0.001
COPDSexualDimorphism.data.csv,model RandomForest with 1 features, train duration, 0.103
COPDSexualDimorphism.data.csv,model RandomForest with 1 features, test duration, 0.008
COPDSexualDimorphism.data.csv,model LogisticsRegression with 1 features, train duration, 0.003
COPDSexualDimorphism.data.csv,model LogisticsRegression with 1 features, test duration, 0.001
COPDSexualDimorphism.data.csv,model NB with 1 features, train duration, 0.001
COPDSexualDimorphism.data.csv,model NB with 1 features, test duration, 0.001
COPDSexualDimorphism.data.csv,model SVM with 2 features, train duration, 0.008
COPDSexualDimorphism.data.csv,model SVM with 2 features, test duration, 0.001
COPDSexualDimorphism.data.csv,model k - nearest with 2 features, train duration, 0.001
COPDSexualDimorphism.data.csv,model k - nearest with 2 features, test duration, 0.001
COPDSexualDimorphism.data.csv,model RandomForest with 2 features, train duration, 0.092
COPDSexualDimorphism.data.csv,model RandomForest with 2 features, test duration, 0.008
COPDSexualDimorphism.data.csv,model LogisticsRegression with 2 features, train duration, 0.004
COPDSexualDimorphism.data.csv,model LogisticsRegression with 2 features, test duration, 0.001
COPDSexualDimorphism.data.csv,model NB with 2 features, train duration, 0.001
COPDSexualDimorphism.data.csv,model NB with 2 features, test duration, 0.001
COPDSexualDimorphism.data.csv,model SVM with 3 features, train duration, 0.006
COPDSexualDimorphism.data.csv,model SVM with 3 features, test duration, 0.001
COPDSexualDimorphism.data.csv,model k - nearest with 3 features, train duration, 0.001
COPDSexualDimorphism.data.csv,model k - nearest with 3 features, test duration, 0.001
COPDSexualDimorphism.data.csv,model RandomForest with 3 features, train duration, 0.090
COPDSexualDimorphism.data.csv,model RandomForest with 3 features, test duration, 0.008
COPDSexualDimorphism.data.csv,model LogisticsRegression with 3 features, train duration, 0.004
COPDSexualDimorphism.data.csv,model LogisticsRegression with 3 features, test duration, 0.001
COPDSexualDimorphism.data.csv,model NB with 3 features, train duration, 0.001
COPDSexualDimorphism.data.csv,model NB with 3 features, test duration, 0.001
COPDSexualDimorphism.data.csv,model SVM with 4 features, train duration, 0.007
COPDSexualDimorphism.data.csv,model SVM with 4 features, test duration, 0.001
COPDSexualDimorphism.data.csv,model k - nearest with 4 features, train duration, 0.001
COPDSexualDimorphism.data.csv,model k - nearest with 4 features, test duration, 0.001
COPDSexualDimorphism.data.csv,model RandomForest with 4 features, train duration, 0.092
COPDSexualDimorphism.data.csv,model RandomForest with 4 features, test duration, 0.008
COPDSexualDimorphism.data.csv,model LogisticsRegression with 4 features, train duration, 0.006
COPDSexualDimorphism.data.csv,model LogisticsRegression with 4 features, test duration, 0.001
COPDSexualDimorphism.data.csv,model NB with 4 features, train duration, 0.001
COPDSexualDimorphism.data.csv,model NB with 4 features, test duration, 0.001
COPDSexualDimorphism.data.csv,model SVM with 5 features, train duration, 0.007
COPDSexualDimorphism.data.csv,model SVM with 5 features, test duration, 0.001
COPDSexualDimorphism.data.csv,model k - nearest with 5 features, train duration, 0.001
COPDSexualDimorphism.data.csv,model k - nearest with 5 features, test duration, 0.001
COPDSexualDimorphism.data.csv,model RandomForest with 5 features, train duration, 0.095
COPDSexualDimorphism.data.csv,model RandomForest with 5 features, test duration, 0.008
COPDSexualDimorphism.data.csv,model LogisticsRegression with 5 features, train duration, 0.005
COPDSexualDimorphism.data.csv,model LogisticsRegression with 5 features, test duration, 0.001
COPDSexualDimorphism.data.csv,model NB with 5 features, train duration, 0.001
COPDSexualDimorphism.data.csv,model NB with 5 features, test duration, 0.001
COPDSexualDimorphism.data.csv,model SVM with 10 features, train duration, 0.007
COPDSexualDimorphism.data.csv,model SVM with 10 features, test duration, 0.001
COPDSexualDimorphism.data.csv,model k - nearest with 10 features, train duration, 0.001
COPDSexualDimorphism.data.csv,model k - nearest with 10 features, test duration, 0.001
COPDSexualDimorphism.data.csv,model RandomForest with 10 features, train duration, 0.105
COPDSexualDimorphism.data.csv,model RandomForest with 10 features, test duration, 0.008
COPDSexualDimorphism.data.csv,model LogisticsRegression with 10 features, train duration, 0.015
COPDSexualDimorphism.data.csv,model LogisticsRegression with 10 features, test duration, 0.001
COPDSexualDimorphism.data.csv,model NB with 10 features, train duration, 0.001
COPDSexualDimorphism.data.csv,model NB with 10 features, test duration, 0.001
COPDSexualDimorphism.data.csv,model SVM with 15 features, train duration, 0.011
COPDSexualDimorphism.data.csv,model SVM with 15 features, test duration, 0.001
COPDSexualDimorphism.data.csv,model k - nearest with 15 features, train duration, 0.001
COPDSexualDimorphism.data.csv,model k - nearest with 15 features, test duration, 0.001
COPDSexualDimorphism.data.csv,model RandomForest with 15 features, train duration, 0.097
COPDSexualDimorphism.data.csv,model RandomForest with 15 features, test duration, 0.009
COPDSexualDimorphism.data.csv,model LogisticsRegression with 15 features, train duration, 0.012
COPDSexualDimorphism.data.csv,model LogisticsRegression with 15 features, test duration, 0.001
COPDSexualDimorphism.data.csv,model NB with 15 features, train duration, 0.001
COPDSexualDimorphism.data.csv,model NB with 15 features, test duration, 0.001
COPDSexualDimorphism.data.csv,model SVM with 20 features, train duration, 0.010
COPDSexualDimorphism.data.csv,model SVM with 20 features, test duration, 0.001
COPDSexualDimorphism.data.csv,model k - nearest with 20 features, train duration, 0.001
COPDSexualDimorphism.data.csv,model k - nearest with 20 features, test duration, 0.001
COPDSexualDimorphism.data.csv,model RandomForest with 20 features, train duration, 0.119
COPDSexualDimorphism.data.csv,model RandomForest with 20 features, test duration, 0.012
COPDSexualDimorphism.data.csv,model LogisticsRegression with 20 features, train duration, 0.009
COPDSexualDimorphism.data.csv,model LogisticsRegression with 20 features, test duration, 0.001
COPDSexualDimorphism.data.csv,model NB with 20 features, train duration, 0.001
COPDSexualDimorphism.data.csv,model NB with 20 features, test duration, 0.001
COPDSexualDimorphism.data.csv,model SVM with 25 features, train duration, 0.013
COPDSexualDimorphism.data.csv,model SVM with 25 features, test duration, 0.001
COPDSexualDimorphism.data.csv,model k - nearest with 25 features, train duration, 0.001
COPDSexualDimorphism.data.csv,model k - nearest with 25 features, test duration, 0.001
COPDSexualDimorphism.data.csv,model RandomForest with 25 features, train duration, 0.137
COPDSexualDimorphism.data.csv,model RandomForest with 25 features, test duration, 0.010
COPDSexualDimorphism.data.csv,model LogisticsRegression with 25 features, train duration, 0.012
COPDSexualDimorphism.data.csv,model LogisticsRegression with 25 features, test duration, 0.001
COPDSexualDimorphism.data.csv,model NB with 25 features, train duration, 0.002
COPDSexualDimorphism.data.csv,model NB with 25 features, test duration, 0.001
COPDSexualDimorphism.data.csv,model SVM with 30 features, train duration, 0.012
COPDSexualDimorphism.data.csv,model SVM with 30 features, test duration, 0.001
COPDSexualDimorphism.data.csv,model k - nearest with 30 features, train duration, 0.001
COPDSexualDimorphism.data.csv,model k - nearest with 30 features, test duration, 0.001
COPDSexualDimorphism.data.csv,model RandomForest with 30 features, train duration, 0.125
COPDSexualDimorphism.data.csv,model RandomForest with 30 features, test duration, 0.010
COPDSexualDimorphism.data.csv,model LogisticsRegression with 30 features, train duration, 0.013
COPDSexualDimorphism.data.csv,model LogisticsRegression with 30 features, test duration, 0.001
COPDSexualDimorphism.data.csv,model NB with 30 features, train duration, 0.001
COPDSexualDimorphism.data.csv,model NB with 30 features, test duration, 0.001
COPDSexualDimorphism.data.csv,model SVM with 50 features, train duration, 0.021
COPDSexualDimorphism.data.csv,model SVM with 50 features, test duration, 0.001
COPDSexualDimorphism.data.csv,model k - nearest with 50 features, train duration, 0.001
COPDSexualDimorphism.data.csv,model k - nearest with 50 features, test duration, 0.001
COPDSexualDimorphism.data.csv,model RandomForest with 50 features, train duration, 0.167
COPDSexualDimorphism.data.csv,model RandomForest with 50 features, test duration, 0.012
COPDSexualDimorphism.data.csv,model LogisticsRegression with 50 features, train duration, 0.015
COPDSexualDimorphism.data.csv,model LogisticsRegression with 50 features, test duration, 0.001
COPDSexualDimorphism.data.csv,model NB with 50 features, train duration, 0.001
COPDSexualDimorphism.data.csv,model NB with 50 features, test duration, 0.001
COPDSexualDimorphism.data.csv,model SVM with 100 features, train duration, 0.033
COPDSexualDimorphism.data.csv,model SVM with 100 features, test duration, 0.002
COPDSexualDimorphism.data.csv,model k - nearest with 100 features, train duration, 0.001
COPDSexualDimorphism.data.csv,model k - nearest with 100 features, test duration, 0.001
COPDSexualDimorphism.data.csv,model RandomForest with 100 features, train duration, 0.171
COPDSexualDimorphism.data.csv,model RandomForest with 100 features, test duration, 0.012
COPDSexualDimorphism.data.csv,model LogisticsRegression with 100 features, train duration, 0.017
COPDSexualDimorphism.data.csv,model LogisticsRegression with 100 features, test duration, 0.001
COPDSexualDimorphism.data.csv,model NB with 100 features, train duration, 0.002
COPDSexualDimorphism.data.csv,model NB with 100 features, test duration, 0.001
COPDSexualDimorphism.data.csv,rfe,selection runtime, 9.079
COPDSexualDimorphism.data.csv,model SVM with 1 features, train duration, 0.007
COPDSexualDimorphism.data.csv,model SVM with 1 features, test duration, 0.001
COPDSexualDimorphism.data.csv,model k - nearest with 1 features, train duration, 0.001
COPDSexualDimorphism.data.csv,model k - nearest with 1 features, test duration, 0.001
COPDSexualDimorphism.data.csv,model RandomForest with 1 features, train duration, 0.113
COPDSexualDimorphism.data.csv,model RandomForest with 1 features, test duration, 0.010
COPDSexualDimorphism.data.csv,model LogisticsRegression with 1 features, train duration, 0.004
COPDSexualDimorphism.data.csv,model LogisticsRegression with 1 features, test duration, 0.001
COPDSexualDimorphism.data.csv,model NB with 1 features, train duration, 0.001
COPDSexualDimorphism.data.csv,model NB with 1 features, test duration, 0.001
COPDSexualDimorphism.data.csv,model SVM with 2 features, train duration, 0.007
COPDSexualDimorphism.data.csv,model SVM with 2 features, test duration, 0.001
COPDSexualDimorphism.data.csv,model k - nearest with 2 features, train duration, 0.001
COPDSexualDimorphism.data.csv,model k - nearest with 2 features, test duration, 0.001
COPDSexualDimorphism.data.csv,model RandomForest with 2 features, train duration, 0.108
COPDSexualDimorphism.data.csv,model RandomForest with 2 features, test duration, 0.010
COPDSexualDimorphism.data.csv,model LogisticsRegression with 2 features, train duration, 0.005
COPDSexualDimorphism.data.csv,model LogisticsRegression with 2 features, test duration, 0.001
COPDSexualDimorphism.data.csv,model NB with 2 features, train duration, 0.001
COPDSexualDimorphism.data.csv,model NB with 2 features, test duration, 0.001
COPDSexualDimorphism.data.csv,model SVM with 3 features, train duration, 0.007
COPDSexualDimorphism.data.csv,model SVM with 3 features, test duration, 0.001
COPDSexualDimorphism.data.csv,model k - nearest with 3 features, train duration, 0.001
COPDSexualDimorphism.data.csv,model k - nearest with 3 features, test duration, 0.001
COPDSexualDimorphism.data.csv,model RandomForest with 3 features, train duration, 0.116
COPDSexualDimorphism.data.csv,model RandomForest with 3 features, test duration, 0.010
COPDSexualDimorphism.data.csv,model LogisticsRegression with 3 features, train duration, 0.006
COPDSexualDimorphism.data.csv,model LogisticsRegression with 3 features, test duration, 0.001
COPDSexualDimorphism.data.csv,model NB with 3 features, train duration, 0.001
COPDSexualDimorphism.data.csv,model NB with 3 features, test duration, 0.001
COPDSexualDimorphism.data.csv,model SVM with 4 features, train duration, 0.008
COPDSexualDimorphism.data.csv,model SVM with 4 features, test duration, 0.001
COPDSexualDimorphism.data.csv,model k - nearest with 4 features, train duration, 0.001
COPDSexualDimorphism.data.csv,model k - nearest with 4 features, test duration, 0.001
COPDSexualDimorphism.data.csv,model RandomForest with 4 features, train duration, 0.112
COPDSexualDimorphism.data.csv,model RandomForest with 4 features, test duration, 0.009
COPDSexualDimorphism.data.csv,model LogisticsRegression with 4 features, train duration, 0.007
COPDSexualDimorphism.data.csv,model LogisticsRegression with 4 features, test duration, 0.001
COPDSexualDimorphism.data.csv,model NB with 4 features, train duration, 0.001
COPDSexualDimorphism.data.csv,model NB with 4 features, test duration, 0.001
COPDSexualDimorphism.data.csv,model SVM with 5 features, train duration, 0.007
COPDSexualDimorphism.data.csv,model SVM with 5 features, test duration, 0.001
COPDSexualDimorphism.data.csv,model k - nearest with 5 features, train duration, 0.001
COPDSexualDimorphism.data.csv,model k - nearest with 5 features, test duration, 0.001
COPDSexualDimorphism.data.csv,model RandomForest with 5 features, train duration, 0.113
COPDSexualDimorphism.data.csv,model RandomForest with 5 features, test duration, 0.010
COPDSexualDimorphism.data.csv,model LogisticsRegression with 5 features, train duration, 0.008
COPDSexualDimorphism.data.csv,model LogisticsRegression with 5 features, test duration, 0.001
COPDSexualDimorphism.data.csv,model NB with 5 features, train duration, 0.001
COPDSexualDimorphism.data.csv,model NB with 5 features, test duration, 0.001
COPDSexualDimorphism.data.csv,model SVM with 10 features, train duration, 0.008
COPDSexualDimorphism.data.csv,model SVM with 10 features, test duration, 0.001
COPDSexualDimorphism.data.csv,model k - nearest with 10 features, train duration, 0.001
COPDSexualDimorphism.data.csv,model k - nearest with 10 features, test duration, 0.001
COPDSexualDimorphism.data.csv,model RandomForest with 10 features, train duration, 0.117
COPDSexualDimorphism.data.csv,model RandomForest with 10 features, test duration, 0.010
COPDSexualDimorphism.data.csv,model LogisticsRegression with 10 features, train duration, 0.015
COPDSexualDimorphism.data.csv,model LogisticsRegression with 10 features, test duration, 0.001
COPDSexualDimorphism.data.csv,model NB with 10 features, train duration, 0.001
COPDSexualDimorphism.data.csv,model NB with 10 features, test duration, 0.001
COPDSexualDimorphism.data.csv,model SVM with 15 features, train duration, 0.011
COPDSexualDimorphism.data.csv,model SVM with 15 features, test duration, 0.001
COPDSexualDimorphism.data.csv,model k - nearest with 15 features, train duration, 0.001
COPDSexualDimorphism.data.csv,model k - nearest with 15 features, test duration, 0.001
COPDSexualDimorphism.data.csv,model RandomForest with 15 features, train duration, 0.117
COPDSexualDimorphism.data.csv,model RandomForest with 15 features, test duration, 0.010
COPDSexualDimorphism.data.csv,model LogisticsRegression with 15 features, train duration, 0.016
COPDSexualDimorphism.data.csv,model LogisticsRegression with 15 features, test duration, 0.001
COPDSexualDimorphism.data.csv,model NB with 15 features, train duration, 0.001
COPDSexualDimorphism.data.csv,model NB with 15 features, test duration, 0.001
COPDSexualDimorphism.data.csv,model SVM with 20 features, train duration, 0.011
COPDSexualDimorphism.data.csv,model SVM with 20 features, test duration, 0.001
COPDSexualDimorphism.data.csv,model k - nearest with 20 features, train duration, 0.001
COPDSexualDimorphism.data.csv,model k - nearest with 20 features, test duration, 0.001
COPDSexualDimorphism.data.csv,model RandomForest with 20 features, train duration, 0.138
COPDSexualDimorphism.data.csv,model RandomForest with 20 features, test duration, 0.012
COPDSexualDimorphism.data.csv,model LogisticsRegression with 20 features, train duration, 0.025
COPDSexualDimorphism.data.csv,model LogisticsRegression with 20 features, test duration, 0.002
COPDSexualDimorphism.data.csv,model NB with 20 features, train duration, 0.001
COPDSexualDimorphism.data.csv,model NB with 20 features, test duration, 0.001
COPDSexualDimorphism.data.csv,model SVM with 25 features, train duration, 0.013
COPDSexualDimorphism.data.csv,model SVM with 25 features, test duration, 0.001
COPDSexualDimorphism.data.csv,model k - nearest with 25 features, train duration, 0.001
COPDSexualDimorphism.data.csv,model k - nearest with 25 features, test duration, 0.001
COPDSexualDimorphism.data.csv,model RandomForest with 25 features, train duration, 0.158
COPDSexualDimorphism.data.csv,model RandomForest with 25 features, test duration, 0.011
COPDSexualDimorphism.data.csv,model LogisticsRegression with 25 features, train duration, 0.014
COPDSexualDimorphism.data.csv,model LogisticsRegression with 25 features, test duration, 0.001
COPDSexualDimorphism.data.csv,model NB with 25 features, train duration, 0.001
COPDSexualDimorphism.data.csv,model NB with 25 features, test duration, 0.001
COPDSexualDimorphism.data.csv,model SVM with 30 features, train duration, 0.014
COPDSexualDimorphism.data.csv,model SVM with 30 features, test duration, 0.001
COPDSexualDimorphism.data.csv,model k - nearest with 30 features, train duration, 0.001
COPDSexualDimorphism.data.csv,model k - nearest with 30 features, test duration, 0.001
COPDSexualDimorphism.data.csv,model RandomForest with 30 features, train duration, 0.130
COPDSexualDimorphism.data.csv,model RandomForest with 30 features, test duration, 0.009
COPDSexualDimorphism.data.csv,model LogisticsRegression with 30 features, train duration, 0.016
COPDSexualDimorphism.data.csv,model LogisticsRegression with 30 features, test duration, 0.001
COPDSexualDimorphism.data.csv,model NB with 30 features, train duration, 0.002
COPDSexualDimorphism.data.csv,model NB with 30 features, test duration, 0.001
COPDSexualDimorphism.data.csv,model SVM with 50 features, train duration, 0.022
COPDSexualDimorphism.data.csv,model SVM with 50 features, test duration, 0.001
COPDSexualDimorphism.data.csv,model k - nearest with 50 features, train duration, 0.001
COPDSexualDimorphism.data.csv,model k - nearest with 50 features, test duration, 0.001
COPDSexualDimorphism.data.csv,model RandomForest with 50 features, train duration, 0.172
COPDSexualDimorphism.data.csv,model RandomForest with 50 features, test duration, 0.010
COPDSexualDimorphism.data.csv,model LogisticsRegression with 50 features, train duration, 0.016
COPDSexualDimorphism.data.csv,model LogisticsRegression with 50 features, test duration, 0.001
COPDSexualDimorphism.data.csv,model NB with 50 features, train duration, 0.001
COPDSexualDimorphism.data.csv,model NB with 50 features, test duration, 0.001
COPDSexualDimorphism.data.csv,model SVM with 100 features, train duration, 0.034
COPDSexualDimorphism.data.csv,model SVM with 100 features, test duration, 0.001
COPDSexualDimorphism.data.csv,model k - nearest with 100 features, train duration, 0.001
COPDSexualDimorphism.data.csv,model k - nearest with 100 features, test duration, 0.001
COPDSexualDimorphism.data.csv,model RandomForest with 100 features, train duration, 0.155
COPDSexualDimorphism.data.csv,model RandomForest with 100 features, test duration, 0.012
COPDSexualDimorphism.data.csv,model LogisticsRegression with 100 features, train duration, 0.019
COPDSexualDimorphism.data.csv,model LogisticsRegression with 100 features, test duration, 0.002
COPDSexualDimorphism.data.csv,model NB with 100 features, train duration, 0.002
COPDSexualDimorphism.data.csv,model NB with 100 features, test duration, 0.001
COPDSexualDimorphism.data.csv,Fdr_f_classif,selection runtime, 0.010
COPDSexualDimorphism.data.csv,model SVM with 1 features, train duration, 0.007
COPDSexualDimorphism.data.csv,model SVM with 1 features, test duration, 0.001
COPDSexualDimorphism.data.csv,model k - nearest with 1 features, train duration, 0.001
COPDSexualDimorphism.data.csv,model k - nearest with 1 features, test duration, 0.001
COPDSexualDimorphism.data.csv,model RandomForest with 1 features, train duration, 0.114
COPDSexualDimorphism.data.csv,model RandomForest with 1 features, test duration, 0.010
COPDSexualDimorphism.data.csv,model LogisticsRegression with 1 features, train duration, 0.004
COPDSexualDimorphism.data.csv,model LogisticsRegression with 1 features, test duration, 0.001
COPDSexualDimorphism.data.csv,model NB with 1 features, train duration, 0.001
COPDSexualDimorphism.data.csv,model NB with 1 features, test duration, 0.001
COPDSexualDimorphism.data.csv,model SVM with 2 features, train duration, 0.007
COPDSexualDimorphism.data.csv,model SVM with 2 features, test duration, 0.001
COPDSexualDimorphism.data.csv,model k - nearest with 2 features, train duration, 0.001
COPDSexualDimorphism.data.csv,model k - nearest with 2 features, test duration, 0.001
COPDSexualDimorphism.data.csv,model RandomForest with 2 features, train duration, 0.104
COPDSexualDimorphism.data.csv,model RandomForest with 2 features, test duration, 0.009
COPDSexualDimorphism.data.csv,model LogisticsRegression with 2 features, train duration, 0.004
COPDSexualDimorphism.data.csv,model LogisticsRegression with 2 features, test duration, 0.001
COPDSexualDimorphism.data.csv,model NB with 2 features, train duration, 0.002
COPDSexualDimorphism.data.csv,model NB with 2 features, test duration, 0.001
COPDSexualDimorphism.data.csv,model SVM with 3 features, train duration, 0.005
COPDSexualDimorphism.data.csv,model SVM with 3 features, test duration, 0.001
COPDSexualDimorphism.data.csv,model k - nearest with 3 features, train duration, 0.001
COPDSexualDimorphism.data.csv,model k - nearest with 3 features, test duration, 0.001
COPDSexualDimorphism.data.csv,model RandomForest with 3 features, train duration, 0.119
COPDSexualDimorphism.data.csv,model RandomForest with 3 features, test duration, 0.010
COPDSexualDimorphism.data.csv,model LogisticsRegression with 3 features, train duration, 0.006
COPDSexualDimorphism.data.csv,model LogisticsRegression with 3 features, test duration, 0.001
COPDSexualDimorphism.data.csv,model NB with 3 features, train duration, 0.001
COPDSexualDimorphism.data.csv,model NB with 3 features, test duration, 0.001
COPDSexualDimorphism.data.csv,model SVM with 4 features, train duration, 0.007
COPDSexualDimorphism.data.csv,model SVM with 4 features, test duration, 0.001
COPDSexualDimorphism.data.csv,model k - nearest with 4 features, train duration, 0.001
COPDSexualDimorphism.data.csv,model k - nearest with 4 features, test duration, 0.001
COPDSexualDimorphism.data.csv,model RandomForest with 4 features, train duration, 0.117
COPDSexualDimorphism.data.csv,model RandomForest with 4 features, test duration, 0.009
COPDSexualDimorphism.data.csv,model LogisticsRegression with 4 features, train duration, 0.007
COPDSexualDimorphism.data.csv,model LogisticsRegression with 4 features, test duration, 0.001
COPDSexualDimorphism.data.csv,model NB with 4 features, train duration, 0.001
COPDSexualDimorphism.data.csv,model NB with 4 features, test duration, 0.001
COPDSexualDimorphism.data.csv,model SVM with 5 features, train duration, 0.007
COPDSexualDimorphism.data.csv,model SVM with 5 features, test duration, 0.001
COPDSexualDimorphism.data.csv,model k - nearest with 5 features, train duration, 0.001
COPDSexualDimorphism.data.csv,model k - nearest with 5 features, test duration, 0.001
COPDSexualDimorphism.data.csv,model RandomForest with 5 features, train duration, 0.113
COPDSexualDimorphism.data.csv,model RandomForest with 5 features, test duration, 0.010
COPDSexualDimorphism.data.csv,model LogisticsRegression with 5 features, train duration, 0.009
COPDSexualDimorphism.data.csv,model LogisticsRegression with 5 features, test duration, 0.001
COPDSexualDimorphism.data.csv,model NB with 5 features, train duration, 0.001
COPDSexualDimorphism.data.csv,model NB with 5 features, test duration, 0.001
COPDSexualDimorphism.data.csv,model SVM with 10 features, train duration, 0.008
COPDSexualDimorphism.data.csv,model SVM with 10 features, test duration, 0.001
COPDSexualDimorphism.data.csv,model k - nearest with 10 features, train duration, 0.001
COPDSexualDimorphism.data.csv,model k - nearest with 10 features, test duration, 0.001
COPDSexualDimorphism.data.csv,model RandomForest with 10 features, train duration, 0.112
COPDSexualDimorphism.data.csv,model RandomForest with 10 features, test duration, 0.009
COPDSexualDimorphism.data.csv,model LogisticsRegression with 10 features, train duration, 0.013
COPDSexualDimorphism.data.csv,model LogisticsRegression with 10 features, test duration, 0.001
COPDSexualDimorphism.data.csv,model NB with 10 features, train duration, 0.001
COPDSexualDimorphism.data.csv,model NB with 10 features, test duration, 0.001
COPDSexualDimorphism.data.csv,model SVM with 15 features, train duration, 0.009
COPDSexualDimorphism.data.csv,model SVM with 15 features, test duration, 0.001
COPDSexualDimorphism.data.csv,model k - nearest with 15 features, train duration, 0.001
COPDSexualDimorphism.data.csv,model k - nearest with 15 features, test duration, 0.001
COPDSexualDimorphism.data.csv,model RandomForest with 15 features, train duration, 0.116
COPDSexualDimorphism.data.csv,model RandomForest with 15 features, test duration, 0.009
COPDSexualDimorphism.data.csv,model LogisticsRegression with 15 features, train duration, 0.014
COPDSexualDimorphism.data.csv,model LogisticsRegression with 15 features, test duration, 0.002
COPDSexualDimorphism.data.csv,model NB with 15 features, train duration, 0.002
COPDSexualDimorphism.data.csv,model NB with 15 features, test duration, 0.001
COPDSexualDimorphism.data.csv,model SVM with 20 features, train duration, 0.010
COPDSexualDimorphism.data.csv,model SVM with 20 features, test duration, 0.001
COPDSexualDimorphism.data.csv,model k - nearest with 20 features, train duration, 0.001
COPDSexualDimorphism.data.csv,model k - nearest with 20 features, test duration, 0.001
COPDSexualDimorphism.data.csv,model RandomForest with 20 features, train duration, 0.115
COPDSexualDimorphism.data.csv,model RandomForest with 20 features, test duration, 0.008
COPDSexualDimorphism.data.csv,model LogisticsRegression with 20 features, train duration, 0.014
COPDSexualDimorphism.data.csv,model LogisticsRegression with 20 features, test duration, 0.001
COPDSexualDimorphism.data.csv,model NB with 20 features, train duration, 0.001
COPDSexualDimorphism.data.csv,model NB with 20 features, test duration, 0.001
COPDSexualDimorphism.data.csv,model SVM with 25 features, train duration, 0.013
COPDSexualDimorphism.data.csv,model SVM with 25 features, test duration, 0.001
COPDSexualDimorphism.data.csv,model k - nearest with 25 features, train duration, 0.001
COPDSexualDimorphism.data.csv,model k - nearest with 25 features, test duration, 0.001
COPDSexualDimorphism.data.csv,model RandomForest with 25 features, train duration, 0.123
COPDSexualDimorphism.data.csv,model RandomForest with 25 features, test duration, 0.009
COPDSexualDimorphism.data.csv,model LogisticsRegression with 25 features, train duration, 0.013
COPDSexualDimorphism.data.csv,model LogisticsRegression with 25 features, test duration, 0.001
COPDSexualDimorphism.data.csv,model NB with 25 features, train duration, 0.001
COPDSexualDimorphism.data.csv,model NB with 25 features, test duration, 0.001
COPDSexualDimorphism.data.csv,model SVM with 30 features, train duration, 0.013
COPDSexualDimorphism.data.csv,model SVM with 30 features, test duration, 0.001
COPDSexualDimorphism.data.csv,model k - nearest with 30 features, train duration, 0.001
COPDSexualDimorphism.data.csv,model k - nearest with 30 features, test duration, 0.001
COPDSexualDimorphism.data.csv,model RandomForest with 30 features, train duration, 0.119
COPDSexualDimorphism.data.csv,model RandomForest with 30 features, test duration, 0.010
COPDSexualDimorphism.data.csv,model LogisticsRegression with 30 features, train duration, 0.014
COPDSexualDimorphism.data.csv,model LogisticsRegression with 30 features, test duration, 0.001
COPDSexualDimorphism.data.csv,model NB with 30 features, train duration, 0.001
COPDSexualDimorphism.data.csv,model NB with 30 features, test duration, 0.001
COPDSexualDimorphism.data.csv,model SVM with 50 features, train duration, 0.020
COPDSexualDimorphism.data.csv,model SVM with 50 features, test duration, 0.001
COPDSexualDimorphism.data.csv,model k - nearest with 50 features, train duration, 0.001
COPDSexualDimorphism.data.csv,model k - nearest with 50 features, test duration, 0.001
COPDSexualDimorphism.data.csv,model RandomForest with 50 features, train duration, 0.125
COPDSexualDimorphism.data.csv,model RandomForest with 50 features, test duration, 0.009
COPDSexualDimorphism.data.csv,model LogisticsRegression with 50 features, train duration, 0.017
COPDSexualDimorphism.data.csv,model LogisticsRegression with 50 features, test duration, 0.001
COPDSexualDimorphism.data.csv,model NB with 50 features, train duration, 0.002
COPDSexualDimorphism.data.csv,model NB with 50 features, test duration, 0.001
COPDSexualDimorphism.data.csv,model SVM with 100 features, train duration, 0.034
COPDSexualDimorphism.data.csv,model SVM with 100 features, test duration, 0.001
COPDSexualDimorphism.data.csv,model k - nearest with 100 features, train duration, 0.002
COPDSexualDimorphism.data.csv,model k - nearest with 100 features, test duration, 0.001
COPDSexualDimorphism.data.csv,model RandomForest with 100 features, train duration, 0.139
COPDSexualDimorphism.data.csv,model RandomForest with 100 features, test duration, 0.009
COPDSexualDimorphism.data.csv,model LogisticsRegression with 100 features, train duration, 0.019
COPDSexualDimorphism.data.csv,model LogisticsRegression with 100 features, test duration, 0.002
COPDSexualDimorphism.data.csv,model NB with 100 features, train duration, 0.002
COPDSexualDimorphism.data.csv,model NB with 100 features, test duration, 0.001
COPDSexualDimorphism.data.csv,mrmr,selection runtime, 12.810
COPDSexualDimorphism.data.csv,model SVM with 1 features, train duration, 0.007
COPDSexualDimorphism.data.csv,model SVM with 1 features, test duration, 0.001
COPDSexualDimorphism.data.csv,model k - nearest with 1 features, train duration, 0.001
COPDSexualDimorphism.data.csv,model k - nearest with 1 features, test duration, 0.001
COPDSexualDimorphism.data.csv,model RandomForest with 1 features, train duration, 0.111
COPDSexualDimorphism.data.csv,model RandomForest with 1 features, test duration, 0.009
COPDSexualDimorphism.data.csv,model LogisticsRegression with 1 features, train duration, 0.004
COPDSexualDimorphism.data.csv,model LogisticsRegression with 1 features, test duration, 0.001
COPDSexualDimorphism.data.csv,model NB with 1 features, train duration, 0.001
COPDSexualDimorphism.data.csv,model NB with 1 features, test duration, 0.001
COPDSexualDimorphism.data.csv,model SVM with 2 features, train duration, 0.007
COPDSexualDimorphism.data.csv,model SVM with 2 features, test duration, 0.001
COPDSexualDimorphism.data.csv,model k - nearest with 2 features, train duration, 0.001
COPDSexualDimorphism.data.csv,model k - nearest with 2 features, test duration, 0.001
COPDSexualDimorphism.data.csv,model RandomForest with 2 features, train duration, 0.105
COPDSexualDimorphism.data.csv,model RandomForest with 2 features, test duration, 0.010
COPDSexualDimorphism.data.csv,model LogisticsRegression with 2 features, train duration, 0.004
COPDSexualDimorphism.data.csv,model LogisticsRegression with 2 features, test duration, 0.001
COPDSexualDimorphism.data.csv,model NB with 2 features, train duration, 0.002
COPDSexualDimorphism.data.csv,model NB with 2 features, test duration, 0.001
COPDSexualDimorphism.data.csv,model SVM with 3 features, train duration, 0.006
COPDSexualDimorphism.data.csv,model SVM with 3 features, test duration, 0.001
COPDSexualDimorphism.data.csv,model k - nearest with 3 features, train duration, 0.001
COPDSexualDimorphism.data.csv,model k - nearest with 3 features, test duration, 0.001
COPDSexualDimorphism.data.csv,model RandomForest with 3 features, train duration, 0.118
COPDSexualDimorphism.data.csv,model RandomForest with 3 features, test duration, 0.009
COPDSexualDimorphism.data.csv,model LogisticsRegression with 3 features, train duration, 0.006
COPDSexualDimorphism.data.csv,model LogisticsRegression with 3 features, test duration, 0.001
COPDSexualDimorphism.data.csv,model NB with 3 features, train duration, 0.001
COPDSexualDimorphism.data.csv,model NB with 3 features, test duration, 0.001
COPDSexualDimorphism.data.csv,model SVM with 4 features, train duration, 0.006
COPDSexualDimorphism.data.csv,model SVM with 4 features, test duration, 0.001
COPDSexualDimorphism.data.csv,model k - nearest with 4 features, train duration, 0.001
COPDSexualDimorphism.data.csv,model k - nearest with 4 features, test duration, 0.001
COPDSexualDimorphism.data.csv,model RandomForest with 4 features, train duration, 0.105
COPDSexualDimorphism.data.csv,model RandomForest with 4 features, test duration, 0.010
COPDSexualDimorphism.data.csv,model LogisticsRegression with 4 features, train duration, 0.006
COPDSexualDimorphism.data.csv,model LogisticsRegression with 4 features, test duration, 0.001
COPDSexualDimorphism.data.csv,model NB with 4 features, train duration, 0.001
COPDSexualDimorphism.data.csv,model NB with 4 features, test duration, 0.001
COPDSexualDimorphism.data.csv,model SVM with 5 features, train duration, 0.006
COPDSexualDimorphism.data.csv,model SVM with 5 features, test duration, 0.001
COPDSexualDimorphism.data.csv,model k - nearest with 5 features, train duration, 0.001
COPDSexualDimorphism.data.csv,model k - nearest with 5 features, test duration, 0.001
COPDSexualDimorphism.data.csv,model RandomForest with 5 features, train duration, 0.114
COPDSexualDimorphism.data.csv,model RandomForest with 5 features, test duration, 0.010
COPDSexualDimorphism.data.csv,model LogisticsRegression with 5 features, train duration, 0.009
COPDSexualDimorphism.data.csv,model LogisticsRegression with 5 features, test duration, 0.001
COPDSexualDimorphism.data.csv,model NB with 5 features, train duration, 0.001
COPDSexualDimorphism.data.csv,model NB with 5 features, test duration, 0.001
COPDSexualDimorphism.data.csv,model SVM with 10 features, train duration, 0.007
COPDSexualDimorphism.data.csv,model SVM with 10 features, test duration, 0.001
COPDSexualDimorphism.data.csv,model k - nearest with 10 features, train duration, 0.001
COPDSexualDimorphism.data.csv,model k - nearest with 10 features, test duration, 0.001
COPDSexualDimorphism.data.csv,model RandomForest with 10 features, train duration, 0.110
COPDSexualDimorphism.data.csv,model RandomForest with 10 features, test duration, 0.010
COPDSexualDimorphism.data.csv,model LogisticsRegression with 10 features, train duration, 0.012
COPDSexualDimorphism.data.csv,model LogisticsRegression with 10 features, test duration, 0.001
COPDSexualDimorphism.data.csv,model NB with 10 features, train duration, 0.001
COPDSexualDimorphism.data.csv,model NB with 10 features, test duration, 0.001
COPDSexualDimorphism.data.csv,model SVM with 15 features, train duration, 0.008
COPDSexualDimorphism.data.csv,model SVM with 15 features, test duration, 0.001
COPDSexualDimorphism.data.csv,model k - nearest with 15 features, train duration, 0.001
COPDSexualDimorphism.data.csv,model k - nearest with 15 features, test duration, 0.001
COPDSexualDimorphism.data.csv,model RandomForest with 15 features, train duration, 0.123
COPDSexualDimorphism.data.csv,model RandomForest with 15 features, test duration, 0.010
COPDSexualDimorphism.data.csv,model LogisticsRegression with 15 features, train duration, 0.013
COPDSexualDimorphism.data.csv,model LogisticsRegression with 15 features, test duration, 0.001
COPDSexualDimorphism.data.csv,model NB with 15 features, train duration, 0.001
COPDSexualDimorphism.data.csv,model NB with 15 features, test duration, 0.001
COPDSexualDimorphism.data.csv,model SVM with 20 features, train duration, 0.011
COPDSexualDimorphism.data.csv,model SVM with 20 features, test duration, 0.001
COPDSexualDimorphism.data.csv,model k - nearest with 20 features, train duration, 0.001
COPDSexualDimorphism.data.csv,model k - nearest with 20 features, test duration, 0.001
COPDSexualDimorphism.data.csv,model RandomForest with 20 features, train duration, 0.117
COPDSexualDimorphism.data.csv,model RandomForest with 20 features, test duration, 0.009
COPDSexualDimorphism.data.csv,model LogisticsRegression with 20 features, train duration, 0.013
COPDSexualDimorphism.data.csv,model LogisticsRegression with 20 features, test duration, 0.001
COPDSexualDimorphism.data.csv,model NB with 20 features, train duration, 0.001
COPDSexualDimorphism.data.csv,model NB with 20 features, test duration, 0.001
COPDSexualDimorphism.data.csv,model SVM with 25 features, train duration, 0.011
COPDSexualDimorphism.data.csv,model SVM with 25 features, test duration, 0.001
COPDSexualDimorphism.data.csv,model k - nearest with 25 features, train duration, 0.001
COPDSexualDimorphism.data.csv,model k - nearest with 25 features, test duration, 0.001
COPDSexualDimorphism.data.csv,model RandomForest with 25 features, train duration, 0.116
COPDSexualDimorphism.data.csv,model RandomForest with 25 features, test duration, 0.008
COPDSexualDimorphism.data.csv,model LogisticsRegression with 25 features, train duration, 0.014
COPDSexualDimorphism.data.csv,model LogisticsRegression with 25 features, test duration, 0.001
COPDSexualDimorphism.data.csv,model NB with 25 features, train duration, 0.001
COPDSexualDimorphism.data.csv,model NB with 25 features, test duration, 0.001
COPDSexualDimorphism.data.csv,model SVM with 30 features, train duration, 0.011
COPDSexualDimorphism.data.csv,model SVM with 30 features, test duration, 0.001
COPDSexualDimorphism.data.csv,model k - nearest with 30 features, train duration, 0.001
COPDSexualDimorphism.data.csv,model k - nearest with 30 features, test duration, 0.001
COPDSexualDimorphism.data.csv,model RandomForest with 30 features, train duration, 0.121
COPDSexualDimorphism.data.csv,model RandomForest with 30 features, test duration, 0.010
COPDSexualDimorphism.data.csv,model LogisticsRegression with 30 features, train duration, 0.015
COPDSexualDimorphism.data.csv,model LogisticsRegression with 30 features, test duration, 0.001
COPDSexualDimorphism.data.csv,model NB with 30 features, train duration, 0.001
COPDSexualDimorphism.data.csv,model NB with 30 features, test duration, 0.001
COPDSexualDimorphism.data.csv,model SVM with 50 features, train duration, 0.017
COPDSexualDimorphism.data.csv,model SVM with 50 features, test duration, 0.001
COPDSexualDimorphism.data.csv,model k - nearest with 50 features, train duration, 0.001
COPDSexualDimorphism.data.csv,model k - nearest with 50 features, test duration, 0.001
COPDSexualDimorphism.data.csv,model RandomForest with 50 features, train duration, 0.127
COPDSexualDimorphism.data.csv,model RandomForest with 50 features, test duration, 0.010
COPDSexualDimorphism.data.csv,model LogisticsRegression with 50 features, train duration, 0.018
COPDSexualDimorphism.data.csv,model LogisticsRegression with 50 features, test duration, 0.001
COPDSexualDimorphism.data.csv,model NB with 50 features, train duration, 0.002
COPDSexualDimorphism.data.csv,model NB with 50 features, test duration, 0.001
COPDSexualDimorphism.data.csv,model SVM with 100 features, train duration, 0.023
COPDSexualDimorphism.data.csv,model SVM with 100 features, test duration, 0.001
COPDSexualDimorphism.data.csv,model k - nearest with 100 features, train duration, 0.001
COPDSexualDimorphism.data.csv,model k - nearest with 100 features, test duration, 0.001
COPDSexualDimorphism.data.csv,model RandomForest with 100 features, train duration, 0.141
COPDSexualDimorphism.data.csv,model RandomForest with 100 features, test duration, 0.010
COPDSexualDimorphism.data.csv,model LogisticsRegression with 100 features, train duration, 0.020
COPDSexualDimorphism.data.csv,model LogisticsRegression with 100 features, test duration, 0.002
COPDSexualDimorphism.data.csv,model NB with 100 features, train duration, 0.002
COPDSexualDimorphism.data.csv,model NB with 100 features, test duration, 0.002
COPDSexualDimorphism.data.csv,MMCC,selection runtime, 105.698
COPDSexualDimorphism.data.csv,model SVM with 1 features, train duration, 0.007
COPDSexualDimorphism.data.csv,model SVM with 1 features, test duration, 0.001
COPDSexualDimorphism.data.csv,model k - nearest with 1 features, train duration, 0.001
COPDSexualDimorphism.data.csv,model k - nearest with 1 features, test duration, 0.001
COPDSexualDimorphism.data.csv,model RandomForest with 1 features, train duration, 0.122
COPDSexualDimorphism.data.csv,model RandomForest with 1 features, test duration, 0.010
COPDSexualDimorphism.data.csv,model LogisticsRegression with 1 features, train duration, 0.003
COPDSexualDimorphism.data.csv,model LogisticsRegression with 1 features, test duration, 0.001
COPDSexualDimorphism.data.csv,model NB with 1 features, train duration, 0.001
COPDSexualDimorphism.data.csv,model NB with 1 features, test duration, 0.001
COPDSexualDimorphism.data.csv,model SVM with 2 features, train duration, 0.007
COPDSexualDimorphism.data.csv,model SVM with 2 features, test duration, 0.001
COPDSexualDimorphism.data.csv,model k - nearest with 2 features, train duration, 0.002
COPDSexualDimorphism.data.csv,model k - nearest with 2 features, test duration, 0.001
COPDSexualDimorphism.data.csv,model RandomForest with 2 features, train duration, 0.109
COPDSexualDimorphism.data.csv,model RandomForest with 2 features, test duration, 0.010
COPDSexualDimorphism.data.csv,model LogisticsRegression with 2 features, train duration, 0.004
COPDSexualDimorphism.data.csv,model LogisticsRegression with 2 features, test duration, 0.001
COPDSexualDimorphism.data.csv,model NB with 2 features, train duration, 0.001
COPDSexualDimorphism.data.csv,model NB with 2 features, test duration, 0.001
COPDSexualDimorphism.data.csv,model SVM with 3 features, train duration, 0.007
COPDSexualDimorphism.data.csv,model SVM with 3 features, test duration, 0.001
COPDSexualDimorphism.data.csv,model k - nearest with 3 features, train duration, 0.001
COPDSexualDimorphism.data.csv,model k - nearest with 3 features, test duration, 0.001
COPDSexualDimorphism.data.csv,model RandomForest with 3 features, train duration, 0.115
COPDSexualDimorphism.data.csv,model RandomForest with 3 features, test duration, 0.010
COPDSexualDimorphism.data.csv,model LogisticsRegression with 3 features, train duration, 0.005
COPDSexualDimorphism.data.csv,model LogisticsRegression with 3 features, test duration, 0.001
COPDSexualDimorphism.data.csv,model NB with 3 features, train duration, 0.001
COPDSexualDimorphism.data.csv,model NB with 3 features, test duration, 0.001
COPDSexualDimorphism.data.csv,model SVM with 4 features, train duration, 0.007
COPDSexualDimorphism.data.csv,model SVM with 4 features, test duration, 0.001
COPDSexualDimorphism.data.csv,model k - nearest with 4 features, train duration, 0.001
COPDSexualDimorphism.data.csv,model k - nearest with 4 features, test duration, 0.001
COPDSexualDimorphism.data.csv,model RandomForest with 4 features, train duration, 0.112
COPDSexualDimorphism.data.csv,model RandomForest with 4 features, test duration, 0.010
COPDSexualDimorphism.data.csv,model LogisticsRegression with 4 features, train duration, 0.006
COPDSexualDimorphism.data.csv,model LogisticsRegression with 4 features, test duration, 0.001
COPDSexualDimorphism.data.csv,model NB with 4 features, train duration, 0.002
COPDSexualDimorphism.data.csv,model NB with 4 features, test duration, 0.001
COPDSexualDimorphism.data.csv,model SVM with 5 features, train duration, 0.008
COPDSexualDimorphism.data.csv,model SVM with 5 features, test duration, 0.001
COPDSexualDimorphism.data.csv,model k - nearest with 5 features, train duration, 0.001
COPDSexualDimorphism.data.csv,model k - nearest with 5 features, test duration, 0.001
COPDSexualDimorphism.data.csv,model RandomForest with 5 features, train duration, 0.117
COPDSexualDimorphism.data.csv,model RandomForest with 5 features, test duration, 0.010
COPDSexualDimorphism.data.csv,model LogisticsRegression with 5 features, train duration, 0.009
COPDSexualDimorphism.data.csv,model LogisticsRegression with 5 features, test duration, 0.001
COPDSexualDimorphism.data.csv,model NB with 5 features, train duration, 0.001
COPDSexualDimorphism.data.csv,model NB with 5 features, test duration, 0.001
COPDSexualDimorphism.data.csv,model SVM with 10 features, train duration, 0.007
COPDSexualDimorphism.data.csv,model SVM with 10 features, test duration, 0.001
COPDSexualDimorphism.data.csv,model k - nearest with 10 features, train duration, 0.001
COPDSexualDimorphism.data.csv,model k - nearest with 10 features, test duration, 0.001
COPDSexualDimorphism.data.csv,model RandomForest with 10 features, train duration, 0.114
COPDSexualDimorphism.data.csv,model RandomForest with 10 features, test duration, 0.009
COPDSexualDimorphism.data.csv,model LogisticsRegression with 10 features, train duration, 0.013
COPDSexualDimorphism.data.csv,model LogisticsRegression with 10 features, test duration, 0.001
COPDSexualDimorphism.data.csv,model NB with 10 features, train duration, 0.001
COPDSexualDimorphism.data.csv,model NB with 10 features, test duration, 0.001
COPDSexualDimorphism.data.csv,model SVM with 15 features, train duration, 0.009
COPDSexualDimorphism.data.csv,model SVM with 15 features, test duration, 0.001
COPDSexualDimorphism.data.csv,model k - nearest with 15 features, train duration, 0.001
COPDSexualDimorphism.data.csv,model k - nearest with 15 features, test duration, 0.001
COPDSexualDimorphism.data.csv,model RandomForest with 15 features, train duration, 0.117
COPDSexualDimorphism.data.csv,model RandomForest with 15 features, test duration, 0.010
COPDSexualDimorphism.data.csv,model LogisticsRegression with 15 features, train duration, 0.012
COPDSexualDimorphism.data.csv,model LogisticsRegression with 15 features, test duration, 0.001
COPDSexualDimorphism.data.csv,model NB with 15 features, train duration, 0.001
COPDSexualDimorphism.data.csv,model NB with 15 features, test duration, 0.001
COPDSexualDimorphism.data.csv,model SVM with 20 features, train duration, 0.011
COPDSexualDimorphism.data.csv,model SVM with 20 features, test duration, 0.001
COPDSexualDimorphism.data.csv,model k - nearest with 20 features, train duration, 0.001
COPDSexualDimorphism.data.csv,model k - nearest with 20 features, test duration, 0.001
COPDSexualDimorphism.data.csv,model RandomForest with 20 features, train duration, 0.124
COPDSexualDimorphism.data.csv,model RandomForest with 20 features, test duration, 0.010
COPDSexualDimorphism.data.csv,model LogisticsRegression with 20 features, train duration, 0.018
COPDSexualDimorphism.data.csv,model LogisticsRegression with 20 features, test duration, 0.001
COPDSexualDimorphism.data.csv,model NB with 20 features, train duration, 0.001
COPDSexualDimorphism.data.csv,model NB with 20 features, test duration, 0.001
COPDSexualDimorphism.data.csv,model SVM with 25 features, train duration, 0.015
COPDSexualDimorphism.data.csv,model SVM with 25 features, test duration, 0.001
COPDSexualDimorphism.data.csv,model k - nearest with 25 features, train duration, 0.001
COPDSexualDimorphism.data.csv,model k - nearest with 25 features, test duration, 0.001
COPDSexualDimorphism.data.csv,model RandomForest with 25 features, train duration, 0.453
COPDSexualDimorphism.data.csv,model RandomForest with 25 features, test duration, 0.071
COPDSexualDimorphism.data.csv,model LogisticsRegression with 25 features, train duration, 0.023
COPDSexualDimorphism.data.csv,model LogisticsRegression with 25 features, test duration, 0.001
COPDSexualDimorphism.data.csv,model NB with 25 features, train duration, 0.002
COPDSexualDimorphism.data.csv,model NB with 25 features, test duration, 0.002
COPDSexualDimorphism.data.csv,model SVM with 30 features, train duration, 0.013
COPDSexualDimorphism.data.csv,model SVM with 30 features, test duration, 0.001
COPDSexualDimorphism.data.csv,model k - nearest with 30 features, train duration, 0.001
COPDSexualDimorphism.data.csv,model k - nearest with 30 features, test duration, 0.001
COPDSexualDimorphism.data.csv,model RandomForest with 30 features, train duration, 0.154
COPDSexualDimorphism.data.csv,model RandomForest with 30 features, test duration, 0.013
COPDSexualDimorphism.data.csv,model LogisticsRegression with 30 features, train duration, 0.014
COPDSexualDimorphism.data.csv,model LogisticsRegression with 30 features, test duration, 0.001
COPDSexualDimorphism.data.csv,model NB with 30 features, train duration, 0.001
COPDSexualDimorphism.data.csv,model NB with 30 features, test duration, 0.001
COPDSexualDimorphism.data.csv,model SVM with 50 features, train duration, 0.026
COPDSexualDimorphism.data.csv,model SVM with 50 features, test duration, 0.001
COPDSexualDimorphism.data.csv,model k - nearest with 50 features, train duration, 0.002
COPDSexualDimorphism.data.csv,model k - nearest with 50 features, test duration, 0.002
COPDSexualDimorphism.data.csv,model RandomForest with 50 features, train duration, 0.137
COPDSexualDimorphism.data.csv,model RandomForest with 50 features, test duration, 0.011
COPDSexualDimorphism.data.csv,model LogisticsRegression with 50 features, train duration, 0.020
COPDSexualDimorphism.data.csv,model LogisticsRegression with 50 features, test duration, 0.001
COPDSexualDimorphism.data.csv,model NB with 50 features, train duration, 0.002
COPDSexualDimorphism.data.csv,model NB with 50 features, test duration, 0.001
COPDSexualDimorphism.data.csv,model SVM with 100 features, train duration, 0.038
COPDSexualDimorphism.data.csv,model SVM with 100 features, test duration, 0.002
COPDSexualDimorphism.data.csv,model k - nearest with 100 features, train duration, 0.001
COPDSexualDimorphism.data.csv,model k - nearest with 100 features, test duration, 0.001
COPDSexualDimorphism.data.csv,model RandomForest with 100 features, train duration, 0.197
COPDSexualDimorphism.data.csv,model RandomForest with 100 features, test duration, 0.013
COPDSexualDimorphism.data.csv,model LogisticsRegression with 100 features, train duration, 0.021
COPDSexualDimorphism.data.csv,model LogisticsRegression with 100 features, test duration, 0.001
COPDSexualDimorphism.data.csv,model NB with 100 features, train duration, 0.002
COPDSexualDimorphism.data.csv,model NB with 100 features, test duration, 0.002
