curatedOvarianData.csv,reliefF,selection runtime, 0.111
curatedOvarianData.csv,model SVM with 1 features, train duration, 0.010
curatedOvarianData.csv,model SVM with 1 features, test duration, 0.001
curatedOvarianData.csv,model k - nearest with 1 features, train duration, 0.001
curatedOvarianData.csv,model k - nearest with 1 features, test duration, 0.001
curatedOvarianData.csv,model RandomForest with 1 features, train duration, 0.099
curatedOvarianData.csv,model RandomForest with 1 features, test duration, 0.010
curatedOvarianData.csv,model LogisticsRegression with 1 features, train duration, 0.007
curatedOvarianData.csv,model LogisticsRegression with 1 features, test duration, 0.001
curatedOvarianData.csv,model NB with 1 features, train duration, 0.001
curatedOvarianData.csv,model NB with 1 features, test duration, 0.001
curatedOvarianData.csv,model SVM with 2 features, train duration, 0.008
curatedOvarianData.csv,model SVM with 2 features, test duration, 0.001
curatedOvarianData.csv,model k - nearest with 2 features, train duration, 0.001
curatedOvarianData.csv,model k - nearest with 2 features, test duration, 0.001
curatedOvarianData.csv,model RandomForest with 2 features, train duration, 0.096
curatedOvarianData.csv,model RandomForest with 2 features, test duration, 0.009
curatedOvarianData.csv,model LogisticsRegression with 2 features, train duration, 0.009
curatedOvarianData.csv,model LogisticsRegression with 2 features, test duration, 0.001
curatedOvarianData.csv,model NB with 2 features, train duration, 0.001
curatedOvarianData.csv,model NB with 2 features, test duration, 0.001
curatedOvarianData.csv,model SVM with 3 features, train duration, 0.009
curatedOvarianData.csv,model SVM with 3 features, test duration, 0.001
curatedOvarianData.csv,model k - nearest with 3 features, train duration, 0.001
curatedOvarianData.csv,model k - nearest with 3 features, test duration, 0.001
curatedOvarianData.csv,model RandomForest with 3 features, train duration, 0.115
curatedOvarianData.csv,model RandomForest with 3 features, test duration, 0.012
curatedOvarianData.csv,model LogisticsRegression with 3 features, train duration, 0.016
curatedOvarianData.csv,model LogisticsRegression with 3 features, test duration, 0.001
curatedOvarianData.csv,model NB with 3 features, train duration, 0.001
curatedOvarianData.csv,model NB with 3 features, test duration, 0.001
curatedOvarianData.csv,model SVM with 4 features, train duration, 0.008
curatedOvarianData.csv,model SVM with 4 features, test duration, 0.001
curatedOvarianData.csv,model k - nearest with 4 features, train duration, 0.001
curatedOvarianData.csv,model k - nearest with 4 features, test duration, 0.001
curatedOvarianData.csv,model RandomForest with 4 features, train duration, 0.111
curatedOvarianData.csv,model RandomForest with 4 features, test duration, 0.010
curatedOvarianData.csv,model LogisticsRegression with 4 features, train duration, 0.021
curatedOvarianData.csv,model LogisticsRegression with 4 features, test duration, 0.001
curatedOvarianData.csv,model NB with 4 features, train duration, 0.001
curatedOvarianData.csv,model NB with 4 features, test duration, 0.001
curatedOvarianData.csv,model SVM with 5 features, train duration, 0.009
curatedOvarianData.csv,model SVM with 5 features, test duration, 0.001
curatedOvarianData.csv,model k - nearest with 5 features, train duration, 0.001
curatedOvarianData.csv,model k - nearest with 5 features, test duration, 0.001
curatedOvarianData.csv,model RandomForest with 5 features, train duration, 0.133
curatedOvarianData.csv,model RandomForest with 5 features, test duration, 0.012
curatedOvarianData.csv,model LogisticsRegression with 5 features, train duration, 0.017
curatedOvarianData.csv,model LogisticsRegression with 5 features, test duration, 0.001
curatedOvarianData.csv,model NB with 5 features, train duration, 0.001
curatedOvarianData.csv,model NB with 5 features, test duration, 0.001
curatedOvarianData.csv,model SVM with 10 features, train duration, 0.009
curatedOvarianData.csv,model SVM with 10 features, test duration, 0.001
curatedOvarianData.csv,model k - nearest with 10 features, train duration, 0.001
curatedOvarianData.csv,model k - nearest with 10 features, test duration, 0.001
curatedOvarianData.csv,model RandomForest with 10 features, train duration, 0.113
curatedOvarianData.csv,model RandomForest with 10 features, test duration, 0.010
curatedOvarianData.csv,model LogisticsRegression with 10 features, train duration, 0.016
curatedOvarianData.csv,model LogisticsRegression with 10 features, test duration, 0.001
curatedOvarianData.csv,model NB with 10 features, train duration, 0.001
curatedOvarianData.csv,model NB with 10 features, test duration, 0.001
curatedOvarianData.csv,model SVM with 15 features, train duration, 0.013
curatedOvarianData.csv,model SVM with 15 features, test duration, 0.001
curatedOvarianData.csv,model k - nearest with 15 features, train duration, 0.001
curatedOvarianData.csv,model k - nearest with 15 features, test duration, 0.001
curatedOvarianData.csv,model RandomForest with 15 features, train duration, 0.126
curatedOvarianData.csv,model RandomForest with 15 features, test duration, 0.010
curatedOvarianData.csv,model LogisticsRegression with 15 features, train duration, 0.019
curatedOvarianData.csv,model LogisticsRegression with 15 features, test duration, 0.001
curatedOvarianData.csv,model NB with 15 features, train duration, 0.001
curatedOvarianData.csv,model NB with 15 features, test duration, 0.001
curatedOvarianData.csv,model SVM with 20 features, train duration, 0.010
curatedOvarianData.csv,model SVM with 20 features, test duration, 0.001
curatedOvarianData.csv,model k - nearest with 20 features, train duration, 0.001
curatedOvarianData.csv,model k - nearest with 20 features, test duration, 0.001
curatedOvarianData.csv,model RandomForest with 20 features, train duration, 0.119
curatedOvarianData.csv,model RandomForest with 20 features, test duration, 0.010
curatedOvarianData.csv,model LogisticsRegression with 20 features, train duration, 0.018
curatedOvarianData.csv,model LogisticsRegression with 20 features, test duration, 0.001
curatedOvarianData.csv,model NB with 20 features, train duration, 0.001
curatedOvarianData.csv,model NB with 20 features, test duration, 0.001
curatedOvarianData.csv,model SVM with 25 features, train duration, 0.012
curatedOvarianData.csv,model SVM with 25 features, test duration, 0.001
curatedOvarianData.csv,model k - nearest with 25 features, train duration, 0.001
curatedOvarianData.csv,model k - nearest with 25 features, test duration, 0.001
curatedOvarianData.csv,model RandomForest with 25 features, train duration, 0.149
curatedOvarianData.csv,model RandomForest with 25 features, test duration, 0.010
curatedOvarianData.csv,model LogisticsRegression with 25 features, train duration, 0.027
curatedOvarianData.csv,model LogisticsRegression with 25 features, test duration, 0.002
curatedOvarianData.csv,model NB with 25 features, train duration, 0.001
curatedOvarianData.csv,model NB with 25 features, test duration, 0.001
curatedOvarianData.csv,model SVM with 30 features, train duration, 0.015
curatedOvarianData.csv,model SVM with 30 features, test duration, 0.001
curatedOvarianData.csv,model k - nearest with 30 features, train duration, 0.002
curatedOvarianData.csv,model k - nearest with 30 features, test duration, 0.001
curatedOvarianData.csv,model RandomForest with 30 features, train duration, 0.154
curatedOvarianData.csv,model RandomForest with 30 features, test duration, 0.012
curatedOvarianData.csv,model LogisticsRegression with 30 features, train duration, 0.024
curatedOvarianData.csv,model LogisticsRegression with 30 features, test duration, 0.001
curatedOvarianData.csv,model NB with 30 features, train duration, 0.002
curatedOvarianData.csv,model NB with 30 features, test duration, 0.001
curatedOvarianData.csv,model SVM with 50 features, train duration, 0.020
curatedOvarianData.csv,model SVM with 50 features, test duration, 0.001
curatedOvarianData.csv,model k - nearest with 50 features, train duration, 0.001
curatedOvarianData.csv,model k - nearest with 50 features, test duration, 0.001
curatedOvarianData.csv,model RandomForest with 50 features, train duration, 0.142
curatedOvarianData.csv,model RandomForest with 50 features, test duration, 0.010
curatedOvarianData.csv,model LogisticsRegression with 50 features, train duration, 0.020
curatedOvarianData.csv,model LogisticsRegression with 50 features, test duration, 0.001
curatedOvarianData.csv,model NB with 50 features, train duration, 0.002
curatedOvarianData.csv,model NB with 50 features, test duration, 0.001
curatedOvarianData.csv,model SVM with 100 features, train duration, 0.040
curatedOvarianData.csv,model SVM with 100 features, test duration, 0.001
curatedOvarianData.csv,model k - nearest with 100 features, train duration, 0.002
curatedOvarianData.csv,model k - nearest with 100 features, test duration, 0.002
curatedOvarianData.csv,model RandomForest with 100 features, train duration, 0.154
curatedOvarianData.csv,model RandomForest with 100 features, test duration, 0.010
curatedOvarianData.csv,model LogisticsRegression with 100 features, train duration, 0.024
curatedOvarianData.csv,model LogisticsRegression with 100 features, test duration, 0.001
curatedOvarianData.csv,model NB with 100 features, train duration, 0.002
curatedOvarianData.csv,model NB with 100 features, test duration, 0.001
curatedOvarianData.csv,rfe,selection runtime, 5.589
curatedOvarianData.csv,model SVM with 1 features, train duration, 0.010
curatedOvarianData.csv,model SVM with 1 features, test duration, 0.001
curatedOvarianData.csv,model k - nearest with 1 features, train duration, 0.001
curatedOvarianData.csv,model k - nearest with 1 features, test duration, 0.001
curatedOvarianData.csv,model RandomForest with 1 features, train duration, 0.103
curatedOvarianData.csv,model RandomForest with 1 features, test duration, 0.010
curatedOvarianData.csv,model LogisticsRegression with 1 features, train duration, 0.009
curatedOvarianData.csv,model LogisticsRegression with 1 features, test duration, 0.001
curatedOvarianData.csv,model NB with 1 features, train duration, 0.001
curatedOvarianData.csv,model NB with 1 features, test duration, 0.001
curatedOvarianData.csv,model SVM with 2 features, train duration, 0.010
curatedOvarianData.csv,model SVM with 2 features, test duration, 0.001
curatedOvarianData.csv,model k - nearest with 2 features, train duration, 0.001
curatedOvarianData.csv,model k - nearest with 2 features, test duration, 0.001
curatedOvarianData.csv,model RandomForest with 2 features, train duration, 0.104
curatedOvarianData.csv,model RandomForest with 2 features, test duration, 0.009
curatedOvarianData.csv,model LogisticsRegression with 2 features, train duration, 0.009
curatedOvarianData.csv,model LogisticsRegression with 2 features, test duration, 0.001
curatedOvarianData.csv,model NB with 2 features, train duration, 0.001
curatedOvarianData.csv,model NB with 2 features, test duration, 0.001
curatedOvarianData.csv,model SVM with 3 features, train duration, 0.010
curatedOvarianData.csv,model SVM with 3 features, test duration, 0.001
curatedOvarianData.csv,model k - nearest with 3 features, train duration, 0.001
curatedOvarianData.csv,model k - nearest with 3 features, test duration, 0.001
curatedOvarianData.csv,model RandomForest with 3 features, train duration, 0.109
curatedOvarianData.csv,model RandomForest with 3 features, test duration, 0.011
curatedOvarianData.csv,model LogisticsRegression with 3 features, train duration, 0.017
curatedOvarianData.csv,model LogisticsRegression with 3 features, test duration, 0.001
curatedOvarianData.csv,model NB with 3 features, train duration, 0.001
curatedOvarianData.csv,model NB with 3 features, test duration, 0.001
curatedOvarianData.csv,model SVM with 4 features, train duration, 0.010
curatedOvarianData.csv,model SVM with 4 features, test duration, 0.001
curatedOvarianData.csv,model k - nearest with 4 features, train duration, 0.001
curatedOvarianData.csv,model k - nearest with 4 features, test duration, 0.001
curatedOvarianData.csv,model RandomForest with 4 features, train duration, 0.107
curatedOvarianData.csv,model RandomForest with 4 features, test duration, 0.010
curatedOvarianData.csv,model LogisticsRegression with 4 features, train duration, 0.016
curatedOvarianData.csv,model LogisticsRegression with 4 features, test duration, 0.001
curatedOvarianData.csv,model NB with 4 features, train duration, 0.001
curatedOvarianData.csv,model NB with 4 features, test duration, 0.001
curatedOvarianData.csv,model SVM with 5 features, train duration, 0.009
curatedOvarianData.csv,model SVM with 5 features, test duration, 0.001
curatedOvarianData.csv,model k - nearest with 5 features, train duration, 0.001
curatedOvarianData.csv,model k - nearest with 5 features, test duration, 0.001
curatedOvarianData.csv,model RandomForest with 5 features, train duration, 0.132
curatedOvarianData.csv,model RandomForest with 5 features, test duration, 0.012
curatedOvarianData.csv,model LogisticsRegression with 5 features, train duration, 0.018
curatedOvarianData.csv,model LogisticsRegression with 5 features, test duration, 0.001
curatedOvarianData.csv,model NB with 5 features, train duration, 0.001
curatedOvarianData.csv,model NB with 5 features, test duration, 0.001
curatedOvarianData.csv,model SVM with 10 features, train duration, 0.010
curatedOvarianData.csv,model SVM with 10 features, test duration, 0.001
curatedOvarianData.csv,model k - nearest with 10 features, train duration, 0.001
curatedOvarianData.csv,model k - nearest with 10 features, test duration, 0.001
curatedOvarianData.csv,model RandomForest with 10 features, train duration, 0.117
curatedOvarianData.csv,model RandomForest with 10 features, test duration, 0.011
curatedOvarianData.csv,model LogisticsRegression with 10 features, train duration, 0.017
curatedOvarianData.csv,model LogisticsRegression with 10 features, test duration, 0.001
curatedOvarianData.csv,model NB with 10 features, train duration, 0.001
curatedOvarianData.csv,model NB with 10 features, test duration, 0.001
curatedOvarianData.csv,model SVM with 15 features, train duration, 0.011
curatedOvarianData.csv,model SVM with 15 features, test duration, 0.001
curatedOvarianData.csv,model k - nearest with 15 features, train duration, 0.001
curatedOvarianData.csv,model k - nearest with 15 features, test duration, 0.001
curatedOvarianData.csv,model RandomForest with 15 features, train duration, 0.117
curatedOvarianData.csv,model RandomForest with 15 features, test duration, 0.010
curatedOvarianData.csv,model LogisticsRegression with 15 features, train duration, 0.017
curatedOvarianData.csv,model LogisticsRegression with 15 features, test duration, 0.001
curatedOvarianData.csv,model NB with 15 features, train duration, 0.001
curatedOvarianData.csv,model NB with 15 features, test duration, 0.001
curatedOvarianData.csv,model SVM with 20 features, train duration, 0.014
curatedOvarianData.csv,model SVM with 20 features, test duration, 0.001
curatedOvarianData.csv,model k - nearest with 20 features, train duration, 0.001
curatedOvarianData.csv,model k - nearest with 20 features, test duration, 0.001
curatedOvarianData.csv,model RandomForest with 20 features, train duration, 0.119
curatedOvarianData.csv,model RandomForest with 20 features, test duration, 0.010
curatedOvarianData.csv,model LogisticsRegression with 20 features, train duration, 0.018
curatedOvarianData.csv,model LogisticsRegression with 20 features, test duration, 0.001
curatedOvarianData.csv,model NB with 20 features, train duration, 0.001
curatedOvarianData.csv,model NB with 20 features, test duration, 0.001
curatedOvarianData.csv,model SVM with 25 features, train duration, 0.014
curatedOvarianData.csv,model SVM with 25 features, test duration, 0.001
curatedOvarianData.csv,model k - nearest with 25 features, train duration, 0.001
curatedOvarianData.csv,model k - nearest with 25 features, test duration, 0.001
curatedOvarianData.csv,model RandomForest with 25 features, train duration, 0.124
curatedOvarianData.csv,model RandomForest with 25 features, test duration, 0.009
curatedOvarianData.csv,model LogisticsRegression with 25 features, train duration, 0.019
curatedOvarianData.csv,model LogisticsRegression with 25 features, test duration, 0.001
curatedOvarianData.csv,model NB with 25 features, train duration, 0.001
curatedOvarianData.csv,model NB with 25 features, test duration, 0.001
curatedOvarianData.csv,model SVM with 30 features, train duration, 0.015
curatedOvarianData.csv,model SVM with 30 features, test duration, 0.001
curatedOvarianData.csv,model k - nearest with 30 features, train duration, 0.001
curatedOvarianData.csv,model k - nearest with 30 features, test duration, 0.001
curatedOvarianData.csv,model RandomForest with 30 features, train duration, 0.124
curatedOvarianData.csv,model RandomForest with 30 features, test duration, 0.010
curatedOvarianData.csv,model LogisticsRegression with 30 features, train duration, 0.018
curatedOvarianData.csv,model LogisticsRegression with 30 features, test duration, 0.001
curatedOvarianData.csv,model NB with 30 features, train duration, 0.001
curatedOvarianData.csv,model NB with 30 features, test duration, 0.001
curatedOvarianData.csv,model SVM with 50 features, train duration, 0.022
curatedOvarianData.csv,model SVM with 50 features, test duration, 0.001
curatedOvarianData.csv,model k - nearest with 50 features, train duration, 0.001
curatedOvarianData.csv,model k - nearest with 50 features, test duration, 0.001
curatedOvarianData.csv,model RandomForest with 50 features, train duration, 0.166
curatedOvarianData.csv,model RandomForest with 50 features, test duration, 0.012
curatedOvarianData.csv,model LogisticsRegression with 50 features, train duration, 0.023
curatedOvarianData.csv,model LogisticsRegression with 50 features, test duration, 0.001
curatedOvarianData.csv,model NB with 50 features, train duration, 0.001
curatedOvarianData.csv,model NB with 50 features, test duration, 0.001
curatedOvarianData.csv,model SVM with 100 features, train duration, 0.038
curatedOvarianData.csv,model SVM with 100 features, test duration, 0.001
curatedOvarianData.csv,model k - nearest with 100 features, train duration, 0.002
curatedOvarianData.csv,model k - nearest with 100 features, test duration, 0.001
curatedOvarianData.csv,model RandomForest with 100 features, train duration, 0.166
curatedOvarianData.csv,model RandomForest with 100 features, test duration, 0.012
curatedOvarianData.csv,model LogisticsRegression with 100 features, train duration, 0.024
curatedOvarianData.csv,model LogisticsRegression with 100 features, test duration, 0.002
curatedOvarianData.csv,model NB with 100 features, train duration, 0.002
curatedOvarianData.csv,model NB with 100 features, test duration, 0.001
curatedOvarianData.csv,Fdr_f_classif,selection runtime, 0.009
curatedOvarianData.csv,model SVM with 1 features, train duration, 0.016
curatedOvarianData.csv,model SVM with 1 features, test duration, 0.001
curatedOvarianData.csv,model k - nearest with 1 features, train duration, 0.002
curatedOvarianData.csv,model k - nearest with 1 features, test duration, 0.001
curatedOvarianData.csv,model RandomForest with 1 features, train duration, 0.104
curatedOvarianData.csv,model RandomForest with 1 features, test duration, 0.010
curatedOvarianData.csv,model LogisticsRegression with 1 features, train duration, 0.006
curatedOvarianData.csv,model LogisticsRegression with 1 features, test duration, 0.001
curatedOvarianData.csv,model NB with 1 features, train duration, 0.002
curatedOvarianData.csv,model NB with 1 features, test duration, 0.001
curatedOvarianData.csv,model SVM with 2 features, train duration, 0.007
curatedOvarianData.csv,model SVM with 2 features, test duration, 0.001
curatedOvarianData.csv,model k - nearest with 2 features, train duration, 0.001
curatedOvarianData.csv,model k - nearest with 2 features, test duration, 0.001
curatedOvarianData.csv,model RandomForest with 2 features, train duration, 0.096
curatedOvarianData.csv,model RandomForest with 2 features, test duration, 0.009
curatedOvarianData.csv,model LogisticsRegression with 2 features, train duration, 0.009
curatedOvarianData.csv,model LogisticsRegression with 2 features, test duration, 0.001
curatedOvarianData.csv,model NB with 2 features, train duration, 0.001
curatedOvarianData.csv,model NB with 2 features, test duration, 0.001
curatedOvarianData.csv,model SVM with 3 features, train duration, 0.007
curatedOvarianData.csv,model SVM with 3 features, test duration, 0.001
curatedOvarianData.csv,model k - nearest with 3 features, train duration, 0.001
curatedOvarianData.csv,model k - nearest with 3 features, test duration, 0.001
curatedOvarianData.csv,model RandomForest with 3 features, train duration, 0.103
curatedOvarianData.csv,model RandomForest with 3 features, test duration, 0.013
curatedOvarianData.csv,model LogisticsRegression with 3 features, train duration, 0.017
curatedOvarianData.csv,model LogisticsRegression with 3 features, test duration, 0.001
curatedOvarianData.csv,model NB with 3 features, train duration, 0.001
curatedOvarianData.csv,model NB with 3 features, test duration, 0.001
curatedOvarianData.csv,model SVM with 4 features, train duration, 0.008
curatedOvarianData.csv,model SVM with 4 features, test duration, 0.001
curatedOvarianData.csv,model k - nearest with 4 features, train duration, 0.001
curatedOvarianData.csv,model k - nearest with 4 features, test duration, 0.001
curatedOvarianData.csv,model RandomForest with 4 features, train duration, 0.101
curatedOvarianData.csv,model RandomForest with 4 features, test duration, 0.009
curatedOvarianData.csv,model LogisticsRegression with 4 features, train duration, 0.016
curatedOvarianData.csv,model LogisticsRegression with 4 features, test duration, 0.001
curatedOvarianData.csv,model NB with 4 features, train duration, 0.001
curatedOvarianData.csv,model NB with 4 features, test duration, 0.001
curatedOvarianData.csv,model SVM with 5 features, train duration, 0.007
curatedOvarianData.csv,model SVM with 5 features, test duration, 0.001
curatedOvarianData.csv,model k - nearest with 5 features, train duration, 0.001
curatedOvarianData.csv,model k - nearest with 5 features, test duration, 0.001
curatedOvarianData.csv,model RandomForest with 5 features, train duration, 0.118
curatedOvarianData.csv,model RandomForest with 5 features, test duration, 0.010
curatedOvarianData.csv,model LogisticsRegression with 5 features, train duration, 0.018
curatedOvarianData.csv,model LogisticsRegression with 5 features, test duration, 0.001
curatedOvarianData.csv,model NB with 5 features, train duration, 0.001
curatedOvarianData.csv,model NB with 5 features, test duration, 0.001
curatedOvarianData.csv,model SVM with 10 features, train duration, 0.009
curatedOvarianData.csv,model SVM with 10 features, test duration, 0.001
curatedOvarianData.csv,model k - nearest with 10 features, train duration, 0.001
curatedOvarianData.csv,model k - nearest with 10 features, test duration, 0.001
curatedOvarianData.csv,model RandomForest with 10 features, train duration, 0.117
curatedOvarianData.csv,model RandomForest with 10 features, test duration, 0.011
curatedOvarianData.csv,model LogisticsRegression with 10 features, train duration, 0.015
curatedOvarianData.csv,model LogisticsRegression with 10 features, test duration, 0.001
curatedOvarianData.csv,model NB with 10 features, train duration, 0.001
curatedOvarianData.csv,model NB with 10 features, test duration, 0.001
curatedOvarianData.csv,model SVM with 15 features, train duration, 0.010
curatedOvarianData.csv,model SVM with 15 features, test duration, 0.001
curatedOvarianData.csv,model k - nearest with 15 features, train duration, 0.002
curatedOvarianData.csv,model k - nearest with 15 features, test duration, 0.001
curatedOvarianData.csv,model RandomForest with 15 features, train duration, 0.110
curatedOvarianData.csv,model RandomForest with 15 features, test duration, 0.009
curatedOvarianData.csv,model LogisticsRegression with 15 features, train duration, 0.018
curatedOvarianData.csv,model LogisticsRegression with 15 features, test duration, 0.001
curatedOvarianData.csv,model NB with 15 features, train duration, 0.001
curatedOvarianData.csv,model NB with 15 features, test duration, 0.001
curatedOvarianData.csv,model SVM with 20 features, train duration, 0.009
curatedOvarianData.csv,model SVM with 20 features, test duration, 0.001
curatedOvarianData.csv,model k - nearest with 20 features, train duration, 0.001
curatedOvarianData.csv,model k - nearest with 20 features, test duration, 0.001
curatedOvarianData.csv,model RandomForest with 20 features, train duration, 0.111
curatedOvarianData.csv,model RandomForest with 20 features, test duration, 0.010
curatedOvarianData.csv,model LogisticsRegression with 20 features, train duration, 0.021
curatedOvarianData.csv,model LogisticsRegression with 20 features, test duration, 0.001
curatedOvarianData.csv,model NB with 20 features, train duration, 0.001
curatedOvarianData.csv,model NB with 20 features, test duration, 0.001
curatedOvarianData.csv,model SVM with 25 features, train duration, 0.012
curatedOvarianData.csv,model SVM with 25 features, test duration, 0.001
curatedOvarianData.csv,model k - nearest with 25 features, train duration, 0.001
curatedOvarianData.csv,model k - nearest with 25 features, test duration, 0.001
curatedOvarianData.csv,model RandomForest with 25 features, train duration, 0.104
curatedOvarianData.csv,model RandomForest with 25 features, test duration, 0.008
curatedOvarianData.csv,model LogisticsRegression with 25 features, train duration, 0.018
curatedOvarianData.csv,model LogisticsRegression with 25 features, test duration, 0.001
curatedOvarianData.csv,model NB with 25 features, train duration, 0.002
curatedOvarianData.csv,model NB with 25 features, test duration, 0.001
curatedOvarianData.csv,model SVM with 30 features, train duration, 0.008
curatedOvarianData.csv,model SVM with 30 features, test duration, 0.001
curatedOvarianData.csv,model k - nearest with 30 features, train duration, 0.001
curatedOvarianData.csv,model k - nearest with 30 features, test duration, 0.001
curatedOvarianData.csv,model RandomForest with 30 features, train duration, 0.111
curatedOvarianData.csv,model RandomForest with 30 features, test duration, 0.009
curatedOvarianData.csv,model LogisticsRegression with 30 features, train duration, 0.017
curatedOvarianData.csv,model LogisticsRegression with 30 features, test duration, 0.001
curatedOvarianData.csv,model NB with 30 features, train duration, 0.001
curatedOvarianData.csv,model NB with 30 features, test duration, 0.001
curatedOvarianData.csv,model SVM with 50 features, train duration, 0.009
curatedOvarianData.csv,model SVM with 50 features, test duration, 0.001
curatedOvarianData.csv,model k - nearest with 50 features, train duration, 0.001
curatedOvarianData.csv,model k - nearest with 50 features, test duration, 0.001
curatedOvarianData.csv,model RandomForest with 50 features, train duration, 0.136
curatedOvarianData.csv,model RandomForest with 50 features, test duration, 0.011
curatedOvarianData.csv,model LogisticsRegression with 50 features, train duration, 0.018
curatedOvarianData.csv,model LogisticsRegression with 50 features, test duration, 0.001
curatedOvarianData.csv,model NB with 50 features, train duration, 0.001
curatedOvarianData.csv,model NB with 50 features, test duration, 0.001
curatedOvarianData.csv,model SVM with 100 features, train duration, 0.010
curatedOvarianData.csv,model SVM with 100 features, test duration, 0.001
curatedOvarianData.csv,model k - nearest with 100 features, train duration, 0.001
curatedOvarianData.csv,model k - nearest with 100 features, test duration, 0.001
curatedOvarianData.csv,model RandomForest with 100 features, train duration, 0.114
curatedOvarianData.csv,model RandomForest with 100 features, test duration, 0.011
curatedOvarianData.csv,model LogisticsRegression with 100 features, train duration, 0.020
curatedOvarianData.csv,model LogisticsRegression with 100 features, test duration, 0.001
curatedOvarianData.csv,model NB with 100 features, train duration, 0.001
curatedOvarianData.csv,model NB with 100 features, test duration, 0.001
curatedOvarianData.csv,mrmr,selection runtime, 9.776
curatedOvarianData.csv,model SVM with 1 features, train duration, 0.008
curatedOvarianData.csv,model SVM with 1 features, test duration, 0.001
curatedOvarianData.csv,model k - nearest with 1 features, train duration, 0.001
curatedOvarianData.csv,model k - nearest with 1 features, test duration, 0.002
curatedOvarianData.csv,model RandomForest with 1 features, train duration, 0.094
curatedOvarianData.csv,model RandomForest with 1 features, test duration, 0.010
curatedOvarianData.csv,model LogisticsRegression with 1 features, train duration, 0.009
curatedOvarianData.csv,model LogisticsRegression with 1 features, test duration, 0.001
curatedOvarianData.csv,model NB with 1 features, train duration, 0.001
curatedOvarianData.csv,model NB with 1 features, test duration, 0.001
curatedOvarianData.csv,model SVM with 2 features, train duration, 0.009
curatedOvarianData.csv,model SVM with 2 features, test duration, 0.001
curatedOvarianData.csv,model k - nearest with 2 features, train duration, 0.001
curatedOvarianData.csv,model k - nearest with 2 features, test duration, 0.001
curatedOvarianData.csv,model RandomForest with 2 features, train duration, 0.093
curatedOvarianData.csv,model RandomForest with 2 features, test duration, 0.008
curatedOvarianData.csv,model LogisticsRegression with 2 features, train duration, 0.011
curatedOvarianData.csv,model LogisticsRegression with 2 features, test duration, 0.001
curatedOvarianData.csv,model NB with 2 features, train duration, 0.001
curatedOvarianData.csv,model NB with 2 features, test duration, 0.001
curatedOvarianData.csv,model SVM with 3 features, train duration, 0.009
curatedOvarianData.csv,model SVM with 3 features, test duration, 0.001
curatedOvarianData.csv,model k - nearest with 3 features, train duration, 0.001
curatedOvarianData.csv,model k - nearest with 3 features, test duration, 0.001
curatedOvarianData.csv,model RandomForest with 3 features, train duration, 0.096
curatedOvarianData.csv,model RandomForest with 3 features, test duration, 0.014
curatedOvarianData.csv,model LogisticsRegression with 3 features, train duration, 0.014
curatedOvarianData.csv,model LogisticsRegression with 3 features, test duration, 0.001
curatedOvarianData.csv,model NB with 3 features, train duration, 0.001
curatedOvarianData.csv,model NB with 3 features, test duration, 0.001
curatedOvarianData.csv,model SVM with 4 features, train duration, 0.008
curatedOvarianData.csv,model SVM with 4 features, test duration, 0.001
curatedOvarianData.csv,model k - nearest with 4 features, train duration, 0.001
curatedOvarianData.csv,model k - nearest with 4 features, test duration, 0.001
curatedOvarianData.csv,model RandomForest with 4 features, train duration, 0.096
curatedOvarianData.csv,model RandomForest with 4 features, test duration, 0.008
curatedOvarianData.csv,model LogisticsRegression with 4 features, train duration, 0.013
curatedOvarianData.csv,model LogisticsRegression with 4 features, test duration, 0.001
curatedOvarianData.csv,model NB with 4 features, train duration, 0.001
curatedOvarianData.csv,model NB with 4 features, test duration, 0.001
curatedOvarianData.csv,model SVM with 5 features, train duration, 0.008
curatedOvarianData.csv,model SVM with 5 features, test duration, 0.001
curatedOvarianData.csv,model k - nearest with 5 features, train duration, 0.001
curatedOvarianData.csv,model k - nearest with 5 features, test duration, 0.001
curatedOvarianData.csv,model RandomForest with 5 features, train duration, 0.098
curatedOvarianData.csv,model RandomForest with 5 features, test duration, 0.010
curatedOvarianData.csv,model LogisticsRegression with 5 features, train duration, 0.015
curatedOvarianData.csv,model LogisticsRegression with 5 features, test duration, 0.001
curatedOvarianData.csv,model NB with 5 features, train duration, 0.001
curatedOvarianData.csv,model NB with 5 features, test duration, 0.001
curatedOvarianData.csv,model SVM with 10 features, train duration, 0.008
curatedOvarianData.csv,model SVM with 10 features, test duration, 0.001
curatedOvarianData.csv,model k - nearest with 10 features, train duration, 0.001
curatedOvarianData.csv,model k - nearest with 10 features, test duration, 0.001
curatedOvarianData.csv,model RandomForest with 10 features, train duration, 0.118
curatedOvarianData.csv,model RandomForest with 10 features, test duration, 0.012
curatedOvarianData.csv,model LogisticsRegression with 10 features, train duration, 0.015
curatedOvarianData.csv,model LogisticsRegression with 10 features, test duration, 0.001
curatedOvarianData.csv,model NB with 10 features, train duration, 0.001
curatedOvarianData.csv,model NB with 10 features, test duration, 0.001
curatedOvarianData.csv,model SVM with 15 features, train duration, 0.011
curatedOvarianData.csv,model SVM with 15 features, test duration, 0.001
curatedOvarianData.csv,model k - nearest with 15 features, train duration, 0.001
curatedOvarianData.csv,model k - nearest with 15 features, test duration, 0.001
curatedOvarianData.csv,model RandomForest with 15 features, train duration, 0.118
curatedOvarianData.csv,model RandomForest with 15 features, test duration, 0.010
curatedOvarianData.csv,model LogisticsRegression with 15 features, train duration, 0.015
curatedOvarianData.csv,model LogisticsRegression with 15 features, test duration, 0.001
curatedOvarianData.csv,model NB with 15 features, train duration, 0.001
curatedOvarianData.csv,model NB with 15 features, test duration, 0.001
curatedOvarianData.csv,model SVM with 20 features, train duration, 0.010
curatedOvarianData.csv,model SVM with 20 features, test duration, 0.001
curatedOvarianData.csv,model k - nearest with 20 features, train duration, 0.001
curatedOvarianData.csv,model k - nearest with 20 features, test duration, 0.001
curatedOvarianData.csv,model RandomForest with 20 features, train duration, 0.106
curatedOvarianData.csv,model RandomForest with 20 features, test duration, 0.008
curatedOvarianData.csv,model LogisticsRegression with 20 features, train duration, 0.015
curatedOvarianData.csv,model LogisticsRegression with 20 features, test duration, 0.001
curatedOvarianData.csv,model NB with 20 features, train duration, 0.001
curatedOvarianData.csv,model NB with 20 features, test duration, 0.001
curatedOvarianData.csv,model SVM with 25 features, train duration, 0.013
curatedOvarianData.csv,model SVM with 25 features, test duration, 0.002
curatedOvarianData.csv,model k - nearest with 25 features, train duration, 0.001
curatedOvarianData.csv,model k - nearest with 25 features, test duration, 0.001
curatedOvarianData.csv,model RandomForest with 25 features, train duration, 0.115
curatedOvarianData.csv,model RandomForest with 25 features, test duration, 0.009
curatedOvarianData.csv,model LogisticsRegression with 25 features, train duration, 0.017
curatedOvarianData.csv,model LogisticsRegression with 25 features, test duration, 0.001
curatedOvarianData.csv,model NB with 25 features, train duration, 0.001
curatedOvarianData.csv,model NB with 25 features, test duration, 0.001
curatedOvarianData.csv,model SVM with 30 features, train duration, 0.012
curatedOvarianData.csv,model SVM with 30 features, test duration, 0.001
curatedOvarianData.csv,model k - nearest with 30 features, train duration, 0.001
curatedOvarianData.csv,model k - nearest with 30 features, test duration, 0.001
curatedOvarianData.csv,model RandomForest with 30 features, train duration, 0.119
curatedOvarianData.csv,model RandomForest with 30 features, test duration, 0.009
curatedOvarianData.csv,model LogisticsRegression with 30 features, train duration, 0.017
curatedOvarianData.csv,model LogisticsRegression with 30 features, test duration, 0.001
curatedOvarianData.csv,model NB with 30 features, train duration, 0.001
curatedOvarianData.csv,model NB with 30 features, test duration, 0.001
curatedOvarianData.csv,model SVM with 50 features, train duration, 0.016
curatedOvarianData.csv,model SVM with 50 features, test duration, 0.001
curatedOvarianData.csv,model k - nearest with 50 features, train duration, 0.001
curatedOvarianData.csv,model k - nearest with 50 features, test duration, 0.001
curatedOvarianData.csv,model RandomForest with 50 features, train duration, 0.125
curatedOvarianData.csv,model RandomForest with 50 features, test duration, 0.009
curatedOvarianData.csv,model LogisticsRegression with 50 features, train duration, 0.017
curatedOvarianData.csv,model LogisticsRegression with 50 features, test duration, 0.001
curatedOvarianData.csv,model NB with 50 features, train duration, 0.001
curatedOvarianData.csv,model NB with 50 features, test duration, 0.001
curatedOvarianData.csv,model SVM with 100 features, train duration, 0.025
curatedOvarianData.csv,model SVM with 100 features, test duration, 0.001
curatedOvarianData.csv,model k - nearest with 100 features, train duration, 0.001
curatedOvarianData.csv,model k - nearest with 100 features, test duration, 0.001
curatedOvarianData.csv,model RandomForest with 100 features, train duration, 0.186
curatedOvarianData.csv,model RandomForest with 100 features, test duration, 0.015
curatedOvarianData.csv,model LogisticsRegression with 100 features, train duration, 0.022
curatedOvarianData.csv,model LogisticsRegression with 100 features, test duration, 0.001
curatedOvarianData.csv,model NB with 100 features, train duration, 0.002
curatedOvarianData.csv,model NB with 100 features, test duration, 0.002
curatedOvarianData.csv,MMCC,selection runtime, 114.234
curatedOvarianData.csv,model SVM with 1 features, train duration, 0.012
curatedOvarianData.csv,model SVM with 1 features, test duration, 0.001
curatedOvarianData.csv,model k - nearest with 1 features, train duration, 0.001
curatedOvarianData.csv,model k - nearest with 1 features, test duration, 0.001
curatedOvarianData.csv,model RandomForest with 1 features, train duration, 0.095
curatedOvarianData.csv,model RandomForest with 1 features, test duration, 0.012
curatedOvarianData.csv,model LogisticsRegression with 1 features, train duration, 0.005
curatedOvarianData.csv,model LogisticsRegression with 1 features, test duration, 0.001
curatedOvarianData.csv,model NB with 1 features, train duration, 0.001
curatedOvarianData.csv,model NB with 1 features, test duration, 0.001
curatedOvarianData.csv,model SVM with 2 features, train duration, 0.014
curatedOvarianData.csv,model SVM with 2 features, test duration, 0.001
curatedOvarianData.csv,model k - nearest with 2 features, train duration, 0.001
curatedOvarianData.csv,model k - nearest with 2 features, test duration, 0.001
curatedOvarianData.csv,model RandomForest with 2 features, train duration, 0.092
curatedOvarianData.csv,model RandomForest with 2 features, test duration, 0.008
curatedOvarianData.csv,model LogisticsRegression with 2 features, train duration, 0.003
curatedOvarianData.csv,model LogisticsRegression with 2 features, test duration, 0.001
curatedOvarianData.csv,model NB with 2 features, train duration, 0.001
curatedOvarianData.csv,model NB with 2 features, test duration, 0.001
curatedOvarianData.csv,model SVM with 3 features, train duration, 0.014
curatedOvarianData.csv,model SVM with 3 features, test duration, 0.001
curatedOvarianData.csv,model k - nearest with 3 features, train duration, 0.001
curatedOvarianData.csv,model k - nearest with 3 features, test duration, 0.001
curatedOvarianData.csv,model RandomForest with 3 features, train duration, 0.123
curatedOvarianData.csv,model RandomForest with 3 features, test duration, 0.010
curatedOvarianData.csv,model LogisticsRegression with 3 features, train duration, 0.008
curatedOvarianData.csv,model LogisticsRegression with 3 features, test duration, 0.001
curatedOvarianData.csv,model NB with 3 features, train duration, 0.001
curatedOvarianData.csv,model NB with 3 features, test duration, 0.001
curatedOvarianData.csv,model SVM with 4 features, train duration, 0.016
curatedOvarianData.csv,model SVM with 4 features, test duration, 0.001
curatedOvarianData.csv,model k - nearest with 4 features, train duration, 0.001
curatedOvarianData.csv,model k - nearest with 4 features, test duration, 0.001
curatedOvarianData.csv,model RandomForest with 4 features, train duration, 0.111
curatedOvarianData.csv,model RandomForest with 4 features, test duration, 0.009
curatedOvarianData.csv,model LogisticsRegression with 4 features, train duration, 0.009
curatedOvarianData.csv,model LogisticsRegression with 4 features, test duration, 0.001
curatedOvarianData.csv,model NB with 4 features, train duration, 0.001
curatedOvarianData.csv,model NB with 4 features, test duration, 0.001
curatedOvarianData.csv,model SVM with 5 features, train duration, 0.017
curatedOvarianData.csv,model SVM with 5 features, test duration, 0.001
curatedOvarianData.csv,model k - nearest with 5 features, train duration, 0.001
curatedOvarianData.csv,model k - nearest with 5 features, test duration, 0.001
curatedOvarianData.csv,model RandomForest with 5 features, train duration, 0.111
curatedOvarianData.csv,model RandomForest with 5 features, test duration, 0.010
curatedOvarianData.csv,model LogisticsRegression with 5 features, train duration, 0.008
curatedOvarianData.csv,model LogisticsRegression with 5 features, test duration, 0.001
curatedOvarianData.csv,model NB with 5 features, train duration, 0.001
curatedOvarianData.csv,model NB with 5 features, test duration, 0.001
curatedOvarianData.csv,model SVM with 10 features, train duration, 0.015
curatedOvarianData.csv,model SVM with 10 features, test duration, 0.001
curatedOvarianData.csv,model k - nearest with 10 features, train duration, 0.001
curatedOvarianData.csv,model k - nearest with 10 features, test duration, 0.001
curatedOvarianData.csv,model RandomForest with 10 features, train duration, 0.113
curatedOvarianData.csv,model RandomForest with 10 features, test duration, 0.010
curatedOvarianData.csv,model LogisticsRegression with 10 features, train duration, 0.010
curatedOvarianData.csv,model LogisticsRegression with 10 features, test duration, 0.001
curatedOvarianData.csv,model NB with 10 features, train duration, 0.001
curatedOvarianData.csv,model NB with 10 features, test duration, 0.001
curatedOvarianData.csv,model SVM with 15 features, train duration, 0.015
curatedOvarianData.csv,model SVM with 15 features, test duration, 0.001
curatedOvarianData.csv,model k - nearest with 15 features, train duration, 0.001
curatedOvarianData.csv,model k - nearest with 15 features, test duration, 0.001
curatedOvarianData.csv,model RandomForest with 15 features, train duration, 0.115
curatedOvarianData.csv,model RandomForest with 15 features, test duration, 0.010
curatedOvarianData.csv,model LogisticsRegression with 15 features, train duration, 0.012
curatedOvarianData.csv,model LogisticsRegression with 15 features, test duration, 0.001
curatedOvarianData.csv,model NB with 15 features, train duration, 0.001
curatedOvarianData.csv,model NB with 15 features, test duration, 0.001
curatedOvarianData.csv,model SVM with 20 features, train duration, 0.017
curatedOvarianData.csv,model SVM with 20 features, test duration, 0.001
curatedOvarianData.csv,model k - nearest with 20 features, train duration, 0.001
curatedOvarianData.csv,model k - nearest with 20 features, test duration, 0.001
curatedOvarianData.csv,model RandomForest with 20 features, train duration, 0.117
curatedOvarianData.csv,model RandomForest with 20 features, test duration, 0.009
curatedOvarianData.csv,model LogisticsRegression with 20 features, train duration, 0.013
curatedOvarianData.csv,model LogisticsRegression with 20 features, test duration, 0.001
curatedOvarianData.csv,model NB with 20 features, train duration, 0.001
curatedOvarianData.csv,model NB with 20 features, test duration, 0.001
curatedOvarianData.csv,model SVM with 25 features, train duration, 0.013
curatedOvarianData.csv,model SVM with 25 features, test duration, 0.001
curatedOvarianData.csv,model k - nearest with 25 features, train duration, 0.001
curatedOvarianData.csv,model k - nearest with 25 features, test duration, 0.001
curatedOvarianData.csv,model RandomForest with 25 features, train duration, 0.132
curatedOvarianData.csv,model RandomForest with 25 features, test duration, 0.012
curatedOvarianData.csv,model LogisticsRegression with 25 features, train duration, 0.016
curatedOvarianData.csv,model LogisticsRegression with 25 features, test duration, 0.001
curatedOvarianData.csv,model NB with 25 features, train duration, 0.001
curatedOvarianData.csv,model NB with 25 features, test duration, 0.001
curatedOvarianData.csv,model SVM with 30 features, train duration, 0.013
curatedOvarianData.csv,model SVM with 30 features, test duration, 0.001
curatedOvarianData.csv,model k - nearest with 30 features, train duration, 0.001
curatedOvarianData.csv,model k - nearest with 30 features, test duration, 0.001
curatedOvarianData.csv,model RandomForest with 30 features, train duration, 0.124
curatedOvarianData.csv,model RandomForest with 30 features, test duration, 0.010
curatedOvarianData.csv,model LogisticsRegression with 30 features, train duration, 0.018
curatedOvarianData.csv,model LogisticsRegression with 30 features, test duration, 0.001
curatedOvarianData.csv,model NB with 30 features, train duration, 0.002
curatedOvarianData.csv,model NB with 30 features, test duration, 0.001
curatedOvarianData.csv,model SVM with 50 features, train duration, 0.022
curatedOvarianData.csv,model SVM with 50 features, test duration, 0.001
curatedOvarianData.csv,model k - nearest with 50 features, train duration, 0.001
curatedOvarianData.csv,model k - nearest with 50 features, test duration, 0.001
curatedOvarianData.csv,model RandomForest with 50 features, train duration, 0.143
curatedOvarianData.csv,model RandomForest with 50 features, test duration, 0.011
curatedOvarianData.csv,model LogisticsRegression with 50 features, train duration, 0.019
curatedOvarianData.csv,model LogisticsRegression with 50 features, test duration, 0.002
curatedOvarianData.csv,model NB with 50 features, train duration, 0.002
curatedOvarianData.csv,model NB with 50 features, test duration, 0.002
curatedOvarianData.csv,model SVM with 100 features, train duration, 0.036
curatedOvarianData.csv,model SVM with 100 features, test duration, 0.002
curatedOvarianData.csv,model k - nearest with 100 features, train duration, 0.001
curatedOvarianData.csv,model k - nearest with 100 features, test duration, 0.001
curatedOvarianData.csv,model RandomForest with 100 features, train duration, 0.152
curatedOvarianData.csv,model RandomForest with 100 features, test duration, 0.010
curatedOvarianData.csv,model LogisticsRegression with 100 features, train duration, 0.022
curatedOvarianData.csv,model LogisticsRegression with 100 features, test duration, 0.001
curatedOvarianData.csv,model NB with 100 features, train duration, 0.002
curatedOvarianData.csv,model NB with 100 features, test duration, 0.001
