Lymphoma.arff,reliefF,selection runtime, 0.032
Lymphoma.arff,model SVM with 1 features, train duration, 0.001
Lymphoma.arff,model SVM with 1 features, test duration, 0.001
Lymphoma.arff,model k - nearest with 1 features, train duration, 0.001
Lymphoma.arff,model k - nearest with 1 features, test duration, 0.001
Lymphoma.arff,model RandomForest with 1 features, train duration, 0.138
Lymphoma.arff,model RandomForest with 1 features, test duration, 0.012
Lymphoma.arff,model LogisticsRegression with 1 features, train duration, 0.002
Lymphoma.arff,model LogisticsRegression with 1 features, test duration, 0.001
Lymphoma.arff,model NB with 1 features, train duration, 0.002
Lymphoma.arff,model NB with 1 features, test duration, 0.001
Lymphoma.arff,model SVM with 2 features, train duration, 0.001
Lymphoma.arff,model SVM with 2 features, test duration, 0.001
Lymphoma.arff,model k - nearest with 2 features, train duration, 0.001
Lymphoma.arff,model k - nearest with 2 features, test duration, 0.001
Lymphoma.arff,model RandomForest with 2 features, train duration, 0.089
Lymphoma.arff,model RandomForest with 2 features, test duration, 0.010
Lymphoma.arff,model LogisticsRegression with 2 features, train duration, 0.003
Lymphoma.arff,model LogisticsRegression with 2 features, test duration, 0.001
Lymphoma.arff,model NB with 2 features, train duration, 0.001
Lymphoma.arff,model NB with 2 features, test duration, 0.001
Lymphoma.arff,model SVM with 3 features, train duration, 0.001
Lymphoma.arff,model SVM with 3 features, test duration, 0.001
Lymphoma.arff,model k - nearest with 3 features, train duration, 0.001
Lymphoma.arff,model k - nearest with 3 features, test duration, 0.001
Lymphoma.arff,model RandomForest with 3 features, train duration, 0.107
Lymphoma.arff,model RandomForest with 3 features, test duration, 0.009
Lymphoma.arff,model LogisticsRegression with 3 features, train duration, 0.004
Lymphoma.arff,model LogisticsRegression with 3 features, test duration, 0.001
Lymphoma.arff,model NB with 3 features, train duration, 0.001
Lymphoma.arff,model NB with 3 features, test duration, 0.001
Lymphoma.arff,model SVM with 4 features, train duration, 0.002
Lymphoma.arff,model SVM with 4 features, test duration, 0.001
Lymphoma.arff,model k - nearest with 4 features, train duration, 0.001
Lymphoma.arff,model k - nearest with 4 features, test duration, 0.001
Lymphoma.arff,model RandomForest with 4 features, train duration, 0.119
Lymphoma.arff,model RandomForest with 4 features, test duration, 0.012
Lymphoma.arff,model LogisticsRegression with 4 features, train duration, 0.004
Lymphoma.arff,model LogisticsRegression with 4 features, test duration, 0.001
Lymphoma.arff,model NB with 4 features, train duration, 0.001
Lymphoma.arff,model NB with 4 features, test duration, 0.001
Lymphoma.arff,model SVM with 5 features, train duration, 0.001
Lymphoma.arff,model SVM with 5 features, test duration, 0.001
Lymphoma.arff,model k - nearest with 5 features, train duration, 0.001
Lymphoma.arff,model k - nearest with 5 features, test duration, 0.001
Lymphoma.arff,model RandomForest with 5 features, train duration, 0.095
Lymphoma.arff,model RandomForest with 5 features, test duration, 0.009
Lymphoma.arff,model LogisticsRegression with 5 features, train duration, 0.004
Lymphoma.arff,model LogisticsRegression with 5 features, test duration, 0.001
Lymphoma.arff,model NB with 5 features, train duration, 0.001
Lymphoma.arff,model NB with 5 features, test duration, 0.001
Lymphoma.arff,model SVM with 10 features, train duration, 0.001
Lymphoma.arff,model SVM with 10 features, test duration, 0.001
Lymphoma.arff,model k - nearest with 10 features, train duration, 0.001
Lymphoma.arff,model k - nearest with 10 features, test duration, 0.001
Lymphoma.arff,model RandomForest with 10 features, train duration, 0.094
Lymphoma.arff,model RandomForest with 10 features, test duration, 0.009
Lymphoma.arff,model LogisticsRegression with 10 features, train duration, 0.005
Lymphoma.arff,model LogisticsRegression with 10 features, test duration, 0.001
Lymphoma.arff,model NB with 10 features, train duration, 0.001
Lymphoma.arff,model NB with 10 features, test duration, 0.001
Lymphoma.arff,model SVM with 15 features, train duration, 0.001
Lymphoma.arff,model SVM with 15 features, test duration, 0.001
Lymphoma.arff,model k - nearest with 15 features, train duration, 0.001
Lymphoma.arff,model k - nearest with 15 features, test duration, 0.001
Lymphoma.arff,model RandomForest with 15 features, train duration, 0.098
Lymphoma.arff,model RandomForest with 15 features, test duration, 0.008
Lymphoma.arff,model LogisticsRegression with 15 features, train duration, 0.005
Lymphoma.arff,model LogisticsRegression with 15 features, test duration, 0.001
Lymphoma.arff,model NB with 15 features, train duration, 0.001
Lymphoma.arff,model NB with 15 features, test duration, 0.001
Lymphoma.arff,model SVM with 20 features, train duration, 0.001
Lymphoma.arff,model SVM with 20 features, test duration, 0.001
Lymphoma.arff,model k - nearest with 20 features, train duration, 0.001
Lymphoma.arff,model k - nearest with 20 features, test duration, 0.001
Lymphoma.arff,model RandomForest with 20 features, train duration, 0.096
Lymphoma.arff,model RandomForest with 20 features, test duration, 0.008
Lymphoma.arff,model LogisticsRegression with 20 features, train duration, 0.005
Lymphoma.arff,model LogisticsRegression with 20 features, test duration, 0.001
Lymphoma.arff,model NB with 20 features, train duration, 0.001
Lymphoma.arff,model NB with 20 features, test duration, 0.001
Lymphoma.arff,model SVM with 25 features, train duration, 0.002
Lymphoma.arff,model SVM with 25 features, test duration, 0.001
Lymphoma.arff,model k - nearest with 25 features, train duration, 0.001
Lymphoma.arff,model k - nearest with 25 features, test duration, 0.001
Lymphoma.arff,model RandomForest with 25 features, train duration, 0.100
Lymphoma.arff,model RandomForest with 25 features, test duration, 0.009
Lymphoma.arff,model LogisticsRegression with 25 features, train duration, 0.005
Lymphoma.arff,model LogisticsRegression with 25 features, test duration, 0.001
Lymphoma.arff,model NB with 25 features, train duration, 0.001
Lymphoma.arff,model NB with 25 features, test duration, 0.001
Lymphoma.arff,model SVM with 30 features, train duration, 0.002
Lymphoma.arff,model SVM with 30 features, test duration, 0.001
Lymphoma.arff,model k - nearest with 30 features, train duration, 0.001
Lymphoma.arff,model k - nearest with 30 features, test duration, 0.001
Lymphoma.arff,model RandomForest with 30 features, train duration, 0.100
Lymphoma.arff,model RandomForest with 30 features, test duration, 0.009
Lymphoma.arff,model LogisticsRegression with 30 features, train duration, 0.005
Lymphoma.arff,model LogisticsRegression with 30 features, test duration, 0.001
Lymphoma.arff,model NB with 30 features, train duration, 0.001
Lymphoma.arff,model NB with 30 features, test duration, 0.001
Lymphoma.arff,model SVM with 50 features, train duration, 0.002
Lymphoma.arff,model SVM with 50 features, test duration, 0.001
Lymphoma.arff,model k - nearest with 50 features, train duration, 0.001
Lymphoma.arff,model k - nearest with 50 features, test duration, 0.001
Lymphoma.arff,model RandomForest with 50 features, train duration, 0.101
Lymphoma.arff,model RandomForest with 50 features, test duration, 0.009
Lymphoma.arff,model LogisticsRegression with 50 features, train duration, 0.007
Lymphoma.arff,model LogisticsRegression with 50 features, test duration, 0.001
Lymphoma.arff,model NB with 50 features, train duration, 0.001
Lymphoma.arff,model NB with 50 features, test duration, 0.001
Lymphoma.arff,model SVM with 100 features, train duration, 0.003
Lymphoma.arff,model SVM with 100 features, test duration, 0.001
Lymphoma.arff,model k - nearest with 100 features, train duration, 0.001
Lymphoma.arff,model k - nearest with 100 features, test duration, 0.001
Lymphoma.arff,model RandomForest with 100 features, train duration, 0.098
Lymphoma.arff,model RandomForest with 100 features, test duration, 0.009
Lymphoma.arff,model LogisticsRegression with 100 features, train duration, 0.008
Lymphoma.arff,model LogisticsRegression with 100 features, test duration, 0.001
Lymphoma.arff,model NB with 100 features, train duration, 0.002
Lymphoma.arff,model NB with 100 features, test duration, 0.001
Lymphoma.arff,rfe,selection runtime, 0.826
Lymphoma.arff,model SVM with 1 features, train duration, 0.001
Lymphoma.arff,model SVM with 1 features, test duration, 0.001
Lymphoma.arff,model k - nearest with 1 features, train duration, 0.001
Lymphoma.arff,model k - nearest with 1 features, test duration, 0.001
Lymphoma.arff,model RandomForest with 1 features, train duration, 0.096
Lymphoma.arff,model RandomForest with 1 features, test duration, 0.009
Lymphoma.arff,model LogisticsRegression with 1 features, train duration, 0.002
Lymphoma.arff,model LogisticsRegression with 1 features, test duration, 0.001
Lymphoma.arff,model NB with 1 features, train duration, 0.001
Lymphoma.arff,model NB with 1 features, test duration, 0.001
Lymphoma.arff,model SVM with 2 features, train duration, 0.001
Lymphoma.arff,model SVM with 2 features, test duration, 0.001
Lymphoma.arff,model k - nearest with 2 features, train duration, 0.001
Lymphoma.arff,model k - nearest with 2 features, test duration, 0.001
Lymphoma.arff,model RandomForest with 2 features, train duration, 0.096
Lymphoma.arff,model RandomForest with 2 features, test duration, 0.009
Lymphoma.arff,model LogisticsRegression with 2 features, train duration, 0.003
Lymphoma.arff,model LogisticsRegression with 2 features, test duration, 0.001
Lymphoma.arff,model NB with 2 features, train duration, 0.001
Lymphoma.arff,model NB with 2 features, test duration, 0.001
Lymphoma.arff,model SVM with 3 features, train duration, 0.001
Lymphoma.arff,model SVM with 3 features, test duration, 0.001
Lymphoma.arff,model k - nearest with 3 features, train duration, 0.001
Lymphoma.arff,model k - nearest with 3 features, test duration, 0.001
Lymphoma.arff,model RandomForest with 3 features, train duration, 0.097
Lymphoma.arff,model RandomForest with 3 features, test duration, 0.009
Lymphoma.arff,model LogisticsRegression with 3 features, train duration, 0.004
Lymphoma.arff,model LogisticsRegression with 3 features, test duration, 0.001
Lymphoma.arff,model NB with 3 features, train duration, 0.001
Lymphoma.arff,model NB with 3 features, test duration, 0.001
Lymphoma.arff,model SVM with 4 features, train duration, 0.002
Lymphoma.arff,model SVM with 4 features, test duration, 0.001
Lymphoma.arff,model k - nearest with 4 features, train duration, 0.001
Lymphoma.arff,model k - nearest with 4 features, test duration, 0.001
Lymphoma.arff,model RandomForest with 4 features, train duration, 0.097
Lymphoma.arff,model RandomForest with 4 features, test duration, 0.008
Lymphoma.arff,model LogisticsRegression with 4 features, train duration, 0.004
Lymphoma.arff,model LogisticsRegression with 4 features, test duration, 0.001
Lymphoma.arff,model NB with 4 features, train duration, 0.001
Lymphoma.arff,model NB with 4 features, test duration, 0.001
Lymphoma.arff,model SVM with 5 features, train duration, 0.002
Lymphoma.arff,model SVM with 5 features, test duration, 0.001
Lymphoma.arff,model k - nearest with 5 features, train duration, 0.001
Lymphoma.arff,model k - nearest with 5 features, test duration, 0.001
Lymphoma.arff,model RandomForest with 5 features, train duration, 0.099
Lymphoma.arff,model RandomForest with 5 features, test duration, 0.009
Lymphoma.arff,model LogisticsRegression with 5 features, train duration, 0.004
Lymphoma.arff,model LogisticsRegression with 5 features, test duration, 0.001
Lymphoma.arff,model NB with 5 features, train duration, 0.001
Lymphoma.arff,model NB with 5 features, test duration, 0.001
Lymphoma.arff,model SVM with 10 features, train duration, 0.001
Lymphoma.arff,model SVM with 10 features, test duration, 0.001
Lymphoma.arff,model k - nearest with 10 features, train duration, 0.001
Lymphoma.arff,model k - nearest with 10 features, test duration, 0.001
Lymphoma.arff,model RandomForest with 10 features, train duration, 0.103
Lymphoma.arff,model RandomForest with 10 features, test duration, 0.011
Lymphoma.arff,model LogisticsRegression with 10 features, train duration, 0.005
Lymphoma.arff,model LogisticsRegression with 10 features, test duration, 0.001
Lymphoma.arff,model NB with 10 features, train duration, 0.001
Lymphoma.arff,model NB with 10 features, test duration, 0.001
Lymphoma.arff,model SVM with 15 features, train duration, 0.001
Lymphoma.arff,model SVM with 15 features, test duration, 0.001
Lymphoma.arff,model k - nearest with 15 features, train duration, 0.001
Lymphoma.arff,model k - nearest with 15 features, test duration, 0.001
Lymphoma.arff,model RandomForest with 15 features, train duration, 0.090
Lymphoma.arff,model RandomForest with 15 features, test duration, 0.008
Lymphoma.arff,model LogisticsRegression with 15 features, train duration, 0.005
Lymphoma.arff,model LogisticsRegression with 15 features, test duration, 0.001
Lymphoma.arff,model NB with 15 features, train duration, 0.001
Lymphoma.arff,model NB with 15 features, test duration, 0.001
Lymphoma.arff,model SVM with 20 features, train duration, 0.002
Lymphoma.arff,model SVM with 20 features, test duration, 0.001
Lymphoma.arff,model k - nearest with 20 features, train duration, 0.001
Lymphoma.arff,model k - nearest with 20 features, test duration, 0.001
Lymphoma.arff,model RandomForest with 20 features, train duration, 0.096
Lymphoma.arff,model RandomForest with 20 features, test duration, 0.008
Lymphoma.arff,model LogisticsRegression with 20 features, train duration, 0.004
Lymphoma.arff,model LogisticsRegression with 20 features, test duration, 0.001
Lymphoma.arff,model NB with 20 features, train duration, 0.001
Lymphoma.arff,model NB with 20 features, test duration, 0.001
Lymphoma.arff,model SVM with 25 features, train duration, 0.002
Lymphoma.arff,model SVM with 25 features, test duration, 0.001
Lymphoma.arff,model k - nearest with 25 features, train duration, 0.001
Lymphoma.arff,model k - nearest with 25 features, test duration, 0.001
Lymphoma.arff,model RandomForest with 25 features, train duration, 0.100
Lymphoma.arff,model RandomForest with 25 features, test duration, 0.009
Lymphoma.arff,model LogisticsRegression with 25 features, train duration, 0.005
Lymphoma.arff,model LogisticsRegression with 25 features, test duration, 0.001
Lymphoma.arff,model NB with 25 features, train duration, 0.001
Lymphoma.arff,model NB with 25 features, test duration, 0.001
Lymphoma.arff,model SVM with 30 features, train duration, 0.002
Lymphoma.arff,model SVM with 30 features, test duration, 0.001
Lymphoma.arff,model k - nearest with 30 features, train duration, 0.001
Lymphoma.arff,model k - nearest with 30 features, test duration, 0.001
Lymphoma.arff,model RandomForest with 30 features, train duration, 0.101
Lymphoma.arff,model RandomForest with 30 features, test duration, 0.009
Lymphoma.arff,model LogisticsRegression with 30 features, train duration, 0.005
Lymphoma.arff,model LogisticsRegression with 30 features, test duration, 0.001
Lymphoma.arff,model NB with 30 features, train duration, 0.001
Lymphoma.arff,model NB with 30 features, test duration, 0.001
Lymphoma.arff,model SVM with 50 features, train duration, 0.003
Lymphoma.arff,model SVM with 50 features, test duration, 0.001
Lymphoma.arff,model k - nearest with 50 features, train duration, 0.001
Lymphoma.arff,model k - nearest with 50 features, test duration, 0.001
Lymphoma.arff,model RandomForest with 50 features, train duration, 0.096
Lymphoma.arff,model RandomForest with 50 features, test duration, 0.009
Lymphoma.arff,model LogisticsRegression with 50 features, train duration, 0.007
Lymphoma.arff,model LogisticsRegression with 50 features, test duration, 0.001
Lymphoma.arff,model NB with 50 features, train duration, 0.001
Lymphoma.arff,model NB with 50 features, test duration, 0.001
Lymphoma.arff,model SVM with 100 features, train duration, 0.004
Lymphoma.arff,model SVM with 100 features, test duration, 0.001
Lymphoma.arff,model k - nearest with 100 features, train duration, 0.001
Lymphoma.arff,model k - nearest with 100 features, test duration, 0.001
Lymphoma.arff,model RandomForest with 100 features, train duration, 0.101
Lymphoma.arff,model RandomForest with 100 features, test duration, 0.009
Lymphoma.arff,model LogisticsRegression with 100 features, train duration, 0.007
Lymphoma.arff,model LogisticsRegression with 100 features, test duration, 0.001
Lymphoma.arff,model NB with 100 features, train duration, 0.002
Lymphoma.arff,model NB with 100 features, test duration, 0.001
Lymphoma.arff,Fdr_f_classif,selection runtime, 0.006
Lymphoma.arff,model SVM with 1 features, train duration, 0.001
Lymphoma.arff,model SVM with 1 features, test duration, 0.001
Lymphoma.arff,model k - nearest with 1 features, train duration, 0.001
Lymphoma.arff,model k - nearest with 1 features, test duration, 0.001
Lymphoma.arff,model RandomForest with 1 features, train duration, 0.102
Lymphoma.arff,model RandomForest with 1 features, test duration, 0.010
Lymphoma.arff,model LogisticsRegression with 1 features, train duration, 0.003
Lymphoma.arff,model LogisticsRegression with 1 features, test duration, 0.001
Lymphoma.arff,model NB with 1 features, train duration, 0.001
Lymphoma.arff,model NB with 1 features, test duration, 0.001
Lymphoma.arff,model SVM with 2 features, train duration, 0.001
Lymphoma.arff,model SVM with 2 features, test duration, 0.001
Lymphoma.arff,model k - nearest with 2 features, train duration, 0.001
Lymphoma.arff,model k - nearest with 2 features, test duration, 0.001
Lymphoma.arff,model RandomForest with 2 features, train duration, 0.113
Lymphoma.arff,model RandomForest with 2 features, test duration, 0.009
Lymphoma.arff,model LogisticsRegression with 2 features, train duration, 0.004
Lymphoma.arff,model LogisticsRegression with 2 features, test duration, 0.001
Lymphoma.arff,model NB with 2 features, train duration, 0.001
Lymphoma.arff,model NB with 2 features, test duration, 0.001
Lymphoma.arff,model SVM with 3 features, train duration, 0.002
Lymphoma.arff,model SVM with 3 features, test duration, 0.001
Lymphoma.arff,model k - nearest with 3 features, train duration, 0.001
Lymphoma.arff,model k - nearest with 3 features, test duration, 0.001
Lymphoma.arff,model RandomForest with 3 features, train duration, 0.098
Lymphoma.arff,model RandomForest with 3 features, test duration, 0.009
Lymphoma.arff,model LogisticsRegression with 3 features, train duration, 0.004
Lymphoma.arff,model LogisticsRegression with 3 features, test duration, 0.001
Lymphoma.arff,model NB with 3 features, train duration, 0.001
Lymphoma.arff,model NB with 3 features, test duration, 0.001
Lymphoma.arff,model SVM with 4 features, train duration, 0.002
Lymphoma.arff,model SVM with 4 features, test duration, 0.001
Lymphoma.arff,model k - nearest with 4 features, train duration, 0.001
Lymphoma.arff,model k - nearest with 4 features, test duration, 0.001
Lymphoma.arff,model RandomForest with 4 features, train duration, 0.126
Lymphoma.arff,model RandomForest with 4 features, test duration, 0.011
Lymphoma.arff,model LogisticsRegression with 4 features, train duration, 0.003
Lymphoma.arff,model LogisticsRegression with 4 features, test duration, 0.001
Lymphoma.arff,model NB with 4 features, train duration, 0.001
Lymphoma.arff,model NB with 4 features, test duration, 0.001
Lymphoma.arff,model SVM with 5 features, train duration, 0.002
Lymphoma.arff,model SVM with 5 features, test duration, 0.001
Lymphoma.arff,model k - nearest with 5 features, train duration, 0.001
Lymphoma.arff,model k - nearest with 5 features, test duration, 0.001
Lymphoma.arff,model RandomForest with 5 features, train duration, 0.099
Lymphoma.arff,model RandomForest with 5 features, test duration, 0.011
Lymphoma.arff,model LogisticsRegression with 5 features, train duration, 0.005
Lymphoma.arff,model LogisticsRegression with 5 features, test duration, 0.001
Lymphoma.arff,model NB with 5 features, train duration, 0.001
Lymphoma.arff,model NB with 5 features, test duration, 0.001
Lymphoma.arff,model SVM with 10 features, train duration, 0.002
Lymphoma.arff,model SVM with 10 features, test duration, 0.001
Lymphoma.arff,model k - nearest with 10 features, train duration, 0.001
Lymphoma.arff,model k - nearest with 10 features, test duration, 0.001
Lymphoma.arff,model RandomForest with 10 features, train duration, 0.098
Lymphoma.arff,model RandomForest with 10 features, test duration, 0.010
Lymphoma.arff,model LogisticsRegression with 10 features, train duration, 0.004
Lymphoma.arff,model LogisticsRegression with 10 features, test duration, 0.001
Lymphoma.arff,model NB with 10 features, train duration, 0.002
Lymphoma.arff,model NB with 10 features, test duration, 0.001
Lymphoma.arff,model SVM with 15 features, train duration, 0.001
Lymphoma.arff,model SVM with 15 features, test duration, 0.001
Lymphoma.arff,model k - nearest with 15 features, train duration, 0.001
Lymphoma.arff,model k - nearest with 15 features, test duration, 0.001
Lymphoma.arff,model RandomForest with 15 features, train duration, 0.095
Lymphoma.arff,model RandomForest with 15 features, test duration, 0.012
Lymphoma.arff,model LogisticsRegression with 15 features, train duration, 0.004
Lymphoma.arff,model LogisticsRegression with 15 features, test duration, 0.001
Lymphoma.arff,model NB with 15 features, train duration, 0.001
Lymphoma.arff,model NB with 15 features, test duration, 0.001
Lymphoma.arff,model SVM with 20 features, train duration, 0.002
Lymphoma.arff,model SVM with 20 features, test duration, 0.001
Lymphoma.arff,model k - nearest with 20 features, train duration, 0.001
Lymphoma.arff,model k - nearest with 20 features, test duration, 0.001
Lymphoma.arff,model RandomForest with 20 features, train duration, 0.091
Lymphoma.arff,model RandomForest with 20 features, test duration, 0.008
Lymphoma.arff,model LogisticsRegression with 20 features, train duration, 0.005
Lymphoma.arff,model LogisticsRegression with 20 features, test duration, 0.001
Lymphoma.arff,model NB with 20 features, train duration, 0.001
Lymphoma.arff,model NB with 20 features, test duration, 0.001
Lymphoma.arff,model SVM with 25 features, train duration, 0.002
Lymphoma.arff,model SVM with 25 features, test duration, 0.001
Lymphoma.arff,model k - nearest with 25 features, train duration, 0.001
Lymphoma.arff,model k - nearest with 25 features, test duration, 0.001
Lymphoma.arff,model RandomForest with 25 features, train duration, 0.090
Lymphoma.arff,model RandomForest with 25 features, test duration, 0.010
Lymphoma.arff,model LogisticsRegression with 25 features, train duration, 0.004
Lymphoma.arff,model LogisticsRegression with 25 features, test duration, 0.001
Lymphoma.arff,model NB with 25 features, train duration, 0.001
Lymphoma.arff,model NB with 25 features, test duration, 0.001
Lymphoma.arff,model SVM with 30 features, train duration, 0.002
Lymphoma.arff,model SVM with 30 features, test duration, 0.001
Lymphoma.arff,model k - nearest with 30 features, train duration, 0.001
Lymphoma.arff,model k - nearest with 30 features, test duration, 0.001
Lymphoma.arff,model RandomForest with 30 features, train duration, 0.099
Lymphoma.arff,model RandomForest with 30 features, test duration, 0.011
Lymphoma.arff,model LogisticsRegression with 30 features, train duration, 0.005
Lymphoma.arff,model LogisticsRegression with 30 features, test duration, 0.001
Lymphoma.arff,model NB with 30 features, train duration, 0.001
Lymphoma.arff,model NB with 30 features, test duration, 0.001
Lymphoma.arff,model SVM with 50 features, train duration, 0.002
Lymphoma.arff,model SVM with 50 features, test duration, 0.001
Lymphoma.arff,model k - nearest with 50 features, train duration, 0.001
Lymphoma.arff,model k - nearest with 50 features, test duration, 0.001
Lymphoma.arff,model RandomForest with 50 features, train duration, 0.103
Lymphoma.arff,model RandomForest with 50 features, test duration, 0.011
Lymphoma.arff,model LogisticsRegression with 50 features, train duration, 0.005
Lymphoma.arff,model LogisticsRegression with 50 features, test duration, 0.001
Lymphoma.arff,model NB with 50 features, train duration, 0.001
Lymphoma.arff,model NB with 50 features, test duration, 0.001
Lymphoma.arff,model SVM with 100 features, train duration, 0.004
Lymphoma.arff,model SVM with 100 features, test duration, 0.001
Lymphoma.arff,model k - nearest with 100 features, train duration, 0.001
Lymphoma.arff,model k - nearest with 100 features, test duration, 0.001
Lymphoma.arff,model RandomForest with 100 features, train duration, 0.115
Lymphoma.arff,model RandomForest with 100 features, test duration, 0.010
Lymphoma.arff,model LogisticsRegression with 100 features, train duration, 0.007
Lymphoma.arff,model LogisticsRegression with 100 features, test duration, 0.003
Lymphoma.arff,model NB with 100 features, train duration, 0.002
Lymphoma.arff,model NB with 100 features, test duration, 0.001
Lymphoma.arff,mrmr,selection runtime, 12.809
Lymphoma.arff,model SVM with 1 features, train duration, 0.001
Lymphoma.arff,model SVM with 1 features, test duration, 0.001
Lymphoma.arff,model k - nearest with 1 features, train duration, 0.001
Lymphoma.arff,model k - nearest with 1 features, test duration, 0.001
Lymphoma.arff,model RandomForest with 1 features, train duration, 0.102
Lymphoma.arff,model RandomForest with 1 features, test duration, 0.010
Lymphoma.arff,model LogisticsRegression with 1 features, train duration, 0.003
Lymphoma.arff,model LogisticsRegression with 1 features, test duration, 0.001
Lymphoma.arff,model NB with 1 features, train duration, 0.001
Lymphoma.arff,model NB with 1 features, test duration, 0.001
Lymphoma.arff,model SVM with 2 features, train duration, 0.001
Lymphoma.arff,model SVM with 2 features, test duration, 0.001
Lymphoma.arff,model k - nearest with 2 features, train duration, 0.001
Lymphoma.arff,model k - nearest with 2 features, test duration, 0.001
Lymphoma.arff,model RandomForest with 2 features, train duration, 0.096
Lymphoma.arff,model RandomForest with 2 features, test duration, 0.009
Lymphoma.arff,model LogisticsRegression with 2 features, train duration, 0.003
Lymphoma.arff,model LogisticsRegression with 2 features, test duration, 0.001
Lymphoma.arff,model NB with 2 features, train duration, 0.001
Lymphoma.arff,model NB with 2 features, test duration, 0.001
Lymphoma.arff,model SVM with 3 features, train duration, 0.001
Lymphoma.arff,model SVM with 3 features, test duration, 0.001
Lymphoma.arff,model k - nearest with 3 features, train duration, 0.001
Lymphoma.arff,model k - nearest with 3 features, test duration, 0.001
Lymphoma.arff,model RandomForest with 3 features, train duration, 0.115
Lymphoma.arff,model RandomForest with 3 features, test duration, 0.010
Lymphoma.arff,model LogisticsRegression with 3 features, train duration, 0.003
Lymphoma.arff,model LogisticsRegression with 3 features, test duration, 0.001
Lymphoma.arff,model NB with 3 features, train duration, 0.002
Lymphoma.arff,model NB with 3 features, test duration, 0.001
Lymphoma.arff,model SVM with 4 features, train duration, 0.001
Lymphoma.arff,model SVM with 4 features, test duration, 0.001
Lymphoma.arff,model k - nearest with 4 features, train duration, 0.001
Lymphoma.arff,model k - nearest with 4 features, test duration, 0.001
Lymphoma.arff,model RandomForest with 4 features, train duration, 0.090
Lymphoma.arff,model RandomForest with 4 features, test duration, 0.008
Lymphoma.arff,model LogisticsRegression with 4 features, train duration, 0.003
Lymphoma.arff,model LogisticsRegression with 4 features, test duration, 0.001
Lymphoma.arff,model NB with 4 features, train duration, 0.001
Lymphoma.arff,model NB with 4 features, test duration, 0.001
Lymphoma.arff,model SVM with 5 features, train duration, 0.001
Lymphoma.arff,model SVM with 5 features, test duration, 0.001
Lymphoma.arff,model k - nearest with 5 features, train duration, 0.001
Lymphoma.arff,model k - nearest with 5 features, test duration, 0.001
Lymphoma.arff,model RandomForest with 5 features, train duration, 0.100
Lymphoma.arff,model RandomForest with 5 features, test duration, 0.009
Lymphoma.arff,model LogisticsRegression with 5 features, train duration, 0.004
Lymphoma.arff,model LogisticsRegression with 5 features, test duration, 0.001
Lymphoma.arff,model NB with 5 features, train duration, 0.001
Lymphoma.arff,model NB with 5 features, test duration, 0.001
Lymphoma.arff,model SVM with 10 features, train duration, 0.001
Lymphoma.arff,model SVM with 10 features, test duration, 0.001
Lymphoma.arff,model k - nearest with 10 features, train duration, 0.001
Lymphoma.arff,model k - nearest with 10 features, test duration, 0.001
Lymphoma.arff,model RandomForest with 10 features, train duration, 0.085
Lymphoma.arff,model RandomForest with 10 features, test duration, 0.007
Lymphoma.arff,model LogisticsRegression with 10 features, train duration, 0.003
Lymphoma.arff,model LogisticsRegression with 10 features, test duration, 0.001
Lymphoma.arff,model NB with 10 features, train duration, 0.001
Lymphoma.arff,model NB with 10 features, test duration, 0.001
Lymphoma.arff,model SVM with 15 features, train duration, 0.002
Lymphoma.arff,model SVM with 15 features, test duration, 0.001
Lymphoma.arff,model k - nearest with 15 features, train duration, 0.001
Lymphoma.arff,model k - nearest with 15 features, test duration, 0.001
Lymphoma.arff,model RandomForest with 15 features, train duration, 0.086
Lymphoma.arff,model RandomForest with 15 features, test duration, 0.008
Lymphoma.arff,model LogisticsRegression with 15 features, train duration, 0.006
Lymphoma.arff,model LogisticsRegression with 15 features, test duration, 0.001
Lymphoma.arff,model NB with 15 features, train duration, 0.001
Lymphoma.arff,model NB with 15 features, test duration, 0.001
Lymphoma.arff,model SVM with 20 features, train duration, 0.001
Lymphoma.arff,model SVM with 20 features, test duration, 0.001
Lymphoma.arff,model k - nearest with 20 features, train duration, 0.001
Lymphoma.arff,model k - nearest with 20 features, test duration, 0.001
Lymphoma.arff,model RandomForest with 20 features, train duration, 0.091
Lymphoma.arff,model RandomForest with 20 features, test duration, 0.009
Lymphoma.arff,model LogisticsRegression with 20 features, train duration, 0.005
Lymphoma.arff,model LogisticsRegression with 20 features, test duration, 0.001
Lymphoma.arff,model NB with 20 features, train duration, 0.001
Lymphoma.arff,model NB with 20 features, test duration, 0.001
Lymphoma.arff,model SVM with 25 features, train duration, 0.002
Lymphoma.arff,model SVM with 25 features, test duration, 0.001
Lymphoma.arff,model k - nearest with 25 features, train duration, 0.001
Lymphoma.arff,model k - nearest with 25 features, test duration, 0.001
Lymphoma.arff,model RandomForest with 25 features, train duration, 0.105
Lymphoma.arff,model RandomForest with 25 features, test duration, 0.009
Lymphoma.arff,model LogisticsRegression with 25 features, train duration, 0.008
Lymphoma.arff,model LogisticsRegression with 25 features, test duration, 0.001
Lymphoma.arff,model NB with 25 features, train duration, 0.002
Lymphoma.arff,model NB with 25 features, test duration, 0.001
Lymphoma.arff,model SVM with 30 features, train duration, 0.003
Lymphoma.arff,model SVM with 30 features, test duration, 0.001
Lymphoma.arff,model k - nearest with 30 features, train duration, 0.001
Lymphoma.arff,model k - nearest with 30 features, test duration, 0.001
Lymphoma.arff,model RandomForest with 30 features, train duration, 0.107
Lymphoma.arff,model RandomForest with 30 features, test duration, 0.016
Lymphoma.arff,model LogisticsRegression with 30 features, train duration, 0.006
Lymphoma.arff,model LogisticsRegression with 30 features, test duration, 0.001
Lymphoma.arff,model NB with 30 features, train duration, 0.001
Lymphoma.arff,model NB with 30 features, test duration, 0.001
Lymphoma.arff,model SVM with 50 features, train duration, 0.003
Lymphoma.arff,model SVM with 50 features, test duration, 0.001
Lymphoma.arff,model k - nearest with 50 features, train duration, 0.001
Lymphoma.arff,model k - nearest with 50 features, test duration, 0.001
Lymphoma.arff,model RandomForest with 50 features, train duration, 0.101
Lymphoma.arff,model RandomForest with 50 features, test duration, 0.009
Lymphoma.arff,model LogisticsRegression with 50 features, train duration, 0.008
Lymphoma.arff,model LogisticsRegression with 50 features, test duration, 0.001
Lymphoma.arff,model NB with 50 features, train duration, 0.001
Lymphoma.arff,model NB with 50 features, test duration, 0.001
Lymphoma.arff,model SVM with 100 features, train duration, 0.004
Lymphoma.arff,model SVM with 100 features, test duration, 0.001
Lymphoma.arff,model k - nearest with 100 features, train duration, 0.001
Lymphoma.arff,model k - nearest with 100 features, test duration, 0.001
Lymphoma.arff,model RandomForest with 100 features, train duration, 0.092
Lymphoma.arff,model RandomForest with 100 features, test duration, 0.009
Lymphoma.arff,model LogisticsRegression with 100 features, train duration, 0.009
Lymphoma.arff,model LogisticsRegression with 100 features, test duration, 0.002
Lymphoma.arff,model NB with 100 features, train duration, 0.002
Lymphoma.arff,model NB with 100 features, test duration, 0.001
Lymphoma.arff,MMCC,selection runtime, 87.855
Lymphoma.arff,model SVM with 1 features, train duration, 0.001
Lymphoma.arff,model SVM with 1 features, test duration, 0.001
Lymphoma.arff,model k - nearest with 1 features, train duration, 0.001
Lymphoma.arff,model k - nearest with 1 features, test duration, 0.001
Lymphoma.arff,model RandomForest with 1 features, train duration, 0.099
Lymphoma.arff,model RandomForest with 1 features, test duration, 0.009
Lymphoma.arff,model LogisticsRegression with 1 features, train duration, 0.003
Lymphoma.arff,model LogisticsRegression with 1 features, test duration, 0.001
Lymphoma.arff,model NB with 1 features, train duration, 0.001
Lymphoma.arff,model NB with 1 features, test duration, 0.001
Lymphoma.arff,model SVM with 2 features, train duration, 0.002
Lymphoma.arff,model SVM with 2 features, test duration, 0.001
Lymphoma.arff,model k - nearest with 2 features, train duration, 0.001
Lymphoma.arff,model k - nearest with 2 features, test duration, 0.001
Lymphoma.arff,model RandomForest with 2 features, train duration, 0.098
Lymphoma.arff,model RandomForest with 2 features, test duration, 0.009
Lymphoma.arff,model LogisticsRegression with 2 features, train duration, 0.004
Lymphoma.arff,model LogisticsRegression with 2 features, test duration, 0.001
Lymphoma.arff,model NB with 2 features, train duration, 0.001
Lymphoma.arff,model NB with 2 features, test duration, 0.001
Lymphoma.arff,model SVM with 3 features, train duration, 0.001
Lymphoma.arff,model SVM with 3 features, test duration, 0.001
Lymphoma.arff,model k - nearest with 3 features, train duration, 0.001
Lymphoma.arff,model k - nearest with 3 features, test duration, 0.001
Lymphoma.arff,model RandomForest with 3 features, train duration, 0.091
Lymphoma.arff,model RandomForest with 3 features, test duration, 0.010
Lymphoma.arff,model LogisticsRegression with 3 features, train duration, 0.003
Lymphoma.arff,model LogisticsRegression with 3 features, test duration, 0.001
Lymphoma.arff,model NB with 3 features, train duration, 0.001
Lymphoma.arff,model NB with 3 features, test duration, 0.001
Lymphoma.arff,model SVM with 4 features, train duration, 0.001
Lymphoma.arff,model SVM with 4 features, test duration, 0.001
Lymphoma.arff,model k - nearest with 4 features, train duration, 0.001
Lymphoma.arff,model k - nearest with 4 features, test duration, 0.001
Lymphoma.arff,model RandomForest with 4 features, train duration, 0.104
Lymphoma.arff,model RandomForest with 4 features, test duration, 0.009
Lymphoma.arff,model LogisticsRegression with 4 features, train duration, 0.004
Lymphoma.arff,model LogisticsRegression with 4 features, test duration, 0.001
Lymphoma.arff,model NB with 4 features, train duration, 0.001
Lymphoma.arff,model NB with 4 features, test duration, 0.001
Lymphoma.arff,model SVM with 5 features, train duration, 0.002
Lymphoma.arff,model SVM with 5 features, test duration, 0.001
Lymphoma.arff,model k - nearest with 5 features, train duration, 0.002
Lymphoma.arff,model k - nearest with 5 features, test duration, 0.002
Lymphoma.arff,model RandomForest with 5 features, train duration, 0.100
Lymphoma.arff,model RandomForest with 5 features, test duration, 0.009
Lymphoma.arff,model LogisticsRegression with 5 features, train duration, 0.004
Lymphoma.arff,model LogisticsRegression with 5 features, test duration, 0.001
Lymphoma.arff,model NB with 5 features, train duration, 0.001
Lymphoma.arff,model NB with 5 features, test duration, 0.001
Lymphoma.arff,model SVM with 10 features, train duration, 0.001
Lymphoma.arff,model SVM with 10 features, test duration, 0.001
Lymphoma.arff,model k - nearest with 10 features, train duration, 0.001
Lymphoma.arff,model k - nearest with 10 features, test duration, 0.001
Lymphoma.arff,model RandomForest with 10 features, train duration, 0.097
Lymphoma.arff,model RandomForest with 10 features, test duration, 0.009
Lymphoma.arff,model LogisticsRegression with 10 features, train duration, 0.003
Lymphoma.arff,model LogisticsRegression with 10 features, test duration, 0.001
Lymphoma.arff,model NB with 10 features, train duration, 0.001
Lymphoma.arff,model NB with 10 features, test duration, 0.001
Lymphoma.arff,model SVM with 15 features, train duration, 0.001
Lymphoma.arff,model SVM with 15 features, test duration, 0.001
Lymphoma.arff,model k - nearest with 15 features, train duration, 0.001
Lymphoma.arff,model k - nearest with 15 features, test duration, 0.001
Lymphoma.arff,model RandomForest with 15 features, train duration, 0.103
Lymphoma.arff,model RandomForest with 15 features, test duration, 0.008
Lymphoma.arff,model LogisticsRegression with 15 features, train duration, 0.003
Lymphoma.arff,model LogisticsRegression with 15 features, test duration, 0.001
Lymphoma.arff,model NB with 15 features, train duration, 0.001
Lymphoma.arff,model NB with 15 features, test duration, 0.001
Lymphoma.arff,model SVM with 20 features, train duration, 0.001
Lymphoma.arff,model SVM with 20 features, test duration, 0.001
Lymphoma.arff,model k - nearest with 20 features, train duration, 0.001
Lymphoma.arff,model k - nearest with 20 features, test duration, 0.001
Lymphoma.arff,model RandomForest with 20 features, train duration, 0.098
Lymphoma.arff,model RandomForest with 20 features, test duration, 0.008
Lymphoma.arff,model LogisticsRegression with 20 features, train duration, 0.005
Lymphoma.arff,model LogisticsRegression with 20 features, test duration, 0.001
Lymphoma.arff,model NB with 20 features, train duration, 0.001
Lymphoma.arff,model NB with 20 features, test duration, 0.001
Lymphoma.arff,model SVM with 25 features, train duration, 0.002
Lymphoma.arff,model SVM with 25 features, test duration, 0.001
Lymphoma.arff,model k - nearest with 25 features, train duration, 0.001
Lymphoma.arff,model k - nearest with 25 features, test duration, 0.001
Lymphoma.arff,model RandomForest with 25 features, train duration, 0.104
Lymphoma.arff,model RandomForest with 25 features, test duration, 0.010
Lymphoma.arff,model LogisticsRegression with 25 features, train duration, 0.006
Lymphoma.arff,model LogisticsRegression with 25 features, test duration, 0.002
Lymphoma.arff,model NB with 25 features, train duration, 0.002
Lymphoma.arff,model NB with 25 features, test duration, 0.001
Lymphoma.arff,model SVM with 30 features, train duration, 0.002
Lymphoma.arff,model SVM with 30 features, test duration, 0.001
Lymphoma.arff,model k - nearest with 30 features, train duration, 0.001
Lymphoma.arff,model k - nearest with 30 features, test duration, 0.001
Lymphoma.arff,model RandomForest with 30 features, train duration, 0.094
Lymphoma.arff,model RandomForest with 30 features, test duration, 0.008
Lymphoma.arff,model LogisticsRegression with 30 features, train duration, 0.006
Lymphoma.arff,model LogisticsRegression with 30 features, test duration, 0.001
Lymphoma.arff,model NB with 30 features, train duration, 0.001
Lymphoma.arff,model NB with 30 features, test duration, 0.001
Lymphoma.arff,model SVM with 50 features, train duration, 0.002
Lymphoma.arff,model SVM with 50 features, test duration, 0.001
Lymphoma.arff,model k - nearest with 50 features, train duration, 0.001
Lymphoma.arff,model k - nearest with 50 features, test duration, 0.001
Lymphoma.arff,model RandomForest with 50 features, train duration, 0.102
Lymphoma.arff,model RandomForest with 50 features, test duration, 0.008
Lymphoma.arff,model LogisticsRegression with 50 features, train duration, 0.009
Lymphoma.arff,model LogisticsRegression with 50 features, test duration, 0.001
Lymphoma.arff,model NB with 50 features, train duration, 0.002
Lymphoma.arff,model NB with 50 features, test duration, 0.001
Lymphoma.arff,model SVM with 100 features, train duration, 0.003
Lymphoma.arff,model SVM with 100 features, test duration, 0.001
Lymphoma.arff,model k - nearest with 100 features, train duration, 0.001
Lymphoma.arff,model k - nearest with 100 features, test duration, 0.001
Lymphoma.arff,model RandomForest with 100 features, train duration, 0.100
Lymphoma.arff,model RandomForest with 100 features, test duration, 0.010
Lymphoma.arff,model LogisticsRegression with 100 features, train duration, 0.007
Lymphoma.arff,model LogisticsRegression with 100 features, test duration, 0.001
Lymphoma.arff,model NB with 100 features, train duration, 0.002
Lymphoma.arff,model NB with 100 features, test duration, 0.001
