pixraw10P.mat,reliefF,selection runtime, 0.064
pixraw10P.mat,model SVM with 1 features, train duration, 0.028
pixraw10P.mat,model SVM with 1 features, test duration, 0.001
pixraw10P.mat,model k - nearest with 1 features, train duration, 0.001
pixraw10P.mat,model k - nearest with 1 features, test duration, 0.001
pixraw10P.mat,model RandomForest with 1 features, train duration, 0.125
pixraw10P.mat,model RandomForest with 1 features, test duration, 0.012
pixraw10P.mat,model LogisticsRegression with 1 features, train duration, 0.020
pixraw10P.mat,model LogisticsRegression with 1 features, test duration, 0.001
pixraw10P.mat,model NB with 1 features, train duration, 0.002
pixraw10P.mat,model NB with 1 features, test duration, 0.001
pixraw10P.mat,model SVM with 2 features, train duration, 0.028
pixraw10P.mat,model SVM with 2 features, test duration, 0.001
pixraw10P.mat,model k - nearest with 2 features, train duration, 0.001
pixraw10P.mat,model k - nearest with 2 features, test duration, 0.001
pixraw10P.mat,model RandomForest with 2 features, train duration, 0.124
pixraw10P.mat,model RandomForest with 2 features, test duration, 0.012
pixraw10P.mat,model LogisticsRegression with 2 features, train duration, 0.020
pixraw10P.mat,model LogisticsRegression with 2 features, test duration, 0.001
pixraw10P.mat,model NB with 2 features, train duration, 0.002
pixraw10P.mat,model NB with 2 features, test duration, 0.001
pixraw10P.mat,model SVM with 3 features, train duration, 0.028
pixraw10P.mat,model SVM with 3 features, test duration, 0.001
pixraw10P.mat,model k - nearest with 3 features, train duration, 0.001
pixraw10P.mat,model k - nearest with 3 features, test duration, 0.001
pixraw10P.mat,model RandomForest with 3 features, train duration, 0.132
pixraw10P.mat,model RandomForest with 3 features, test duration, 0.012
pixraw10P.mat,model LogisticsRegression with 3 features, train duration, 0.019
pixraw10P.mat,model LogisticsRegression with 3 features, test duration, 0.001
pixraw10P.mat,model NB with 3 features, train duration, 0.002
pixraw10P.mat,model NB with 3 features, test duration, 0.001
pixraw10P.mat,model SVM with 4 features, train duration, 0.031
pixraw10P.mat,model SVM with 4 features, test duration, 0.002
pixraw10P.mat,model k - nearest with 4 features, train duration, 0.001
pixraw10P.mat,model k - nearest with 4 features, test duration, 0.001
pixraw10P.mat,model RandomForest with 4 features, train duration, 0.146
pixraw10P.mat,model RandomForest with 4 features, test duration, 0.014
pixraw10P.mat,model LogisticsRegression with 4 features, train duration, 0.019
pixraw10P.mat,model LogisticsRegression with 4 features, test duration, 0.001
pixraw10P.mat,model NB with 4 features, train duration, 0.002
pixraw10P.mat,model NB with 4 features, test duration, 0.001
pixraw10P.mat,model SVM with 5 features, train duration, 0.031
pixraw10P.mat,model SVM with 5 features, test duration, 0.001
pixraw10P.mat,model k - nearest with 5 features, train duration, 0.001
pixraw10P.mat,model k - nearest with 5 features, test duration, 0.001
pixraw10P.mat,model RandomForest with 5 features, train duration, 0.125
pixraw10P.mat,model RandomForest with 5 features, test duration, 0.011
pixraw10P.mat,model LogisticsRegression with 5 features, train duration, 0.019
pixraw10P.mat,model LogisticsRegression with 5 features, test duration, 0.001
pixraw10P.mat,model NB with 5 features, train duration, 0.002
pixraw10P.mat,model NB with 5 features, test duration, 0.002
pixraw10P.mat,model SVM with 10 features, train duration, 0.036
pixraw10P.mat,model SVM with 10 features, test duration, 0.001
pixraw10P.mat,model k - nearest with 10 features, train duration, 0.001
pixraw10P.mat,model k - nearest with 10 features, test duration, 0.001
pixraw10P.mat,model RandomForest with 10 features, train duration, 0.130
pixraw10P.mat,model RandomForest with 10 features, test duration, 0.012
pixraw10P.mat,model LogisticsRegression with 10 features, train duration, 0.021
pixraw10P.mat,model LogisticsRegression with 10 features, test duration, 0.001
pixraw10P.mat,model NB with 10 features, train duration, 0.002
pixraw10P.mat,model NB with 10 features, test duration, 0.001
pixraw10P.mat,model SVM with 15 features, train duration, 0.043
pixraw10P.mat,model SVM with 15 features, test duration, 0.001
pixraw10P.mat,model k - nearest with 15 features, train duration, 0.001
pixraw10P.mat,model k - nearest with 15 features, test duration, 0.001
pixraw10P.mat,model RandomForest with 15 features, train duration, 0.128
pixraw10P.mat,model RandomForest with 15 features, test duration, 0.012
pixraw10P.mat,model LogisticsRegression with 15 features, train duration, 0.023
pixraw10P.mat,model LogisticsRegression with 15 features, test duration, 0.001
pixraw10P.mat,model NB with 15 features, train duration, 0.003
pixraw10P.mat,model NB with 15 features, test duration, 0.003
pixraw10P.mat,model SVM with 20 features, train duration, 0.059
pixraw10P.mat,model SVM with 20 features, test duration, 0.002
pixraw10P.mat,model k - nearest with 20 features, train duration, 0.002
pixraw10P.mat,model k - nearest with 20 features, test duration, 0.003
pixraw10P.mat,model RandomForest with 20 features, train duration, 0.138
pixraw10P.mat,model RandomForest with 20 features, test duration, 0.013
pixraw10P.mat,model LogisticsRegression with 20 features, train duration, 0.024
pixraw10P.mat,model LogisticsRegression with 20 features, test duration, 0.001
pixraw10P.mat,model NB with 20 features, train duration, 0.002
pixraw10P.mat,model NB with 20 features, test duration, 0.001
pixraw10P.mat,model SVM with 25 features, train duration, 0.062
pixraw10P.mat,model SVM with 25 features, test duration, 0.001
pixraw10P.mat,model k - nearest with 25 features, train duration, 0.001
pixraw10P.mat,model k - nearest with 25 features, test duration, 0.001
pixraw10P.mat,model RandomForest with 25 features, train duration, 0.130
pixraw10P.mat,model RandomForest with 25 features, test duration, 0.012
pixraw10P.mat,model LogisticsRegression with 25 features, train duration, 0.023
pixraw10P.mat,model LogisticsRegression with 25 features, test duration, 0.001
pixraw10P.mat,model NB with 25 features, train duration, 0.002
pixraw10P.mat,model NB with 25 features, test duration, 0.001
pixraw10P.mat,model SVM with 30 features, train duration, 0.066
pixraw10P.mat,model SVM with 30 features, test duration, 0.001
pixraw10P.mat,model k - nearest with 30 features, train duration, 0.001
pixraw10P.mat,model k - nearest with 30 features, test duration, 0.001
pixraw10P.mat,model RandomForest with 30 features, train duration, 0.125
pixraw10P.mat,model RandomForest with 30 features, test duration, 0.012
pixraw10P.mat,model LogisticsRegression with 30 features, train duration, 0.023
pixraw10P.mat,model LogisticsRegression with 30 features, test duration, 0.001
pixraw10P.mat,model NB with 30 features, train duration, 0.002
pixraw10P.mat,model NB with 30 features, test duration, 0.001
pixraw10P.mat,model SVM with 50 features, train duration, 0.093
pixraw10P.mat,model SVM with 50 features, test duration, 0.001
pixraw10P.mat,model k - nearest with 50 features, train duration, 0.002
pixraw10P.mat,model k - nearest with 50 features, test duration, 0.001
pixraw10P.mat,model RandomForest with 50 features, train duration, 0.124
pixraw10P.mat,model RandomForest with 50 features, test duration, 0.012
pixraw10P.mat,model LogisticsRegression with 50 features, train duration, 0.024
pixraw10P.mat,model LogisticsRegression with 50 features, test duration, 0.001
pixraw10P.mat,model NB with 50 features, train duration, 0.002
pixraw10P.mat,model NB with 50 features, test duration, 0.001
pixraw10P.mat,model SVM with 100 features, train duration, 0.169
pixraw10P.mat,model SVM with 100 features, test duration, 0.002
pixraw10P.mat,model k - nearest with 100 features, train duration, 0.002
pixraw10P.mat,model k - nearest with 100 features, test duration, 0.002
pixraw10P.mat,model RandomForest with 100 features, train duration, 0.123
pixraw10P.mat,model RandomForest with 100 features, test duration, 0.011
pixraw10P.mat,model LogisticsRegression with 100 features, train duration, 0.031
pixraw10P.mat,model LogisticsRegression with 100 features, test duration, 0.002
pixraw10P.mat,model NB with 100 features, train duration, 0.002
pixraw10P.mat,model NB with 100 features, test duration, 0.002
pixraw10P.mat,rfe,selection runtime, 5.750
pixraw10P.mat,model SVM with 1 features, train duration, 0.030
pixraw10P.mat,model SVM with 1 features, test duration, 0.001
pixraw10P.mat,model k - nearest with 1 features, train duration, 0.001
pixraw10P.mat,model k - nearest with 1 features, test duration, 0.001
pixraw10P.mat,model RandomForest with 1 features, train duration, 0.128
pixraw10P.mat,model RandomForest with 1 features, test duration, 0.014
pixraw10P.mat,model LogisticsRegression with 1 features, train duration, 0.021
pixraw10P.mat,model LogisticsRegression with 1 features, test duration, 0.001
pixraw10P.mat,model NB with 1 features, train duration, 0.002
pixraw10P.mat,model NB with 1 features, test duration, 0.001
pixraw10P.mat,model SVM with 2 features, train duration, 0.031
pixraw10P.mat,model SVM with 2 features, test duration, 0.001
pixraw10P.mat,model k - nearest with 2 features, train duration, 0.002
pixraw10P.mat,model k - nearest with 2 features, test duration, 0.002
pixraw10P.mat,model RandomForest with 2 features, train duration, 0.130
pixraw10P.mat,model RandomForest with 2 features, test duration, 0.012
pixraw10P.mat,model LogisticsRegression with 2 features, train duration, 0.021
pixraw10P.mat,model LogisticsRegression with 2 features, test duration, 0.001
pixraw10P.mat,model NB with 2 features, train duration, 0.002
pixraw10P.mat,model NB with 2 features, test duration, 0.001
pixraw10P.mat,model SVM with 3 features, train duration, 0.029
pixraw10P.mat,model SVM with 3 features, test duration, 0.001
pixraw10P.mat,model k - nearest with 3 features, train duration, 0.001
pixraw10P.mat,model k - nearest with 3 features, test duration, 0.001
pixraw10P.mat,model RandomForest with 3 features, train duration, 0.138
pixraw10P.mat,model RandomForest with 3 features, test duration, 0.013
pixraw10P.mat,model LogisticsRegression with 3 features, train duration, 0.022
pixraw10P.mat,model LogisticsRegression with 3 features, test duration, 0.001
pixraw10P.mat,model NB with 3 features, train duration, 0.002
pixraw10P.mat,model NB with 3 features, test duration, 0.001
pixraw10P.mat,model SVM with 4 features, train duration, 0.031
pixraw10P.mat,model SVM with 4 features, test duration, 0.001
pixraw10P.mat,model k - nearest with 4 features, train duration, 0.001
pixraw10P.mat,model k - nearest with 4 features, test duration, 0.001
pixraw10P.mat,model RandomForest with 4 features, train duration, 0.131
pixraw10P.mat,model RandomForest with 4 features, test duration, 0.013
pixraw10P.mat,model LogisticsRegression with 4 features, train duration, 0.020
pixraw10P.mat,model LogisticsRegression with 4 features, test duration, 0.001
pixraw10P.mat,model NB with 4 features, train duration, 0.002
pixraw10P.mat,model NB with 4 features, test duration, 0.001
pixraw10P.mat,model SVM with 5 features, train duration, 0.032
pixraw10P.mat,model SVM with 5 features, test duration, 0.001
pixraw10P.mat,model k - nearest with 5 features, train duration, 0.001
pixraw10P.mat,model k - nearest with 5 features, test duration, 0.001
pixraw10P.mat,model RandomForest with 5 features, train duration, 0.132
pixraw10P.mat,model RandomForest with 5 features, test duration, 0.012
pixraw10P.mat,model LogisticsRegression with 5 features, train duration, 0.021
pixraw10P.mat,model LogisticsRegression with 5 features, test duration, 0.001
pixraw10P.mat,model NB with 5 features, train duration, 0.002
pixraw10P.mat,model NB with 5 features, test duration, 0.002
pixraw10P.mat,model SVM with 10 features, train duration, 0.032
pixraw10P.mat,model SVM with 10 features, test duration, 0.001
pixraw10P.mat,model k - nearest with 10 features, train duration, 0.002
pixraw10P.mat,model k - nearest with 10 features, test duration, 0.001
pixraw10P.mat,model RandomForest with 10 features, train duration, 0.127
pixraw10P.mat,model RandomForest with 10 features, test duration, 0.012
pixraw10P.mat,model LogisticsRegression with 10 features, train duration, 0.021
pixraw10P.mat,model LogisticsRegression with 10 features, test duration, 0.001
pixraw10P.mat,model NB with 10 features, train duration, 0.002
pixraw10P.mat,model NB with 10 features, test duration, 0.001
pixraw10P.mat,model SVM with 15 features, train duration, 0.048
pixraw10P.mat,model SVM with 15 features, test duration, 0.001
pixraw10P.mat,model k - nearest with 15 features, train duration, 0.003
pixraw10P.mat,model k - nearest with 15 features, test duration, 0.001
pixraw10P.mat,model RandomForest with 15 features, train duration, 0.127
pixraw10P.mat,model RandomForest with 15 features, test duration, 0.012
pixraw10P.mat,model LogisticsRegression with 15 features, train duration, 0.021
pixraw10P.mat,model LogisticsRegression with 15 features, test duration, 0.001
pixraw10P.mat,model NB with 15 features, train duration, 0.002
pixraw10P.mat,model NB with 15 features, test duration, 0.002
pixraw10P.mat,model SVM with 20 features, train duration, 0.047
pixraw10P.mat,model SVM with 20 features, test duration, 0.001
pixraw10P.mat,model k - nearest with 20 features, train duration, 0.001
pixraw10P.mat,model k - nearest with 20 features, test duration, 0.001
pixraw10P.mat,model RandomForest with 20 features, train duration, 0.120
pixraw10P.mat,model RandomForest with 20 features, test duration, 0.011
pixraw10P.mat,model LogisticsRegression with 20 features, train duration, 0.020
pixraw10P.mat,model LogisticsRegression with 20 features, test duration, 0.001
pixraw10P.mat,model NB with 20 features, train duration, 0.002
pixraw10P.mat,model NB with 20 features, test duration, 0.001
pixraw10P.mat,model SVM with 25 features, train duration, 0.052
pixraw10P.mat,model SVM with 25 features, test duration, 0.001
pixraw10P.mat,model k - nearest with 25 features, train duration, 0.001
pixraw10P.mat,model k - nearest with 25 features, test duration, 0.001
pixraw10P.mat,model RandomForest with 25 features, train duration, 0.121
pixraw10P.mat,model RandomForest with 25 features, test duration, 0.011
pixraw10P.mat,model LogisticsRegression with 25 features, train duration, 0.032
pixraw10P.mat,model LogisticsRegression with 25 features, test duration, 0.001
pixraw10P.mat,model NB with 25 features, train duration, 0.002
pixraw10P.mat,model NB with 25 features, test duration, 0.002
pixraw10P.mat,model SVM with 30 features, train duration, 0.060
pixraw10P.mat,model SVM with 30 features, test duration, 0.001
pixraw10P.mat,model k - nearest with 30 features, train duration, 0.001
pixraw10P.mat,model k - nearest with 30 features, test duration, 0.001
pixraw10P.mat,model RandomForest with 30 features, train duration, 0.118
pixraw10P.mat,model RandomForest with 30 features, test duration, 0.011
pixraw10P.mat,model LogisticsRegression with 30 features, train duration, 0.022
pixraw10P.mat,model LogisticsRegression with 30 features, test duration, 0.001
pixraw10P.mat,model NB with 30 features, train duration, 0.002
pixraw10P.mat,model NB with 30 features, test duration, 0.001
pixraw10P.mat,model SVM with 50 features, train duration, 0.075
pixraw10P.mat,model SVM with 50 features, test duration, 0.001
pixraw10P.mat,model k - nearest with 50 features, train duration, 0.002
pixraw10P.mat,model k - nearest with 50 features, test duration, 0.001
pixraw10P.mat,model RandomForest with 50 features, train duration, 0.111
pixraw10P.mat,model RandomForest with 50 features, test duration, 0.010
pixraw10P.mat,model LogisticsRegression with 50 features, train duration, 0.035
pixraw10P.mat,model LogisticsRegression with 50 features, test duration, 0.002
pixraw10P.mat,model NB with 50 features, train duration, 0.002
pixraw10P.mat,model NB with 50 features, test duration, 0.001
pixraw10P.mat,model SVM with 100 features, train duration, 0.135
pixraw10P.mat,model SVM with 100 features, test duration, 0.001
pixraw10P.mat,model k - nearest with 100 features, train duration, 0.002
pixraw10P.mat,model k - nearest with 100 features, test duration, 0.001
pixraw10P.mat,model RandomForest with 100 features, train duration, 0.114
pixraw10P.mat,model RandomForest with 100 features, test duration, 0.011
pixraw10P.mat,model LogisticsRegression with 100 features, train duration, 0.029
pixraw10P.mat,model LogisticsRegression with 100 features, test duration, 0.001
pixraw10P.mat,model NB with 100 features, train duration, 0.002
pixraw10P.mat,model NB with 100 features, test duration, 0.002
pixraw10P.mat,Fdr_f_classif,selection runtime, 0.008
pixraw10P.mat,model SVM with 1 features, train duration, 0.025
pixraw10P.mat,model SVM with 1 features, test duration, 0.001
pixraw10P.mat,model k - nearest with 1 features, train duration, 0.001
pixraw10P.mat,model k - nearest with 1 features, test duration, 0.001
pixraw10P.mat,model RandomForest with 1 features, train duration, 0.106
pixraw10P.mat,model RandomForest with 1 features, test duration, 0.010
pixraw10P.mat,model LogisticsRegression with 1 features, train duration, 0.015
pixraw10P.mat,model LogisticsRegression with 1 features, test duration, 0.001
pixraw10P.mat,model NB with 1 features, train duration, 0.002
pixraw10P.mat,model NB with 1 features, test duration, 0.001
pixraw10P.mat,model SVM with 2 features, train duration, 0.024
pixraw10P.mat,model SVM with 2 features, test duration, 0.001
pixraw10P.mat,model k - nearest with 2 features, train duration, 0.001
pixraw10P.mat,model k - nearest with 2 features, test duration, 0.001
pixraw10P.mat,model RandomForest with 2 features, train duration, 0.100
pixraw10P.mat,model RandomForest with 2 features, test duration, 0.010
pixraw10P.mat,model LogisticsRegression with 2 features, train duration, 0.016
pixraw10P.mat,model LogisticsRegression with 2 features, test duration, 0.001
pixraw10P.mat,model NB with 2 features, train duration, 0.002
pixraw10P.mat,model NB with 2 features, test duration, 0.001
pixraw10P.mat,model SVM with 3 features, train duration, 0.023
pixraw10P.mat,model SVM with 3 features, test duration, 0.001
pixraw10P.mat,model k - nearest with 3 features, train duration, 0.001
pixraw10P.mat,model k - nearest with 3 features, test duration, 0.001
pixraw10P.mat,model RandomForest with 3 features, train duration, 0.101
pixraw10P.mat,model RandomForest with 3 features, test duration, 0.010
pixraw10P.mat,model LogisticsRegression with 3 features, train duration, 0.016
pixraw10P.mat,model LogisticsRegression with 3 features, test duration, 0.001
pixraw10P.mat,model NB with 3 features, train duration, 0.002
pixraw10P.mat,model NB with 3 features, test duration, 0.001
pixraw10P.mat,model SVM with 4 features, train duration, 0.025
pixraw10P.mat,model SVM with 4 features, test duration, 0.001
pixraw10P.mat,model k - nearest with 4 features, train duration, 0.001
pixraw10P.mat,model k - nearest with 4 features, test duration, 0.001
pixraw10P.mat,model RandomForest with 4 features, train duration, 0.100
pixraw10P.mat,model RandomForest with 4 features, test duration, 0.009
pixraw10P.mat,model LogisticsRegression with 4 features, train duration, 0.016
pixraw10P.mat,model LogisticsRegression with 4 features, test duration, 0.001
pixraw10P.mat,model NB with 4 features, train duration, 0.001
pixraw10P.mat,model NB with 4 features, test duration, 0.001
pixraw10P.mat,model SVM with 5 features, train duration, 0.025
pixraw10P.mat,model SVM with 5 features, test duration, 0.001
pixraw10P.mat,model k - nearest with 5 features, train duration, 0.001
pixraw10P.mat,model k - nearest with 5 features, test duration, 0.001
pixraw10P.mat,model RandomForest with 5 features, train duration, 0.133
pixraw10P.mat,model RandomForest with 5 features, test duration, 0.013
pixraw10P.mat,model LogisticsRegression with 5 features, train duration, 0.016
pixraw10P.mat,model LogisticsRegression with 5 features, test duration, 0.001
pixraw10P.mat,model NB with 5 features, train duration, 0.002
pixraw10P.mat,model NB with 5 features, test duration, 0.001
pixraw10P.mat,model SVM with 10 features, train duration, 0.054
pixraw10P.mat,model SVM with 10 features, test duration, 0.001
pixraw10P.mat,model k - nearest with 10 features, train duration, 0.001
pixraw10P.mat,model k - nearest with 10 features, test duration, 0.001
pixraw10P.mat,model RandomForest with 10 features, train duration, 0.103
pixraw10P.mat,model RandomForest with 10 features, test duration, 0.010
pixraw10P.mat,model LogisticsRegression with 10 features, train duration, 0.016
pixraw10P.mat,model LogisticsRegression with 10 features, test duration, 0.001
pixraw10P.mat,model NB with 10 features, train duration, 0.002
pixraw10P.mat,model NB with 10 features, test duration, 0.001
pixraw10P.mat,model SVM with 15 features, train duration, 0.037
pixraw10P.mat,model SVM with 15 features, test duration, 0.001
pixraw10P.mat,model k - nearest with 15 features, train duration, 0.001
pixraw10P.mat,model k - nearest with 15 features, test duration, 0.001
pixraw10P.mat,model RandomForest with 15 features, train duration, 0.101
pixraw10P.mat,model RandomForest with 15 features, test duration, 0.010
pixraw10P.mat,model LogisticsRegression with 15 features, train duration, 0.018
pixraw10P.mat,model LogisticsRegression with 15 features, test duration, 0.001
pixraw10P.mat,model NB with 15 features, train duration, 0.002
pixraw10P.mat,model NB with 15 features, test duration, 0.001
pixraw10P.mat,model SVM with 20 features, train duration, 0.041
pixraw10P.mat,model SVM with 20 features, test duration, 0.001
pixraw10P.mat,model k - nearest with 20 features, train duration, 0.001
pixraw10P.mat,model k - nearest with 20 features, test duration, 0.001
pixraw10P.mat,model RandomForest with 20 features, train duration, 0.103
pixraw10P.mat,model RandomForest with 20 features, test duration, 0.010
pixraw10P.mat,model LogisticsRegression with 20 features, train duration, 0.018
pixraw10P.mat,model LogisticsRegression with 20 features, test duration, 0.001
pixraw10P.mat,model NB with 20 features, train duration, 0.002
pixraw10P.mat,model NB with 20 features, test duration, 0.001
pixraw10P.mat,model SVM with 25 features, train duration, 0.045
pixraw10P.mat,model SVM with 25 features, test duration, 0.001
pixraw10P.mat,model k - nearest with 25 features, train duration, 0.001
pixraw10P.mat,model k - nearest with 25 features, test duration, 0.001
pixraw10P.mat,model RandomForest with 25 features, train duration, 0.103
pixraw10P.mat,model RandomForest with 25 features, test duration, 0.010
pixraw10P.mat,model LogisticsRegression with 25 features, train duration, 0.019
pixraw10P.mat,model LogisticsRegression with 25 features, test duration, 0.001
pixraw10P.mat,model NB with 25 features, train duration, 0.002
pixraw10P.mat,model NB with 25 features, test duration, 0.001
pixraw10P.mat,model SVM with 30 features, train duration, 0.056
pixraw10P.mat,model SVM with 30 features, test duration, 0.001
pixraw10P.mat,model k - nearest with 30 features, train duration, 0.001
pixraw10P.mat,model k - nearest with 30 features, test duration, 0.001
pixraw10P.mat,model RandomForest with 30 features, train duration, 0.103
pixraw10P.mat,model RandomForest with 30 features, test duration, 0.010
pixraw10P.mat,model LogisticsRegression with 30 features, train duration, 0.019
pixraw10P.mat,model LogisticsRegression with 30 features, test duration, 0.001
pixraw10P.mat,model NB with 30 features, train duration, 0.002
pixraw10P.mat,model NB with 30 features, test duration, 0.001
pixraw10P.mat,model SVM with 50 features, train duration, 0.074
pixraw10P.mat,model SVM with 50 features, test duration, 0.001
pixraw10P.mat,model k - nearest with 50 features, train duration, 0.001
pixraw10P.mat,model k - nearest with 50 features, test duration, 0.001
pixraw10P.mat,model RandomForest with 50 features, train duration, 0.109
pixraw10P.mat,model RandomForest with 50 features, test duration, 0.010
pixraw10P.mat,model LogisticsRegression with 50 features, train duration, 0.024
pixraw10P.mat,model LogisticsRegression with 50 features, test duration, 0.001
pixraw10P.mat,model NB with 50 features, train duration, 0.002
pixraw10P.mat,model NB with 50 features, test duration, 0.001
pixraw10P.mat,model SVM with 100 features, train duration, 0.132
pixraw10P.mat,model SVM with 100 features, test duration, 0.001
pixraw10P.mat,model k - nearest with 100 features, train duration, 0.002
pixraw10P.mat,model k - nearest with 100 features, test duration, 0.001
pixraw10P.mat,model RandomForest with 100 features, train duration, 0.106
pixraw10P.mat,model RandomForest with 100 features, test duration, 0.010
pixraw10P.mat,model LogisticsRegression with 100 features, train duration, 0.029
pixraw10P.mat,model LogisticsRegression with 100 features, test duration, 0.001
pixraw10P.mat,model NB with 100 features, train duration, 0.002
pixraw10P.mat,model NB with 100 features, test duration, 0.002
pixraw10P.mat,mrmr,selection runtime, 9.019
pixraw10P.mat,model SVM with 1 features, train duration, 0.025
pixraw10P.mat,model SVM with 1 features, test duration, 0.001
pixraw10P.mat,model k - nearest with 1 features, train duration, 0.001
pixraw10P.mat,model k - nearest with 1 features, test duration, 0.001
pixraw10P.mat,model RandomForest with 1 features, train duration, 0.099
pixraw10P.mat,model RandomForest with 1 features, test duration, 0.009
pixraw10P.mat,model LogisticsRegression with 1 features, train duration, 0.016
pixraw10P.mat,model LogisticsRegression with 1 features, test duration, 0.001
pixraw10P.mat,model NB with 1 features, train duration, 0.001
pixraw10P.mat,model NB with 1 features, test duration, 0.001
pixraw10P.mat,model SVM with 2 features, train duration, 0.020
pixraw10P.mat,model SVM with 2 features, test duration, 0.001
pixraw10P.mat,model k - nearest with 2 features, train duration, 0.001
pixraw10P.mat,model k - nearest with 2 features, test duration, 0.001
pixraw10P.mat,model RandomForest with 2 features, train duration, 0.097
pixraw10P.mat,model RandomForest with 2 features, test duration, 0.009
pixraw10P.mat,model LogisticsRegression with 2 features, train duration, 0.015
pixraw10P.mat,model LogisticsRegression with 2 features, test duration, 0.001
pixraw10P.mat,model NB with 2 features, train duration, 0.001
pixraw10P.mat,model NB with 2 features, test duration, 0.001
pixraw10P.mat,model SVM with 3 features, train duration, 0.019
pixraw10P.mat,model SVM with 3 features, test duration, 0.001
pixraw10P.mat,model k - nearest with 3 features, train duration, 0.001
pixraw10P.mat,model k - nearest with 3 features, test duration, 0.001
pixraw10P.mat,model RandomForest with 3 features, train duration, 0.102
pixraw10P.mat,model RandomForest with 3 features, test duration, 0.009
pixraw10P.mat,model LogisticsRegression with 3 features, train duration, 0.018
pixraw10P.mat,model LogisticsRegression with 3 features, test duration, 0.001
pixraw10P.mat,model NB with 3 features, train duration, 0.001
pixraw10P.mat,model NB with 3 features, test duration, 0.001
pixraw10P.mat,model SVM with 4 features, train duration, 0.018
pixraw10P.mat,model SVM with 4 features, test duration, 0.001
pixraw10P.mat,model k - nearest with 4 features, train duration, 0.001
pixraw10P.mat,model k - nearest with 4 features, test duration, 0.001
pixraw10P.mat,model RandomForest with 4 features, train duration, 0.100
pixraw10P.mat,model RandomForest with 4 features, test duration, 0.010
pixraw10P.mat,model LogisticsRegression with 4 features, train duration, 0.018
pixraw10P.mat,model LogisticsRegression with 4 features, test duration, 0.001
pixraw10P.mat,model NB with 4 features, train duration, 0.002
pixraw10P.mat,model NB with 4 features, test duration, 0.001
pixraw10P.mat,model SVM with 5 features, train duration, 0.020
pixraw10P.mat,model SVM with 5 features, test duration, 0.001
pixraw10P.mat,model k - nearest with 5 features, train duration, 0.001
pixraw10P.mat,model k - nearest with 5 features, test duration, 0.001
pixraw10P.mat,model RandomForest with 5 features, train duration, 0.102
pixraw10P.mat,model RandomForest with 5 features, test duration, 0.010
pixraw10P.mat,model LogisticsRegression with 5 features, train duration, 0.019
pixraw10P.mat,model LogisticsRegression with 5 features, test duration, 0.001
pixraw10P.mat,model NB with 5 features, train duration, 0.001
pixraw10P.mat,model NB with 5 features, test duration, 0.001
pixraw10P.mat,model SVM with 10 features, train duration, 0.023
pixraw10P.mat,model SVM with 10 features, test duration, 0.001
pixraw10P.mat,model k - nearest with 10 features, train duration, 0.001
pixraw10P.mat,model k - nearest with 10 features, test duration, 0.001
pixraw10P.mat,model RandomForest with 10 features, train duration, 0.100
pixraw10P.mat,model RandomForest with 10 features, test duration, 0.009
pixraw10P.mat,model LogisticsRegression with 10 features, train duration, 0.017
pixraw10P.mat,model LogisticsRegression with 10 features, test duration, 0.001
pixraw10P.mat,model NB with 10 features, train duration, 0.002
pixraw10P.mat,model NB with 10 features, test duration, 0.001
pixraw10P.mat,model SVM with 15 features, train duration, 0.027
pixraw10P.mat,model SVM with 15 features, test duration, 0.001
pixraw10P.mat,model k - nearest with 15 features, train duration, 0.001
pixraw10P.mat,model k - nearest with 15 features, test duration, 0.001
pixraw10P.mat,model RandomForest with 15 features, train duration, 0.101
pixraw10P.mat,model RandomForest with 15 features, test duration, 0.009
pixraw10P.mat,model LogisticsRegression with 15 features, train duration, 0.019
pixraw10P.mat,model LogisticsRegression with 15 features, test duration, 0.001
pixraw10P.mat,model NB with 15 features, train duration, 0.002
pixraw10P.mat,model NB with 15 features, test duration, 0.001
pixraw10P.mat,model SVM with 20 features, train duration, 0.034
pixraw10P.mat,model SVM with 20 features, test duration, 0.001
pixraw10P.mat,model k - nearest with 20 features, train duration, 0.001
pixraw10P.mat,model k - nearest with 20 features, test duration, 0.001
pixraw10P.mat,model RandomForest with 20 features, train duration, 0.100
pixraw10P.mat,model RandomForest with 20 features, test duration, 0.009
pixraw10P.mat,model LogisticsRegression with 20 features, train duration, 0.019
pixraw10P.mat,model LogisticsRegression with 20 features, test duration, 0.001
pixraw10P.mat,model NB with 20 features, train duration, 0.002
pixraw10P.mat,model NB with 20 features, test duration, 0.001
pixraw10P.mat,model SVM with 25 features, train duration, 0.041
pixraw10P.mat,model SVM with 25 features, test duration, 0.001
pixraw10P.mat,model k - nearest with 25 features, train duration, 0.001
pixraw10P.mat,model k - nearest with 25 features, test duration, 0.001
pixraw10P.mat,model RandomForest with 25 features, train duration, 0.099
pixraw10P.mat,model RandomForest with 25 features, test duration, 0.009
pixraw10P.mat,model LogisticsRegression with 25 features, train duration, 0.022
pixraw10P.mat,model LogisticsRegression with 25 features, test duration, 0.001
pixraw10P.mat,model NB with 25 features, train duration, 0.002
pixraw10P.mat,model NB with 25 features, test duration, 0.001
pixraw10P.mat,model SVM with 30 features, train duration, 0.046
pixraw10P.mat,model SVM with 30 features, test duration, 0.001
pixraw10P.mat,model k - nearest with 30 features, train duration, 0.002
pixraw10P.mat,model k - nearest with 30 features, test duration, 0.001
pixraw10P.mat,model RandomForest with 30 features, train duration, 0.107
pixraw10P.mat,model RandomForest with 30 features, test duration, 0.011
pixraw10P.mat,model LogisticsRegression with 30 features, train duration, 0.021
pixraw10P.mat,model LogisticsRegression with 30 features, test duration, 0.001
pixraw10P.mat,model NB with 30 features, train duration, 0.002
pixraw10P.mat,model NB with 30 features, test duration, 0.001
pixraw10P.mat,model SVM with 50 features, train duration, 0.059
pixraw10P.mat,model SVM with 50 features, test duration, 0.001
pixraw10P.mat,model k - nearest with 50 features, train duration, 0.001
pixraw10P.mat,model k - nearest with 50 features, test duration, 0.001
pixraw10P.mat,model RandomForest with 50 features, train duration, 0.103
pixraw10P.mat,model RandomForest with 50 features, test duration, 0.009
pixraw10P.mat,model LogisticsRegression with 50 features, train duration, 0.032
pixraw10P.mat,model LogisticsRegression with 50 features, test duration, 0.001
pixraw10P.mat,model NB with 50 features, train duration, 0.002
pixraw10P.mat,model NB with 50 features, test duration, 0.001
pixraw10P.mat,model SVM with 100 features, train duration, 0.085
pixraw10P.mat,model SVM with 100 features, test duration, 0.002
pixraw10P.mat,model k - nearest with 100 features, train duration, 0.002
pixraw10P.mat,model k - nearest with 100 features, test duration, 0.001
pixraw10P.mat,model RandomForest with 100 features, train duration, 0.107
pixraw10P.mat,model RandomForest with 100 features, test duration, 0.010
pixraw10P.mat,model LogisticsRegression with 100 features, train duration, 0.029
pixraw10P.mat,model LogisticsRegression with 100 features, test duration, 0.001
pixraw10P.mat,model NB with 100 features, train duration, 0.002
pixraw10P.mat,model NB with 100 features, test duration, 0.002
pixraw10P.mat,MMCC,selection runtime, 107.765
pixraw10P.mat,model SVM with 1 features, train duration, 0.021
pixraw10P.mat,model SVM with 1 features, test duration, 0.001
pixraw10P.mat,model k - nearest with 1 features, train duration, 0.001
pixraw10P.mat,model k - nearest with 1 features, test duration, 0.001
pixraw10P.mat,model RandomForest with 1 features, train duration, 0.099
pixraw10P.mat,model RandomForest with 1 features, test duration, 0.010
pixraw10P.mat,model LogisticsRegression with 1 features, train duration, 0.015
pixraw10P.mat,model LogisticsRegression with 1 features, test duration, 0.001
pixraw10P.mat,model NB with 1 features, train duration, 0.001
pixraw10P.mat,model NB with 1 features, test duration, 0.001
pixraw10P.mat,model SVM with 2 features, train duration, 0.019
pixraw10P.mat,model SVM with 2 features, test duration, 0.001
pixraw10P.mat,model k - nearest with 2 features, train duration, 0.001
pixraw10P.mat,model k - nearest with 2 features, test duration, 0.001
pixraw10P.mat,model RandomForest with 2 features, train duration, 0.098
pixraw10P.mat,model RandomForest with 2 features, test duration, 0.010
pixraw10P.mat,model LogisticsRegression with 2 features, train duration, 0.015
pixraw10P.mat,model LogisticsRegression with 2 features, test duration, 0.001
pixraw10P.mat,model NB with 2 features, train duration, 0.001
pixraw10P.mat,model NB with 2 features, test duration, 0.001
pixraw10P.mat,model SVM with 3 features, train duration, 0.020
pixraw10P.mat,model SVM with 3 features, test duration, 0.001
pixraw10P.mat,model k - nearest with 3 features, train duration, 0.001
pixraw10P.mat,model k - nearest with 3 features, test duration, 0.001
pixraw10P.mat,model RandomForest with 3 features, train duration, 0.099
pixraw10P.mat,model RandomForest with 3 features, test duration, 0.010
pixraw10P.mat,model LogisticsRegression with 3 features, train duration, 0.015
pixraw10P.mat,model LogisticsRegression with 3 features, test duration, 0.001
pixraw10P.mat,model NB with 3 features, train duration, 0.002
pixraw10P.mat,model NB with 3 features, test duration, 0.001
pixraw10P.mat,model SVM with 4 features, train duration, 0.022
pixraw10P.mat,model SVM with 4 features, test duration, 0.001
pixraw10P.mat,model k - nearest with 4 features, train duration, 0.001
pixraw10P.mat,model k - nearest with 4 features, test duration, 0.001
pixraw10P.mat,model RandomForest with 4 features, train duration, 0.100
pixraw10P.mat,model RandomForest with 4 features, test duration, 0.009
pixraw10P.mat,model LogisticsRegression with 4 features, train duration, 0.015
pixraw10P.mat,model LogisticsRegression with 4 features, test duration, 0.001
pixraw10P.mat,model NB with 4 features, train duration, 0.001
pixraw10P.mat,model NB with 4 features, test duration, 0.001
pixraw10P.mat,model SVM with 5 features, train duration, 0.023
pixraw10P.mat,model SVM with 5 features, test duration, 0.001
pixraw10P.mat,model k - nearest with 5 features, train duration, 0.001
pixraw10P.mat,model k - nearest with 5 features, test duration, 0.001
pixraw10P.mat,model RandomForest with 5 features, train duration, 0.099
pixraw10P.mat,model RandomForest with 5 features, test duration, 0.009
pixraw10P.mat,model LogisticsRegression with 5 features, train duration, 0.015
pixraw10P.mat,model LogisticsRegression with 5 features, test duration, 0.001
pixraw10P.mat,model NB with 5 features, train duration, 0.002
pixraw10P.mat,model NB with 5 features, test duration, 0.001
pixraw10P.mat,model SVM with 10 features, train duration, 0.031
pixraw10P.mat,model SVM with 10 features, test duration, 0.001
pixraw10P.mat,model k - nearest with 10 features, train duration, 0.001
pixraw10P.mat,model k - nearest with 10 features, test duration, 0.001
pixraw10P.mat,model RandomForest with 10 features, train duration, 0.101
pixraw10P.mat,model RandomForest with 10 features, test duration, 0.010
pixraw10P.mat,model LogisticsRegression with 10 features, train duration, 0.016
pixraw10P.mat,model LogisticsRegression with 10 features, test duration, 0.001
pixraw10P.mat,model NB with 10 features, train duration, 0.002
pixraw10P.mat,model NB with 10 features, test duration, 0.001
pixraw10P.mat,model SVM with 15 features, train duration, 0.033
pixraw10P.mat,model SVM with 15 features, test duration, 0.001
pixraw10P.mat,model k - nearest with 15 features, train duration, 0.001
pixraw10P.mat,model k - nearest with 15 features, test duration, 0.001
pixraw10P.mat,model RandomForest with 15 features, train duration, 0.098
pixraw10P.mat,model RandomForest with 15 features, test duration, 0.009
pixraw10P.mat,model LogisticsRegression with 15 features, train duration, 0.017
pixraw10P.mat,model LogisticsRegression with 15 features, test duration, 0.001
pixraw10P.mat,model NB with 15 features, train duration, 0.002
pixraw10P.mat,model NB with 15 features, test duration, 0.001
pixraw10P.mat,model SVM with 20 features, train duration, 0.039
pixraw10P.mat,model SVM with 20 features, test duration, 0.001
pixraw10P.mat,model k - nearest with 20 features, train duration, 0.001
pixraw10P.mat,model k - nearest with 20 features, test duration, 0.001
pixraw10P.mat,model RandomForest with 20 features, train duration, 0.097
pixraw10P.mat,model RandomForest with 20 features, test duration, 0.009
pixraw10P.mat,model LogisticsRegression with 20 features, train duration, 0.017
pixraw10P.mat,model LogisticsRegression with 20 features, test duration, 0.001
pixraw10P.mat,model NB with 20 features, train duration, 0.002
pixraw10P.mat,model NB with 20 features, test duration, 0.001
pixraw10P.mat,model SVM with 25 features, train duration, 0.046
pixraw10P.mat,model SVM with 25 features, test duration, 0.001
pixraw10P.mat,model k - nearest with 25 features, train duration, 0.001
pixraw10P.mat,model k - nearest with 25 features, test duration, 0.001
pixraw10P.mat,model RandomForest with 25 features, train duration, 0.086
pixraw10P.mat,model RandomForest with 25 features, test duration, 0.008
pixraw10P.mat,model LogisticsRegression with 25 features, train duration, 0.015
pixraw10P.mat,model LogisticsRegression with 25 features, test duration, 0.001
pixraw10P.mat,model NB with 25 features, train duration, 0.001
pixraw10P.mat,model NB with 25 features, test duration, 0.001
pixraw10P.mat,model SVM with 30 features, train duration, 0.059
pixraw10P.mat,model SVM with 30 features, test duration, 0.001
pixraw10P.mat,model k - nearest with 30 features, train duration, 0.001
pixraw10P.mat,model k - nearest with 30 features, test duration, 0.001
pixraw10P.mat,model RandomForest with 30 features, train duration, 0.087
pixraw10P.mat,model RandomForest with 30 features, test duration, 0.008
pixraw10P.mat,model LogisticsRegression with 30 features, train duration, 0.015
pixraw10P.mat,model LogisticsRegression with 30 features, test duration, 0.001
pixraw10P.mat,model NB with 30 features, train duration, 0.001
pixraw10P.mat,model NB with 30 features, test duration, 0.001
pixraw10P.mat,model SVM with 50 features, train duration, 0.062
pixraw10P.mat,model SVM with 50 features, test duration, 0.001
pixraw10P.mat,model k - nearest with 50 features, train duration, 0.001
pixraw10P.mat,model k - nearest with 50 features, test duration, 0.001
pixraw10P.mat,model RandomForest with 50 features, train duration, 0.112
pixraw10P.mat,model RandomForest with 50 features, test duration, 0.014
pixraw10P.mat,model LogisticsRegression with 50 features, train duration, 0.017
pixraw10P.mat,model LogisticsRegression with 50 features, test duration, 0.001
pixraw10P.mat,model NB with 50 features, train duration, 0.001
pixraw10P.mat,model NB with 50 features, test duration, 0.001
pixraw10P.mat,model SVM with 100 features, train duration, 0.104
pixraw10P.mat,model SVM with 100 features, test duration, 0.001
pixraw10P.mat,model k - nearest with 100 features, train duration, 0.001
pixraw10P.mat,model k - nearest with 100 features, test duration, 0.001
pixraw10P.mat,model RandomForest with 100 features, train duration, 0.100
pixraw10P.mat,model RandomForest with 100 features, test duration, 0.010
pixraw10P.mat,model LogisticsRegression with 100 features, train duration, 0.025
pixraw10P.mat,model LogisticsRegression with 100 features, test duration, 0.001
pixraw10P.mat,model NB with 100 features, train duration, 0.002
pixraw10P.mat,model NB with 100 features, test duration, 0.001
