arcene.mat,reliefF,selection runtime, 0.160
arcene.mat,model SVM with 1 features, train duration, 0.006
arcene.mat,model SVM with 1 features, test duration, 0.001
arcene.mat,model k - nearest with 1 features, train duration, 0.002
arcene.mat,model k - nearest with 1 features, test duration, 0.001
arcene.mat,model RandomForest with 1 features, train duration, 0.106
arcene.mat,model RandomForest with 1 features, test duration, 0.010
arcene.mat,model LogisticsRegression with 1 features, train duration, 0.004
arcene.mat,model LogisticsRegression with 1 features, test duration, 0.001
arcene.mat,model NB with 1 features, train duration, 0.001
arcene.mat,model NB with 1 features, test duration, 0.001
arcene.mat,model SVM with 2 features, train duration, 0.004
arcene.mat,model SVM with 2 features, test duration, 0.001
arcene.mat,model k - nearest with 2 features, train duration, 0.001
arcene.mat,model k - nearest with 2 features, test duration, 0.001
arcene.mat,model RandomForest with 2 features, train duration, 0.098
arcene.mat,model RandomForest with 2 features, test duration, 0.010
arcene.mat,model LogisticsRegression with 2 features, train duration, 0.005
arcene.mat,model LogisticsRegression with 2 features, test duration, 0.001
arcene.mat,model NB with 2 features, train duration, 0.002
arcene.mat,model NB with 2 features, test duration, 0.001
arcene.mat,model SVM with 3 features, train duration, 0.005
arcene.mat,model SVM with 3 features, test duration, 0.001
arcene.mat,model k - nearest with 3 features, train duration, 0.001
arcene.mat,model k - nearest with 3 features, test duration, 0.001
arcene.mat,model RandomForest with 3 features, train duration, 0.126
arcene.mat,model RandomForest with 3 features, test duration, 0.010
arcene.mat,model LogisticsRegression with 3 features, train duration, 0.008
arcene.mat,model LogisticsRegression with 3 features, test duration, 0.001
arcene.mat,model NB with 3 features, train duration, 0.001
arcene.mat,model NB with 3 features, test duration, 0.001
arcene.mat,model SVM with 4 features, train duration, 0.008
arcene.mat,model SVM with 4 features, test duration, 0.002
arcene.mat,model k - nearest with 4 features, train duration, 0.001
arcene.mat,model k - nearest with 4 features, test duration, 0.001
arcene.mat,model RandomForest with 4 features, train duration, 0.109
arcene.mat,model RandomForest with 4 features, test duration, 0.011
arcene.mat,model LogisticsRegression with 4 features, train duration, 0.006
arcene.mat,model LogisticsRegression with 4 features, test duration, 0.001
arcene.mat,model NB with 4 features, train duration, 0.001
arcene.mat,model NB with 4 features, test duration, 0.001
arcene.mat,model SVM with 5 features, train duration, 0.004
arcene.mat,model SVM with 5 features, test duration, 0.001
arcene.mat,model k - nearest with 5 features, train duration, 0.001
arcene.mat,model k - nearest with 5 features, test duration, 0.001
arcene.mat,model RandomForest with 5 features, train duration, 0.122
arcene.mat,model RandomForest with 5 features, test duration, 0.012
arcene.mat,model LogisticsRegression with 5 features, train duration, 0.008
arcene.mat,model LogisticsRegression with 5 features, test duration, 0.001
arcene.mat,model NB with 5 features, train duration, 0.001
arcene.mat,model NB with 5 features, test duration, 0.001
arcene.mat,model SVM with 10 features, train duration, 0.005
arcene.mat,model SVM with 10 features, test duration, 0.001
arcene.mat,model k - nearest with 10 features, train duration, 0.001
arcene.mat,model k - nearest with 10 features, test duration, 0.001
arcene.mat,model RandomForest with 10 features, train duration, 0.110
arcene.mat,model RandomForest with 10 features, test duration, 0.010
arcene.mat,model LogisticsRegression with 10 features, train duration, 0.016
arcene.mat,model LogisticsRegression with 10 features, test duration, 0.001
arcene.mat,model NB with 10 features, train duration, 0.001
arcene.mat,model NB with 10 features, test duration, 0.001
arcene.mat,model SVM with 15 features, train duration, 0.008
arcene.mat,model SVM with 15 features, test duration, 0.001
arcene.mat,model k - nearest with 15 features, train duration, 0.001
arcene.mat,model k - nearest with 15 features, test duration, 0.001
arcene.mat,model RandomForest with 15 features, train duration, 0.104
arcene.mat,model RandomForest with 15 features, test duration, 0.010
arcene.mat,model LogisticsRegression with 15 features, train duration, 0.016
arcene.mat,model LogisticsRegression with 15 features, test duration, 0.001
arcene.mat,model NB with 15 features, train duration, 0.001
arcene.mat,model NB with 15 features, test duration, 0.001
arcene.mat,model SVM with 20 features, train duration, 0.007
arcene.mat,model SVM with 20 features, test duration, 0.001
arcene.mat,model k - nearest with 20 features, train duration, 0.001
arcene.mat,model k - nearest with 20 features, test duration, 0.001
arcene.mat,model RandomForest with 20 features, train duration, 0.120
arcene.mat,model RandomForest with 20 features, test duration, 0.013
arcene.mat,model LogisticsRegression with 20 features, train duration, 0.012
arcene.mat,model LogisticsRegression with 20 features, test duration, 0.001
arcene.mat,model NB with 20 features, train duration, 0.001
arcene.mat,model NB with 20 features, test duration, 0.001
arcene.mat,model SVM with 25 features, train duration, 0.009
arcene.mat,model SVM with 25 features, test duration, 0.001
arcene.mat,model k - nearest with 25 features, train duration, 0.001
arcene.mat,model k - nearest with 25 features, test duration, 0.001
arcene.mat,model RandomForest with 25 features, train duration, 0.114
arcene.mat,model RandomForest with 25 features, test duration, 0.010
arcene.mat,model LogisticsRegression with 25 features, train duration, 0.014
arcene.mat,model LogisticsRegression with 25 features, test duration, 0.001
arcene.mat,model NB with 25 features, train duration, 0.001
arcene.mat,model NB with 25 features, test duration, 0.001
arcene.mat,model SVM with 30 features, train duration, 0.009
arcene.mat,model SVM with 30 features, test duration, 0.001
arcene.mat,model k - nearest with 30 features, train duration, 0.001
arcene.mat,model k - nearest with 30 features, test duration, 0.001
arcene.mat,model RandomForest with 30 features, train duration, 0.120
arcene.mat,model RandomForest with 30 features, test duration, 0.011
arcene.mat,model LogisticsRegression with 30 features, train duration, 0.015
arcene.mat,model LogisticsRegression with 30 features, test duration, 0.001
arcene.mat,model NB with 30 features, train duration, 0.001
arcene.mat,model NB with 30 features, test duration, 0.001
arcene.mat,model SVM with 50 features, train duration, 0.010
arcene.mat,model SVM with 50 features, test duration, 0.001
arcene.mat,model k - nearest with 50 features, train duration, 0.001
arcene.mat,model k - nearest with 50 features, test duration, 0.001
arcene.mat,model RandomForest with 50 features, train duration, 0.134
arcene.mat,model RandomForest with 50 features, test duration, 0.010
arcene.mat,model LogisticsRegression with 50 features, train duration, 0.013
arcene.mat,model LogisticsRegression with 50 features, test duration, 0.001
arcene.mat,model NB with 50 features, train duration, 0.001
arcene.mat,model NB with 50 features, test duration, 0.001
arcene.mat,model SVM with 100 features, train duration, 0.016
arcene.mat,model SVM with 100 features, test duration, 0.001
arcene.mat,model k - nearest with 100 features, train duration, 0.002
arcene.mat,model k - nearest with 100 features, test duration, 0.001
arcene.mat,model RandomForest with 100 features, train duration, 0.112
arcene.mat,model RandomForest with 100 features, test duration, 0.009
arcene.mat,model LogisticsRegression with 100 features, train duration, 0.017
arcene.mat,model LogisticsRegression with 100 features, test duration, 0.001
arcene.mat,model NB with 100 features, train duration, 0.002
arcene.mat,model NB with 100 features, test duration, 0.001
arcene.mat,rfe,selection runtime, 439.369
arcene.mat,model SVM with 1 features, train duration, 0.005
arcene.mat,model SVM with 1 features, test duration, 0.001
arcene.mat,model k - nearest with 1 features, train duration, 0.001
arcene.mat,model k - nearest with 1 features, test duration, 0.001
arcene.mat,model RandomForest with 1 features, train duration, 0.103
arcene.mat,model RandomForest with 1 features, test duration, 0.010
arcene.mat,model LogisticsRegression with 1 features, train duration, 0.003
arcene.mat,model LogisticsRegression with 1 features, test duration, 0.001
arcene.mat,model NB with 1 features, train duration, 0.001
arcene.mat,model NB with 1 features, test duration, 0.001
arcene.mat,model SVM with 2 features, train duration, 0.005
arcene.mat,model SVM with 2 features, test duration, 0.001
arcene.mat,model k - nearest with 2 features, train duration, 0.001
arcene.mat,model k - nearest with 2 features, test duration, 0.001
arcene.mat,model RandomForest with 2 features, train duration, 0.120
arcene.mat,model RandomForest with 2 features, test duration, 0.012
arcene.mat,model LogisticsRegression with 2 features, train duration, 0.004
arcene.mat,model LogisticsRegression with 2 features, test duration, 0.001
arcene.mat,model NB with 2 features, train duration, 0.001
arcene.mat,model NB with 2 features, test duration, 0.001
arcene.mat,model SVM with 3 features, train duration, 0.005
arcene.mat,model SVM with 3 features, test duration, 0.001
arcene.mat,model k - nearest with 3 features, train duration, 0.001
arcene.mat,model k - nearest with 3 features, test duration, 0.001
arcene.mat,model RandomForest with 3 features, train duration, 0.103
arcene.mat,model RandomForest with 3 features, test duration, 0.009
arcene.mat,model LogisticsRegression with 3 features, train duration, 0.004
arcene.mat,model LogisticsRegression with 3 features, test duration, 0.001
arcene.mat,model NB with 3 features, train duration, 0.001
arcene.mat,model NB with 3 features, test duration, 0.001
arcene.mat,model SVM with 4 features, train duration, 0.005
arcene.mat,model SVM with 4 features, test duration, 0.001
arcene.mat,model k - nearest with 4 features, train duration, 0.001
arcene.mat,model k - nearest with 4 features, test duration, 0.001
arcene.mat,model RandomForest with 4 features, train duration, 0.105
arcene.mat,model RandomForest with 4 features, test duration, 0.010
arcene.mat,model LogisticsRegression with 4 features, train duration, 0.005
arcene.mat,model LogisticsRegression with 4 features, test duration, 0.001
arcene.mat,model NB with 4 features, train duration, 0.001
arcene.mat,model NB with 4 features, test duration, 0.001
arcene.mat,model SVM with 5 features, train duration, 0.005
arcene.mat,model SVM with 5 features, test duration, 0.001
arcene.mat,model k - nearest with 5 features, train duration, 0.001
arcene.mat,model k - nearest with 5 features, test duration, 0.001
arcene.mat,model RandomForest with 5 features, train duration, 0.107
arcene.mat,model RandomForest with 5 features, test duration, 0.009
arcene.mat,model LogisticsRegression with 5 features, train duration, 0.006
arcene.mat,model LogisticsRegression with 5 features, test duration, 0.001
arcene.mat,model NB with 5 features, train duration, 0.001
arcene.mat,model NB with 5 features, test duration, 0.001
arcene.mat,model SVM with 10 features, train duration, 0.006
arcene.mat,model SVM with 10 features, test duration, 0.001
arcene.mat,model k - nearest with 10 features, train duration, 0.001
arcene.mat,model k - nearest with 10 features, test duration, 0.001
arcene.mat,model RandomForest with 10 features, train duration, 0.111
arcene.mat,model RandomForest with 10 features, test duration, 0.010
arcene.mat,model LogisticsRegression with 10 features, train duration, 0.013
arcene.mat,model LogisticsRegression with 10 features, test duration, 0.001
arcene.mat,model NB with 10 features, train duration, 0.001
arcene.mat,model NB with 10 features, test duration, 0.001
arcene.mat,model SVM with 15 features, train duration, 0.006
arcene.mat,model SVM with 15 features, test duration, 0.001
arcene.mat,model k - nearest with 15 features, train duration, 0.001
arcene.mat,model k - nearest with 15 features, test duration, 0.001
arcene.mat,model RandomForest with 15 features, train duration, 0.109
arcene.mat,model RandomForest with 15 features, test duration, 0.010
arcene.mat,model LogisticsRegression with 15 features, train duration, 0.015
arcene.mat,model LogisticsRegression with 15 features, test duration, 0.001
arcene.mat,model NB with 15 features, train duration, 0.001
arcene.mat,model NB with 15 features, test duration, 0.001
arcene.mat,model SVM with 20 features, train duration, 0.008
arcene.mat,model SVM with 20 features, test duration, 0.001
arcene.mat,model k - nearest with 20 features, train duration, 0.001
arcene.mat,model k - nearest with 20 features, test duration, 0.001
arcene.mat,model RandomForest with 20 features, train duration, 0.112
arcene.mat,model RandomForest with 20 features, test duration, 0.010
arcene.mat,model LogisticsRegression with 20 features, train duration, 0.014
arcene.mat,model LogisticsRegression with 20 features, test duration, 0.001
arcene.mat,model NB with 20 features, train duration, 0.001
arcene.mat,model NB with 20 features, test duration, 0.001
arcene.mat,model SVM with 25 features, train duration, 0.008
arcene.mat,model SVM with 25 features, test duration, 0.001
arcene.mat,model k - nearest with 25 features, train duration, 0.001
arcene.mat,model k - nearest with 25 features, test duration, 0.001
arcene.mat,model RandomForest with 25 features, train duration, 0.137
arcene.mat,model RandomForest with 25 features, test duration, 0.010
arcene.mat,model LogisticsRegression with 25 features, train duration, 0.014
arcene.mat,model LogisticsRegression with 25 features, test duration, 0.001
arcene.mat,model NB with 25 features, train duration, 0.001
arcene.mat,model NB with 25 features, test duration, 0.001
arcene.mat,model SVM with 30 features, train duration, 0.010
arcene.mat,model SVM with 30 features, test duration, 0.001
arcene.mat,model k - nearest with 30 features, train duration, 0.001
arcene.mat,model k - nearest with 30 features, test duration, 0.001
arcene.mat,model RandomForest with 30 features, train duration, 0.115
arcene.mat,model RandomForest with 30 features, test duration, 0.010
arcene.mat,model LogisticsRegression with 30 features, train duration, 0.014
arcene.mat,model LogisticsRegression with 30 features, test duration, 0.001
arcene.mat,model NB with 30 features, train duration, 0.001
arcene.mat,model NB with 30 features, test duration, 0.001
arcene.mat,model SVM with 50 features, train duration, 0.014
arcene.mat,model SVM with 50 features, test duration, 0.002
arcene.mat,model k - nearest with 50 features, train duration, 0.002
arcene.mat,model k - nearest with 50 features, test duration, 0.001
arcene.mat,model RandomForest with 50 features, train duration, 0.118
arcene.mat,model RandomForest with 50 features, test duration, 0.010
arcene.mat,model LogisticsRegression with 50 features, train duration, 0.015
arcene.mat,model LogisticsRegression with 50 features, test duration, 0.001
arcene.mat,model NB with 50 features, train duration, 0.001
arcene.mat,model NB with 50 features, test duration, 0.001
arcene.mat,model SVM with 100 features, train duration, 0.020
arcene.mat,model SVM with 100 features, test duration, 0.001
arcene.mat,model k - nearest with 100 features, train duration, 0.001
arcene.mat,model k - nearest with 100 features, test duration, 0.001
arcene.mat,model RandomForest with 100 features, train duration, 0.125
arcene.mat,model RandomForest with 100 features, test duration, 0.011
arcene.mat,model LogisticsRegression with 100 features, train duration, 0.018
arcene.mat,model LogisticsRegression with 100 features, test duration, 0.002
arcene.mat,model NB with 100 features, train duration, 0.002
arcene.mat,model NB with 100 features, test duration, 0.001
arcene.mat,Fdr_f_classif,selection runtime, 0.008
arcene.mat,model SVM with 1 features, train duration, 0.005
arcene.mat,model SVM with 1 features, test duration, 0.001
arcene.mat,model k - nearest with 1 features, train duration, 0.001
arcene.mat,model k - nearest with 1 features, test duration, 0.001
arcene.mat,model RandomForest with 1 features, train duration, 0.100
arcene.mat,model RandomForest with 1 features, test duration, 0.010
arcene.mat,model LogisticsRegression with 1 features, train duration, 0.004
arcene.mat,model LogisticsRegression with 1 features, test duration, 0.001
arcene.mat,model NB with 1 features, train duration, 0.001
arcene.mat,model NB with 1 features, test duration, 0.001
arcene.mat,model SVM with 2 features, train duration, 0.005
arcene.mat,model SVM with 2 features, test duration, 0.001
arcene.mat,model k - nearest with 2 features, train duration, 0.001
arcene.mat,model k - nearest with 2 features, test duration, 0.001
arcene.mat,model RandomForest with 2 features, train duration, 0.107
arcene.mat,model RandomForest with 2 features, test duration, 0.010
arcene.mat,model LogisticsRegression with 2 features, train duration, 0.004
arcene.mat,model LogisticsRegression with 2 features, test duration, 0.001
arcene.mat,model NB with 2 features, train duration, 0.001
arcene.mat,model NB with 2 features, test duration, 0.001
arcene.mat,model SVM with 3 features, train duration, 0.005
arcene.mat,model SVM with 3 features, test duration, 0.001
arcene.mat,model k - nearest with 3 features, train duration, 0.001
arcene.mat,model k - nearest with 3 features, test duration, 0.001
arcene.mat,model RandomForest with 3 features, train duration, 0.119
arcene.mat,model RandomForest with 3 features, test duration, 0.010
arcene.mat,model LogisticsRegression with 3 features, train duration, 0.004
arcene.mat,model LogisticsRegression with 3 features, test duration, 0.001
arcene.mat,model NB with 3 features, train duration, 0.001
arcene.mat,model NB with 3 features, test duration, 0.001
arcene.mat,model SVM with 4 features, train duration, 0.005
arcene.mat,model SVM with 4 features, test duration, 0.001
arcene.mat,model k - nearest with 4 features, train duration, 0.001
arcene.mat,model k - nearest with 4 features, test duration, 0.001
arcene.mat,model RandomForest with 4 features, train duration, 0.136
arcene.mat,model RandomForest with 4 features, test duration, 0.016
arcene.mat,model LogisticsRegression with 4 features, train duration, 0.005
arcene.mat,model LogisticsRegression with 4 features, test duration, 0.001
arcene.mat,model NB with 4 features, train duration, 0.002
arcene.mat,model NB with 4 features, test duration, 0.001
arcene.mat,model SVM with 5 features, train duration, 0.006
arcene.mat,model SVM with 5 features, test duration, 0.001
arcene.mat,model k - nearest with 5 features, train duration, 0.001
arcene.mat,model k - nearest with 5 features, test duration, 0.001
arcene.mat,model RandomForest with 5 features, train duration, 0.135
arcene.mat,model RandomForest with 5 features, test duration, 0.012
arcene.mat,model LogisticsRegression with 5 features, train duration, 0.006
arcene.mat,model LogisticsRegression with 5 features, test duration, 0.001
arcene.mat,model NB with 5 features, train duration, 0.001
arcene.mat,model NB with 5 features, test duration, 0.001
arcene.mat,model SVM with 10 features, train duration, 0.006
arcene.mat,model SVM with 10 features, test duration, 0.001
arcene.mat,model k - nearest with 10 features, train duration, 0.001
arcene.mat,model k - nearest with 10 features, test duration, 0.001
arcene.mat,model RandomForest with 10 features, train duration, 0.114
arcene.mat,model RandomForest with 10 features, test duration, 0.010
arcene.mat,model LogisticsRegression with 10 features, train duration, 0.014
arcene.mat,model LogisticsRegression with 10 features, test duration, 0.001
arcene.mat,model NB with 10 features, train duration, 0.001
arcene.mat,model NB with 10 features, test duration, 0.001
arcene.mat,model SVM with 15 features, train duration, 0.007
arcene.mat,model SVM with 15 features, test duration, 0.001
arcene.mat,model k - nearest with 15 features, train duration, 0.001
arcene.mat,model k - nearest with 15 features, test duration, 0.001
arcene.mat,model RandomForest with 15 features, train duration, 0.124
arcene.mat,model RandomForest with 15 features, test duration, 0.012
arcene.mat,model LogisticsRegression with 15 features, train duration, 0.014
arcene.mat,model LogisticsRegression with 15 features, test duration, 0.001
arcene.mat,model NB with 15 features, train duration, 0.001
arcene.mat,model NB with 15 features, test duration, 0.001
arcene.mat,model SVM with 20 features, train duration, 0.007
arcene.mat,model SVM with 20 features, test duration, 0.001
arcene.mat,model k - nearest with 20 features, train duration, 0.001
arcene.mat,model k - nearest with 20 features, test duration, 0.001
arcene.mat,model RandomForest with 20 features, train duration, 0.111
arcene.mat,model RandomForest with 20 features, test duration, 0.009
arcene.mat,model LogisticsRegression with 20 features, train duration, 0.013
arcene.mat,model LogisticsRegression with 20 features, test duration, 0.001
arcene.mat,model NB with 20 features, train duration, 0.001
arcene.mat,model NB with 20 features, test duration, 0.001
arcene.mat,model SVM with 25 features, train duration, 0.008
arcene.mat,model SVM with 25 features, test duration, 0.001
arcene.mat,model k - nearest with 25 features, train duration, 0.001
arcene.mat,model k - nearest with 25 features, test duration, 0.001
arcene.mat,model RandomForest with 25 features, train duration, 0.115
arcene.mat,model RandomForest with 25 features, test duration, 0.010
arcene.mat,model LogisticsRegression with 25 features, train duration, 0.014
arcene.mat,model LogisticsRegression with 25 features, test duration, 0.001
arcene.mat,model NB with 25 features, train duration, 0.001
arcene.mat,model NB with 25 features, test duration, 0.001
arcene.mat,model SVM with 30 features, train duration, 0.009
arcene.mat,model SVM with 30 features, test duration, 0.001
arcene.mat,model k - nearest with 30 features, train duration, 0.001
arcene.mat,model k - nearest with 30 features, test duration, 0.001
arcene.mat,model RandomForest with 30 features, train duration, 0.113
arcene.mat,model RandomForest with 30 features, test duration, 0.010
arcene.mat,model LogisticsRegression with 30 features, train duration, 0.016
arcene.mat,model LogisticsRegression with 30 features, test duration, 0.001
arcene.mat,model NB with 30 features, train duration, 0.002
arcene.mat,model NB with 30 features, test duration, 0.001
arcene.mat,model SVM with 50 features, train duration, 0.012
arcene.mat,model SVM with 50 features, test duration, 0.001
arcene.mat,model k - nearest with 50 features, train duration, 0.001
arcene.mat,model k - nearest with 50 features, test duration, 0.001
arcene.mat,model RandomForest with 50 features, train duration, 0.120
arcene.mat,model RandomForest with 50 features, test duration, 0.010
arcene.mat,model LogisticsRegression with 50 features, train duration, 0.015
arcene.mat,model LogisticsRegression with 50 features, test duration, 0.001
arcene.mat,model NB with 50 features, train duration, 0.001
arcene.mat,model NB with 50 features, test duration, 0.001
arcene.mat,model SVM with 100 features, train duration, 0.019
arcene.mat,model SVM with 100 features, test duration, 0.001
arcene.mat,model k - nearest with 100 features, train duration, 0.002
arcene.mat,model k - nearest with 100 features, test duration, 0.001
arcene.mat,model RandomForest with 100 features, train duration, 0.126
arcene.mat,model RandomForest with 100 features, test duration, 0.012
arcene.mat,model LogisticsRegression with 100 features, train duration, 0.017
arcene.mat,model LogisticsRegression with 100 features, test duration, 0.001
arcene.mat,model NB with 100 features, train duration, 0.002
arcene.mat,model NB with 100 features, test duration, 0.002
arcene.mat,mrmr,selection runtime, 14.168
arcene.mat,model SVM with 1 features, train duration, 0.006
arcene.mat,model SVM with 1 features, test duration, 0.001
arcene.mat,model k - nearest with 1 features, train duration, 0.001
arcene.mat,model k - nearest with 1 features, test duration, 0.001
arcene.mat,model RandomForest with 1 features, train duration, 0.140
arcene.mat,model RandomForest with 1 features, test duration, 0.013
arcene.mat,model LogisticsRegression with 1 features, train duration, 0.004
arcene.mat,model LogisticsRegression with 1 features, test duration, 0.001
arcene.mat,model NB with 1 features, train duration, 0.002
arcene.mat,model NB with 1 features, test duration, 0.001
arcene.mat,model SVM with 2 features, train duration, 0.007
arcene.mat,model SVM with 2 features, test duration, 0.001
arcene.mat,model k - nearest with 2 features, train duration, 0.002
arcene.mat,model k - nearest with 2 features, test duration, 0.001
arcene.mat,model RandomForest with 2 features, train duration, 0.136
arcene.mat,model RandomForest with 2 features, test duration, 0.013
arcene.mat,model LogisticsRegression with 2 features, train duration, 0.004
arcene.mat,model LogisticsRegression with 2 features, test duration, 0.001
arcene.mat,model NB with 2 features, train duration, 0.001
arcene.mat,model NB with 2 features, test duration, 0.001
arcene.mat,model SVM with 3 features, train duration, 0.007
arcene.mat,model SVM with 3 features, test duration, 0.001
arcene.mat,model k - nearest with 3 features, train duration, 0.001
arcene.mat,model k - nearest with 3 features, test duration, 0.001
arcene.mat,model RandomForest with 3 features, train duration, 0.144
arcene.mat,model RandomForest with 3 features, test duration, 0.013
arcene.mat,model LogisticsRegression with 3 features, train duration, 0.007
arcene.mat,model LogisticsRegression with 3 features, test duration, 0.001
arcene.mat,model NB with 3 features, train duration, 0.001
arcene.mat,model NB with 3 features, test duration, 0.001
arcene.mat,model SVM with 4 features, train duration, 0.007
arcene.mat,model SVM with 4 features, test duration, 0.001
arcene.mat,model k - nearest with 4 features, train duration, 0.001
arcene.mat,model k - nearest with 4 features, test duration, 0.001
arcene.mat,model RandomForest with 4 features, train duration, 0.139
arcene.mat,model RandomForest with 4 features, test duration, 0.013
arcene.mat,model LogisticsRegression with 4 features, train duration, 0.008
arcene.mat,model LogisticsRegression with 4 features, test duration, 0.001
arcene.mat,model NB with 4 features, train duration, 0.001
arcene.mat,model NB with 4 features, test duration, 0.001
arcene.mat,model SVM with 5 features, train duration, 0.007
arcene.mat,model SVM with 5 features, test duration, 0.001
arcene.mat,model k - nearest with 5 features, train duration, 0.001
arcene.mat,model k - nearest with 5 features, test duration, 0.001
arcene.mat,model RandomForest with 5 features, train duration, 0.139
arcene.mat,model RandomForest with 5 features, test duration, 0.013
arcene.mat,model LogisticsRegression with 5 features, train duration, 0.008
arcene.mat,model LogisticsRegression with 5 features, test duration, 0.001
arcene.mat,model NB with 5 features, train duration, 0.001
arcene.mat,model NB with 5 features, test duration, 0.001
arcene.mat,model SVM with 10 features, train duration, 0.007
arcene.mat,model SVM with 10 features, test duration, 0.001
arcene.mat,model k - nearest with 10 features, train duration, 0.001
arcene.mat,model k - nearest with 10 features, test duration, 0.001
arcene.mat,model RandomForest with 10 features, train duration, 0.139
arcene.mat,model RandomForest with 10 features, test duration, 0.012
arcene.mat,model LogisticsRegression with 10 features, train duration, 0.016
arcene.mat,model LogisticsRegression with 10 features, test duration, 0.001
arcene.mat,model NB with 10 features, train duration, 0.002
arcene.mat,model NB with 10 features, test duration, 0.001
arcene.mat,model SVM with 15 features, train duration, 0.009
arcene.mat,model SVM with 15 features, test duration, 0.001
arcene.mat,model k - nearest with 15 features, train duration, 0.001
arcene.mat,model k - nearest with 15 features, test duration, 0.001
arcene.mat,model RandomForest with 15 features, train duration, 0.132
arcene.mat,model RandomForest with 15 features, test duration, 0.012
arcene.mat,model LogisticsRegression with 15 features, train duration, 0.016
arcene.mat,model LogisticsRegression with 15 features, test duration, 0.001
arcene.mat,model NB with 15 features, train duration, 0.001
arcene.mat,model NB with 15 features, test duration, 0.001
arcene.mat,model SVM with 20 features, train duration, 0.010
arcene.mat,model SVM with 20 features, test duration, 0.001
arcene.mat,model k - nearest with 20 features, train duration, 0.002
arcene.mat,model k - nearest with 20 features, test duration, 0.002
arcene.mat,model RandomForest with 20 features, train duration, 0.134
arcene.mat,model RandomForest with 20 features, test duration, 0.011
arcene.mat,model LogisticsRegression with 20 features, train duration, 0.016
arcene.mat,model LogisticsRegression with 20 features, test duration, 0.001
arcene.mat,model NB with 20 features, train duration, 0.001
arcene.mat,model NB with 20 features, test duration, 0.001
arcene.mat,model SVM with 25 features, train duration, 0.009
arcene.mat,model SVM with 25 features, test duration, 0.001
arcene.mat,model k - nearest with 25 features, train duration, 0.001
arcene.mat,model k - nearest with 25 features, test duration, 0.001
arcene.mat,model RandomForest with 25 features, train duration, 0.131
arcene.mat,model RandomForest with 25 features, test duration, 0.011
arcene.mat,model LogisticsRegression with 25 features, train duration, 0.016
arcene.mat,model LogisticsRegression with 25 features, test duration, 0.001
arcene.mat,model NB with 25 features, train duration, 0.001
arcene.mat,model NB with 25 features, test duration, 0.001
arcene.mat,model SVM with 30 features, train duration, 0.010
arcene.mat,model SVM with 30 features, test duration, 0.001
arcene.mat,model k - nearest with 30 features, train duration, 0.001
arcene.mat,model k - nearest with 30 features, test duration, 0.001
arcene.mat,model RandomForest with 30 features, train duration, 0.131
arcene.mat,model RandomForest with 30 features, test duration, 0.011
arcene.mat,model LogisticsRegression with 30 features, train duration, 0.016
arcene.mat,model LogisticsRegression with 30 features, test duration, 0.001
arcene.mat,model NB with 30 features, train duration, 0.001
arcene.mat,model NB with 30 features, test duration, 0.001
arcene.mat,model SVM with 50 features, train duration, 0.013
arcene.mat,model SVM with 50 features, test duration, 0.001
arcene.mat,model k - nearest with 50 features, train duration, 0.001
arcene.mat,model k - nearest with 50 features, test duration, 0.001
arcene.mat,model RandomForest with 50 features, train duration, 0.128
arcene.mat,model RandomForest with 50 features, test duration, 0.011
arcene.mat,model LogisticsRegression with 50 features, train duration, 0.017
arcene.mat,model LogisticsRegression with 50 features, test duration, 0.001
arcene.mat,model NB with 50 features, train duration, 0.002
arcene.mat,model NB with 50 features, test duration, 0.001
arcene.mat,model SVM with 100 features, train duration, 0.023
arcene.mat,model SVM with 100 features, test duration, 0.002
arcene.mat,model k - nearest with 100 features, train duration, 0.002
arcene.mat,model k - nearest with 100 features, test duration, 0.002
arcene.mat,model RandomForest with 100 features, train duration, 0.141
arcene.mat,model RandomForest with 100 features, test duration, 0.011
arcene.mat,model LogisticsRegression with 100 features, train duration, 0.019
arcene.mat,model LogisticsRegression with 100 features, test duration, 0.002
arcene.mat,model NB with 100 features, train duration, 0.002
arcene.mat,model NB with 100 features, test duration, 0.002
arcene.mat,MMCC,selection runtime, 99.589
arcene.mat,model SVM with 1 features, train duration, 0.008
arcene.mat,model SVM with 1 features, test duration, 0.002
arcene.mat,model k - nearest with 1 features, train duration, 0.001
arcene.mat,model k - nearest with 1 features, test duration, 0.002
arcene.mat,model RandomForest with 1 features, train duration, 0.121
arcene.mat,model RandomForest with 1 features, test duration, 0.012
arcene.mat,model LogisticsRegression with 1 features, train duration, 0.004
arcene.mat,model LogisticsRegression with 1 features, test duration, 0.001
arcene.mat,model NB with 1 features, train duration, 0.001
arcene.mat,model NB with 1 features, test duration, 0.001
arcene.mat,model SVM with 2 features, train duration, 0.006
arcene.mat,model SVM with 2 features, test duration, 0.001
arcene.mat,model k - nearest with 2 features, train duration, 0.001
arcene.mat,model k - nearest with 2 features, test duration, 0.001
arcene.mat,model RandomForest with 2 features, train duration, 0.125
arcene.mat,model RandomForest with 2 features, test duration, 0.011
arcene.mat,model LogisticsRegression with 2 features, train duration, 0.004
arcene.mat,model LogisticsRegression with 2 features, test duration, 0.001
arcene.mat,model NB with 2 features, train duration, 0.001
arcene.mat,model NB with 2 features, test duration, 0.001
arcene.mat,model SVM with 3 features, train duration, 0.006
arcene.mat,model SVM with 3 features, test duration, 0.001
arcene.mat,model k - nearest with 3 features, train duration, 0.001
arcene.mat,model k - nearest with 3 features, test duration, 0.001
arcene.mat,model RandomForest with 3 features, train duration, 0.123
arcene.mat,model RandomForest with 3 features, test duration, 0.012
arcene.mat,model LogisticsRegression with 3 features, train duration, 0.005
arcene.mat,model LogisticsRegression with 3 features, test duration, 0.001
arcene.mat,model NB with 3 features, train duration, 0.001
arcene.mat,model NB with 3 features, test duration, 0.001
arcene.mat,model SVM with 4 features, train duration, 0.006
arcene.mat,model SVM with 4 features, test duration, 0.001
arcene.mat,model k - nearest with 4 features, train duration, 0.001
arcene.mat,model k - nearest with 4 features, test duration, 0.001
arcene.mat,model RandomForest with 4 features, train duration, 0.125
arcene.mat,model RandomForest with 4 features, test duration, 0.011
arcene.mat,model LogisticsRegression with 4 features, train duration, 0.006
arcene.mat,model LogisticsRegression with 4 features, test duration, 0.001
arcene.mat,model NB with 4 features, train duration, 0.001
arcene.mat,model NB with 4 features, test duration, 0.001
arcene.mat,model SVM with 5 features, train duration, 0.006
arcene.mat,model SVM with 5 features, test duration, 0.001
arcene.mat,model k - nearest with 5 features, train duration, 0.001
arcene.mat,model k - nearest with 5 features, test duration, 0.001
arcene.mat,model RandomForest with 5 features, train duration, 0.128
arcene.mat,model RandomForest with 5 features, test duration, 0.011
arcene.mat,model LogisticsRegression with 5 features, train duration, 0.009
arcene.mat,model LogisticsRegression with 5 features, test duration, 0.002
arcene.mat,model NB with 5 features, train duration, 0.001
arcene.mat,model NB with 5 features, test duration, 0.001
arcene.mat,model SVM with 10 features, train duration, 0.008
arcene.mat,model SVM with 10 features, test duration, 0.001
arcene.mat,model k - nearest with 10 features, train duration, 0.001
arcene.mat,model k - nearest with 10 features, test duration, 0.001
arcene.mat,model RandomForest with 10 features, train duration, 0.130
arcene.mat,model RandomForest with 10 features, test duration, 0.012
arcene.mat,model LogisticsRegression with 10 features, train duration, 0.018
arcene.mat,model LogisticsRegression with 10 features, test duration, 0.001
arcene.mat,model NB with 10 features, train duration, 0.002
arcene.mat,model NB with 10 features, test duration, 0.001
arcene.mat,model SVM with 15 features, train duration, 0.009
arcene.mat,model SVM with 15 features, test duration, 0.002
arcene.mat,model k - nearest with 15 features, train duration, 0.001
arcene.mat,model k - nearest with 15 features, test duration, 0.001
arcene.mat,model RandomForest with 15 features, train duration, 0.135
arcene.mat,model RandomForest with 15 features, test duration, 0.012
arcene.mat,model LogisticsRegression with 15 features, train duration, 0.017
arcene.mat,model LogisticsRegression with 15 features, test duration, 0.001
arcene.mat,model NB with 15 features, train duration, 0.001
arcene.mat,model NB with 15 features, test duration, 0.001
arcene.mat,model SVM with 20 features, train duration, 0.009
arcene.mat,model SVM with 20 features, test duration, 0.001
arcene.mat,model k - nearest with 20 features, train duration, 0.001
arcene.mat,model k - nearest with 20 features, test duration, 0.001
arcene.mat,model RandomForest with 20 features, train duration, 0.136
arcene.mat,model RandomForest with 20 features, test duration, 0.012
arcene.mat,model LogisticsRegression with 20 features, train duration, 0.017
arcene.mat,model LogisticsRegression with 20 features, test duration, 0.001
arcene.mat,model NB with 20 features, train duration, 0.001
arcene.mat,model NB with 20 features, test duration, 0.001
arcene.mat,model SVM with 25 features, train duration, 0.011
arcene.mat,model SVM with 25 features, test duration, 0.001
arcene.mat,model k - nearest with 25 features, train duration, 0.001
arcene.mat,model k - nearest with 25 features, test duration, 0.001
arcene.mat,model RandomForest with 25 features, train duration, 0.164
arcene.mat,model RandomForest with 25 features, test duration, 0.012
arcene.mat,model LogisticsRegression with 25 features, train duration, 0.017
arcene.mat,model LogisticsRegression with 25 features, test duration, 0.001
arcene.mat,model NB with 25 features, train duration, 0.001
arcene.mat,model NB with 25 features, test duration, 0.001
arcene.mat,model SVM with 30 features, train duration, 0.011
arcene.mat,model SVM with 30 features, test duration, 0.001
arcene.mat,model k - nearest with 30 features, train duration, 0.001
arcene.mat,model k - nearest with 30 features, test duration, 0.001
arcene.mat,model RandomForest with 30 features, train duration, 0.139
arcene.mat,model RandomForest with 30 features, test duration, 0.012
arcene.mat,model LogisticsRegression with 30 features, train duration, 0.020
arcene.mat,model LogisticsRegression with 30 features, test duration, 0.001
arcene.mat,model NB with 30 features, train duration, 0.002
arcene.mat,model NB with 30 features, test duration, 0.001
arcene.mat,model SVM with 50 features, train duration, 0.016
arcene.mat,model SVM with 50 features, test duration, 0.001
arcene.mat,model k - nearest with 50 features, train duration, 0.003
arcene.mat,model k - nearest with 50 features, test duration, 0.002
arcene.mat,model RandomForest with 50 features, train duration, 0.149
arcene.mat,model RandomForest with 50 features, test duration, 0.012
arcene.mat,model LogisticsRegression with 50 features, train duration, 0.019
arcene.mat,model LogisticsRegression with 50 features, test duration, 0.001
arcene.mat,model NB with 50 features, train duration, 0.002
arcene.mat,model NB with 50 features, test duration, 0.001
arcene.mat,model SVM with 100 features, train duration, 0.025
arcene.mat,model SVM with 100 features, test duration, 0.002
arcene.mat,model k - nearest with 100 features, train duration, 0.002
arcene.mat,model k - nearest with 100 features, test duration, 0.002
arcene.mat,model RandomForest with 100 features, train duration, 0.154
arcene.mat,model RandomForest with 100 features, test duration, 0.014
arcene.mat,model LogisticsRegression with 100 features, train duration, 0.026
arcene.mat,model LogisticsRegression with 100 features, test duration, 0.002
arcene.mat,model NB with 100 features, train duration, 0.003
arcene.mat,model NB with 100 features, test duration, 0.002
