orlraws10P.mat,reliefF,selection runtime, 0.049
orlraws10P.mat,model SVM with 1 features, train duration, 0.012
orlraws10P.mat,model SVM with 1 features, test duration, 0.001
orlraws10P.mat,model k - nearest with 1 features, train duration, 0.001
orlraws10P.mat,model k - nearest with 1 features, test duration, 0.001
orlraws10P.mat,model RandomForest with 1 features, train duration, 0.088
orlraws10P.mat,model RandomForest with 1 features, test duration, 0.008
orlraws10P.mat,model LogisticsRegression with 1 features, train duration, 0.018
orlraws10P.mat,model LogisticsRegression with 1 features, test duration, 0.001
orlraws10P.mat,model NB with 1 features, train duration, 0.001
orlraws10P.mat,model NB with 1 features, test duration, 0.001
orlraws10P.mat,model SVM with 2 features, train duration, 0.009
orlraws10P.mat,model SVM with 2 features, test duration, 0.001
orlraws10P.mat,model k - nearest with 2 features, train duration, 0.001
orlraws10P.mat,model k - nearest with 2 features, test duration, 0.001
orlraws10P.mat,model RandomForest with 2 features, train duration, 0.084
orlraws10P.mat,model RandomForest with 2 features, test duration, 0.008
orlraws10P.mat,model LogisticsRegression with 2 features, train duration, 0.012
orlraws10P.mat,model LogisticsRegression with 2 features, test duration, 0.001
orlraws10P.mat,model NB with 2 features, train duration, 0.001
orlraws10P.mat,model NB with 2 features, test duration, 0.001
orlraws10P.mat,model SVM with 3 features, train duration, 0.010
orlraws10P.mat,model SVM with 3 features, test duration, 0.001
orlraws10P.mat,model k - nearest with 3 features, train duration, 0.001
orlraws10P.mat,model k - nearest with 3 features, test duration, 0.001
orlraws10P.mat,model RandomForest with 3 features, train duration, 0.084
orlraws10P.mat,model RandomForest with 3 features, test duration, 0.008
orlraws10P.mat,model LogisticsRegression with 3 features, train duration, 0.012
orlraws10P.mat,model LogisticsRegression with 3 features, test duration, 0.001
orlraws10P.mat,model NB with 3 features, train duration, 0.001
orlraws10P.mat,model NB with 3 features, test duration, 0.001
orlraws10P.mat,model SVM with 4 features, train duration, 0.012
orlraws10P.mat,model SVM with 4 features, test duration, 0.001
orlraws10P.mat,model k - nearest with 4 features, train duration, 0.001
orlraws10P.mat,model k - nearest with 4 features, test duration, 0.001
orlraws10P.mat,model RandomForest with 4 features, train duration, 0.093
orlraws10P.mat,model RandomForest with 4 features, test duration, 0.008
orlraws10P.mat,model LogisticsRegression with 4 features, train duration, 0.014
orlraws10P.mat,model LogisticsRegression with 4 features, test duration, 0.001
orlraws10P.mat,model NB with 4 features, train duration, 0.001
orlraws10P.mat,model NB with 4 features, test duration, 0.001
orlraws10P.mat,model SVM with 5 features, train duration, 0.012
orlraws10P.mat,model SVM with 5 features, test duration, 0.001
orlraws10P.mat,model k - nearest with 5 features, train duration, 0.001
orlraws10P.mat,model k - nearest with 5 features, test duration, 0.001
orlraws10P.mat,model RandomForest with 5 features, train duration, 0.095
orlraws10P.mat,model RandomForest with 5 features, test duration, 0.012
orlraws10P.mat,model LogisticsRegression with 5 features, train duration, 0.014
orlraws10P.mat,model LogisticsRegression with 5 features, test duration, 0.001
orlraws10P.mat,model NB with 5 features, train duration, 0.001
orlraws10P.mat,model NB with 5 features, test duration, 0.001
orlraws10P.mat,model SVM with 10 features, train duration, 0.013
orlraws10P.mat,model SVM with 10 features, test duration, 0.001
orlraws10P.mat,model k - nearest with 10 features, train duration, 0.001
orlraws10P.mat,model k - nearest with 10 features, test duration, 0.001
orlraws10P.mat,model RandomForest with 10 features, train duration, 0.089
orlraws10P.mat,model RandomForest with 10 features, test duration, 0.008
orlraws10P.mat,model LogisticsRegression with 10 features, train duration, 0.014
orlraws10P.mat,model LogisticsRegression with 10 features, test duration, 0.001
orlraws10P.mat,model NB with 10 features, train duration, 0.001
orlraws10P.mat,model NB with 10 features, test duration, 0.001
orlraws10P.mat,model SVM with 15 features, train duration, 0.014
orlraws10P.mat,model SVM with 15 features, test duration, 0.001
orlraws10P.mat,model k - nearest with 15 features, train duration, 0.001
orlraws10P.mat,model k - nearest with 15 features, test duration, 0.001
orlraws10P.mat,model RandomForest with 15 features, train duration, 0.095
orlraws10P.mat,model RandomForest with 15 features, test duration, 0.010
orlraws10P.mat,model LogisticsRegression with 15 features, train duration, 0.016
orlraws10P.mat,model LogisticsRegression with 15 features, test duration, 0.001
orlraws10P.mat,model NB with 15 features, train duration, 0.002
orlraws10P.mat,model NB with 15 features, test duration, 0.001
orlraws10P.mat,model SVM with 20 features, train duration, 0.020
orlraws10P.mat,model SVM with 20 features, test duration, 0.001
orlraws10P.mat,model k - nearest with 20 features, train duration, 0.001
orlraws10P.mat,model k - nearest with 20 features, test duration, 0.001
orlraws10P.mat,model RandomForest with 20 features, train duration, 0.094
orlraws10P.mat,model RandomForest with 20 features, test duration, 0.008
orlraws10P.mat,model LogisticsRegression with 20 features, train duration, 0.015
orlraws10P.mat,model LogisticsRegression with 20 features, test duration, 0.001
orlraws10P.mat,model NB with 20 features, train duration, 0.001
orlraws10P.mat,model NB with 20 features, test duration, 0.001
orlraws10P.mat,model SVM with 25 features, train duration, 0.023
orlraws10P.mat,model SVM with 25 features, test duration, 0.001
orlraws10P.mat,model k - nearest with 25 features, train duration, 0.001
orlraws10P.mat,model k - nearest with 25 features, test duration, 0.001
orlraws10P.mat,model RandomForest with 25 features, train duration, 0.094
orlraws10P.mat,model RandomForest with 25 features, test duration, 0.009
orlraws10P.mat,model LogisticsRegression with 25 features, train duration, 0.016
orlraws10P.mat,model LogisticsRegression with 25 features, test duration, 0.001
orlraws10P.mat,model NB with 25 features, train duration, 0.001
orlraws10P.mat,model NB with 25 features, test duration, 0.001
orlraws10P.mat,model SVM with 30 features, train duration, 0.025
orlraws10P.mat,model SVM with 30 features, test duration, 0.001
orlraws10P.mat,model k - nearest with 30 features, train duration, 0.001
orlraws10P.mat,model k - nearest with 30 features, test duration, 0.001
orlraws10P.mat,model RandomForest with 30 features, train duration, 0.092
orlraws10P.mat,model RandomForest with 30 features, test duration, 0.008
orlraws10P.mat,model LogisticsRegression with 30 features, train duration, 0.016
orlraws10P.mat,model LogisticsRegression with 30 features, test duration, 0.001
orlraws10P.mat,model NB with 30 features, train duration, 0.002
orlraws10P.mat,model NB with 30 features, test duration, 0.001
orlraws10P.mat,model SVM with 50 features, train duration, 0.027
orlraws10P.mat,model SVM with 50 features, test duration, 0.001
orlraws10P.mat,model k - nearest with 50 features, train duration, 0.001
orlraws10P.mat,model k - nearest with 50 features, test duration, 0.001
orlraws10P.mat,model RandomForest with 50 features, train duration, 0.095
orlraws10P.mat,model RandomForest with 50 features, test duration, 0.008
orlraws10P.mat,model LogisticsRegression with 50 features, train duration, 0.021
orlraws10P.mat,model LogisticsRegression with 50 features, test duration, 0.001
orlraws10P.mat,model NB with 50 features, train duration, 0.002
orlraws10P.mat,model NB with 50 features, test duration, 0.001
orlraws10P.mat,model SVM with 100 features, train duration, 0.058
orlraws10P.mat,model SVM with 100 features, test duration, 0.001
orlraws10P.mat,model k - nearest with 100 features, train duration, 0.002
orlraws10P.mat,model k - nearest with 100 features, test duration, 0.002
orlraws10P.mat,model RandomForest with 100 features, train duration, 0.112
orlraws10P.mat,model RandomForest with 100 features, test duration, 0.009
orlraws10P.mat,model LogisticsRegression with 100 features, train duration, 0.026
orlraws10P.mat,model LogisticsRegression with 100 features, test duration, 0.001
orlraws10P.mat,model NB with 100 features, train duration, 0.002
orlraws10P.mat,model NB with 100 features, test duration, 0.002
orlraws10P.mat,rfe,selection runtime, 2.595
orlraws10P.mat,model SVM with 1 features, train duration, 0.012
orlraws10P.mat,model SVM with 1 features, test duration, 0.001
orlraws10P.mat,model k - nearest with 1 features, train duration, 0.001
orlraws10P.mat,model k - nearest with 1 features, test duration, 0.001
orlraws10P.mat,model RandomForest with 1 features, train duration, 0.096
orlraws10P.mat,model RandomForest with 1 features, test duration, 0.009
orlraws10P.mat,model LogisticsRegression with 1 features, train duration, 0.015
orlraws10P.mat,model LogisticsRegression with 1 features, test duration, 0.001
orlraws10P.mat,model NB with 1 features, train duration, 0.001
orlraws10P.mat,model NB with 1 features, test duration, 0.001
orlraws10P.mat,model SVM with 2 features, train duration, 0.013
orlraws10P.mat,model SVM with 2 features, test duration, 0.001
orlraws10P.mat,model k - nearest with 2 features, train duration, 0.001
orlraws10P.mat,model k - nearest with 2 features, test duration, 0.001
orlraws10P.mat,model RandomForest with 2 features, train duration, 0.105
orlraws10P.mat,model RandomForest with 2 features, test duration, 0.011
orlraws10P.mat,model LogisticsRegression with 2 features, train duration, 0.018
orlraws10P.mat,model LogisticsRegression with 2 features, test duration, 0.001
orlraws10P.mat,model NB with 2 features, train duration, 0.002
orlraws10P.mat,model NB with 2 features, test duration, 0.001
orlraws10P.mat,model SVM with 3 features, train duration, 0.015
orlraws10P.mat,model SVM with 3 features, test duration, 0.001
orlraws10P.mat,model k - nearest with 3 features, train duration, 0.001
orlraws10P.mat,model k - nearest with 3 features, test duration, 0.001
orlraws10P.mat,model RandomForest with 3 features, train duration, 0.102
orlraws10P.mat,model RandomForest with 3 features, test duration, 0.009
orlraws10P.mat,model LogisticsRegression with 3 features, train duration, 0.015
orlraws10P.mat,model LogisticsRegression with 3 features, test duration, 0.001
orlraws10P.mat,model NB with 3 features, train duration, 0.001
orlraws10P.mat,model NB with 3 features, test duration, 0.001
orlraws10P.mat,model SVM with 4 features, train duration, 0.013
orlraws10P.mat,model SVM with 4 features, test duration, 0.001
orlraws10P.mat,model k - nearest with 4 features, train duration, 0.001
orlraws10P.mat,model k - nearest with 4 features, test duration, 0.001
orlraws10P.mat,model RandomForest with 4 features, train duration, 0.100
orlraws10P.mat,model RandomForest with 4 features, test duration, 0.010
orlraws10P.mat,model LogisticsRegression with 4 features, train duration, 0.017
orlraws10P.mat,model LogisticsRegression with 4 features, test duration, 0.001
orlraws10P.mat,model NB with 4 features, train duration, 0.002
orlraws10P.mat,model NB with 4 features, test duration, 0.001
orlraws10P.mat,model SVM with 5 features, train duration, 0.014
orlraws10P.mat,model SVM with 5 features, test duration, 0.001
orlraws10P.mat,model k - nearest with 5 features, train duration, 0.001
orlraws10P.mat,model k - nearest with 5 features, test duration, 0.001
orlraws10P.mat,model RandomForest with 5 features, train duration, 0.099
orlraws10P.mat,model RandomForest with 5 features, test duration, 0.009
orlraws10P.mat,model LogisticsRegression with 5 features, train duration, 0.015
orlraws10P.mat,model LogisticsRegression with 5 features, test duration, 0.001
orlraws10P.mat,model NB with 5 features, train duration, 0.001
orlraws10P.mat,model NB with 5 features, test duration, 0.001
orlraws10P.mat,model SVM with 10 features, train duration, 0.015
orlraws10P.mat,model SVM with 10 features, test duration, 0.001
orlraws10P.mat,model k - nearest with 10 features, train duration, 0.001
orlraws10P.mat,model k - nearest with 10 features, test duration, 0.001
orlraws10P.mat,model RandomForest with 10 features, train duration, 0.099
orlraws10P.mat,model RandomForest with 10 features, test duration, 0.009
orlraws10P.mat,model LogisticsRegression with 10 features, train duration, 0.016
orlraws10P.mat,model LogisticsRegression with 10 features, test duration, 0.001
orlraws10P.mat,model NB with 10 features, train duration, 0.001
orlraws10P.mat,model NB with 10 features, test duration, 0.001
orlraws10P.mat,model SVM with 15 features, train duration, 0.016
orlraws10P.mat,model SVM with 15 features, test duration, 0.001
orlraws10P.mat,model k - nearest with 15 features, train duration, 0.001
orlraws10P.mat,model k - nearest with 15 features, test duration, 0.001
orlraws10P.mat,model RandomForest with 15 features, train duration, 0.099
orlraws10P.mat,model RandomForest with 15 features, test duration, 0.009
orlraws10P.mat,model LogisticsRegression with 15 features, train duration, 0.014
orlraws10P.mat,model LogisticsRegression with 15 features, test duration, 0.001
orlraws10P.mat,model NB with 15 features, train duration, 0.001
orlraws10P.mat,model NB with 15 features, test duration, 0.001
orlraws10P.mat,model SVM with 20 features, train duration, 0.017
orlraws10P.mat,model SVM with 20 features, test duration, 0.001
orlraws10P.mat,model k - nearest with 20 features, train duration, 0.001
orlraws10P.mat,model k - nearest with 20 features, test duration, 0.001
orlraws10P.mat,model RandomForest with 20 features, train duration, 0.087
orlraws10P.mat,model RandomForest with 20 features, test duration, 0.010
orlraws10P.mat,model LogisticsRegression with 20 features, train duration, 0.015
orlraws10P.mat,model LogisticsRegression with 20 features, test duration, 0.001
orlraws10P.mat,model NB with 20 features, train duration, 0.001
orlraws10P.mat,model NB with 20 features, test duration, 0.001
orlraws10P.mat,model SVM with 25 features, train duration, 0.019
orlraws10P.mat,model SVM with 25 features, test duration, 0.001
orlraws10P.mat,model k - nearest with 25 features, train duration, 0.001
orlraws10P.mat,model k - nearest with 25 features, test duration, 0.001
orlraws10P.mat,model RandomForest with 25 features, train duration, 0.090
orlraws10P.mat,model RandomForest with 25 features, test duration, 0.008
orlraws10P.mat,model LogisticsRegression with 25 features, train duration, 0.015
orlraws10P.mat,model LogisticsRegression with 25 features, test duration, 0.001
orlraws10P.mat,model NB with 25 features, train duration, 0.001
orlraws10P.mat,model NB with 25 features, test duration, 0.001
orlraws10P.mat,model SVM with 30 features, train duration, 0.021
orlraws10P.mat,model SVM with 30 features, test duration, 0.001
orlraws10P.mat,model k - nearest with 30 features, train duration, 0.001
orlraws10P.mat,model k - nearest with 30 features, test duration, 0.001
orlraws10P.mat,model RandomForest with 30 features, train duration, 0.090
orlraws10P.mat,model RandomForest with 30 features, test duration, 0.008
orlraws10P.mat,model LogisticsRegression with 30 features, train duration, 0.015
orlraws10P.mat,model LogisticsRegression with 30 features, test duration, 0.001
orlraws10P.mat,model NB with 30 features, train duration, 0.001
orlraws10P.mat,model NB with 30 features, test duration, 0.001
orlraws10P.mat,model SVM with 50 features, train duration, 0.024
orlraws10P.mat,model SVM with 50 features, test duration, 0.001
orlraws10P.mat,model k - nearest with 50 features, train duration, 0.001
orlraws10P.mat,model k - nearest with 50 features, test duration, 0.001
orlraws10P.mat,model RandomForest with 50 features, train duration, 0.114
orlraws10P.mat,model RandomForest with 50 features, test duration, 0.009
orlraws10P.mat,model LogisticsRegression with 50 features, train duration, 0.019
orlraws10P.mat,model LogisticsRegression with 50 features, test duration, 0.001
orlraws10P.mat,model NB with 50 features, train duration, 0.002
orlraws10P.mat,model NB with 50 features, test duration, 0.001
orlraws10P.mat,model SVM with 100 features, train duration, 0.037
orlraws10P.mat,model SVM with 100 features, test duration, 0.001
orlraws10P.mat,model k - nearest with 100 features, train duration, 0.001
orlraws10P.mat,model k - nearest with 100 features, test duration, 0.001
orlraws10P.mat,model RandomForest with 100 features, train duration, 0.107
orlraws10P.mat,model RandomForest with 100 features, test duration, 0.008
orlraws10P.mat,model LogisticsRegression with 100 features, train duration, 0.022
orlraws10P.mat,model LogisticsRegression with 100 features, test duration, 0.001
orlraws10P.mat,model NB with 100 features, train duration, 0.002
orlraws10P.mat,model NB with 100 features, test duration, 0.001
orlraws10P.mat,Fdr_f_classif,selection runtime, 0.006
orlraws10P.mat,model SVM with 1 features, train duration, 0.011
orlraws10P.mat,model SVM with 1 features, test duration, 0.001
orlraws10P.mat,model k - nearest with 1 features, train duration, 0.001
orlraws10P.mat,model k - nearest with 1 features, test duration, 0.001
orlraws10P.mat,model RandomForest with 1 features, train duration, 0.084
orlraws10P.mat,model RandomForest with 1 features, test duration, 0.008
orlraws10P.mat,model LogisticsRegression with 1 features, train duration, 0.012
orlraws10P.mat,model LogisticsRegression with 1 features, test duration, 0.001
orlraws10P.mat,model NB with 1 features, train duration, 0.001
orlraws10P.mat,model NB with 1 features, test duration, 0.001
orlraws10P.mat,model SVM with 2 features, train duration, 0.010
orlraws10P.mat,model SVM with 2 features, test duration, 0.001
orlraws10P.mat,model k - nearest with 2 features, train duration, 0.001
orlraws10P.mat,model k - nearest with 2 features, test duration, 0.001
orlraws10P.mat,model RandomForest with 2 features, train duration, 0.086
orlraws10P.mat,model RandomForest with 2 features, test duration, 0.008
orlraws10P.mat,model LogisticsRegression with 2 features, train duration, 0.012
orlraws10P.mat,model LogisticsRegression with 2 features, test duration, 0.001
orlraws10P.mat,model NB with 2 features, train duration, 0.001
orlraws10P.mat,model NB with 2 features, test duration, 0.001
orlraws10P.mat,model SVM with 3 features, train duration, 0.011
orlraws10P.mat,model SVM with 3 features, test duration, 0.001
orlraws10P.mat,model k - nearest with 3 features, train duration, 0.001
orlraws10P.mat,model k - nearest with 3 features, test duration, 0.001
orlraws10P.mat,model RandomForest with 3 features, train duration, 0.087
orlraws10P.mat,model RandomForest with 3 features, test duration, 0.010
orlraws10P.mat,model LogisticsRegression with 3 features, train duration, 0.013
orlraws10P.mat,model LogisticsRegression with 3 features, test duration, 0.001
orlraws10P.mat,model NB with 3 features, train duration, 0.001
orlraws10P.mat,model NB with 3 features, test duration, 0.001
orlraws10P.mat,model SVM with 4 features, train duration, 0.011
orlraws10P.mat,model SVM with 4 features, test duration, 0.001
orlraws10P.mat,model k - nearest with 4 features, train duration, 0.001
orlraws10P.mat,model k - nearest with 4 features, test duration, 0.001
orlraws10P.mat,model RandomForest with 4 features, train duration, 0.087
orlraws10P.mat,model RandomForest with 4 features, test duration, 0.008
orlraws10P.mat,model LogisticsRegression with 4 features, train duration, 0.012
orlraws10P.mat,model LogisticsRegression with 4 features, test duration, 0.001
orlraws10P.mat,model NB with 4 features, train duration, 0.001
orlraws10P.mat,model NB with 4 features, test duration, 0.001
orlraws10P.mat,model SVM with 5 features, train duration, 0.012
orlraws10P.mat,model SVM with 5 features, test duration, 0.001
orlraws10P.mat,model k - nearest with 5 features, train duration, 0.001
orlraws10P.mat,model k - nearest with 5 features, test duration, 0.001
orlraws10P.mat,model RandomForest with 5 features, train duration, 0.087
orlraws10P.mat,model RandomForest with 5 features, test duration, 0.008
orlraws10P.mat,model LogisticsRegression with 5 features, train duration, 0.013
orlraws10P.mat,model LogisticsRegression with 5 features, test duration, 0.001
orlraws10P.mat,model NB with 5 features, train duration, 0.001
orlraws10P.mat,model NB with 5 features, test duration, 0.001
orlraws10P.mat,model SVM with 10 features, train duration, 0.014
orlraws10P.mat,model SVM with 10 features, test duration, 0.001
orlraws10P.mat,model k - nearest with 10 features, train duration, 0.001
orlraws10P.mat,model k - nearest with 10 features, test duration, 0.001
orlraws10P.mat,model RandomForest with 10 features, train duration, 0.088
orlraws10P.mat,model RandomForest with 10 features, test duration, 0.008
orlraws10P.mat,model LogisticsRegression with 10 features, train duration, 0.016
orlraws10P.mat,model LogisticsRegression with 10 features, test duration, 0.001
orlraws10P.mat,model NB with 10 features, train duration, 0.001
orlraws10P.mat,model NB with 10 features, test duration, 0.001
orlraws10P.mat,model SVM with 15 features, train duration, 0.015
orlraws10P.mat,model SVM with 15 features, test duration, 0.001
orlraws10P.mat,model k - nearest with 15 features, train duration, 0.001
orlraws10P.mat,model k - nearest with 15 features, test duration, 0.001
orlraws10P.mat,model RandomForest with 15 features, train duration, 0.090
orlraws10P.mat,model RandomForest with 15 features, test duration, 0.008
orlraws10P.mat,model LogisticsRegression with 15 features, train duration, 0.015
orlraws10P.mat,model LogisticsRegression with 15 features, test duration, 0.001
orlraws10P.mat,model NB with 15 features, train duration, 0.001
orlraws10P.mat,model NB with 15 features, test duration, 0.001
orlraws10P.mat,model SVM with 20 features, train duration, 0.027
orlraws10P.mat,model SVM with 20 features, test duration, 0.001
orlraws10P.mat,model k - nearest with 20 features, train duration, 0.001
orlraws10P.mat,model k - nearest with 20 features, test duration, 0.001
orlraws10P.mat,model RandomForest with 20 features, train duration, 0.090
orlraws10P.mat,model RandomForest with 20 features, test duration, 0.008
orlraws10P.mat,model LogisticsRegression with 20 features, train duration, 0.014
orlraws10P.mat,model LogisticsRegression with 20 features, test duration, 0.001
orlraws10P.mat,model NB with 20 features, train duration, 0.001
orlraws10P.mat,model NB with 20 features, test duration, 0.001
orlraws10P.mat,model SVM with 25 features, train duration, 0.021
orlraws10P.mat,model SVM with 25 features, test duration, 0.001
orlraws10P.mat,model k - nearest with 25 features, train duration, 0.001
orlraws10P.mat,model k - nearest with 25 features, test duration, 0.001
orlraws10P.mat,model RandomForest with 25 features, train duration, 0.091
orlraws10P.mat,model RandomForest with 25 features, test duration, 0.008
orlraws10P.mat,model LogisticsRegression with 25 features, train duration, 0.015
orlraws10P.mat,model LogisticsRegression with 25 features, test duration, 0.001
orlraws10P.mat,model NB with 25 features, train duration, 0.001
orlraws10P.mat,model NB with 25 features, test duration, 0.001
orlraws10P.mat,model SVM with 30 features, train duration, 0.025
orlraws10P.mat,model SVM with 30 features, test duration, 0.001
orlraws10P.mat,model k - nearest with 30 features, train duration, 0.001
orlraws10P.mat,model k - nearest with 30 features, test duration, 0.001
orlraws10P.mat,model RandomForest with 30 features, train duration, 0.091
orlraws10P.mat,model RandomForest with 30 features, test duration, 0.007
orlraws10P.mat,model LogisticsRegression with 30 features, train duration, 0.019
orlraws10P.mat,model LogisticsRegression with 30 features, test duration, 0.001
orlraws10P.mat,model NB with 30 features, train duration, 0.001
orlraws10P.mat,model NB with 30 features, test duration, 0.001
orlraws10P.mat,model SVM with 50 features, train duration, 0.032
orlraws10P.mat,model SVM with 50 features, test duration, 0.001
orlraws10P.mat,model k - nearest with 50 features, train duration, 0.001
orlraws10P.mat,model k - nearest with 50 features, test duration, 0.001
orlraws10P.mat,model RandomForest with 50 features, train duration, 0.094
orlraws10P.mat,model RandomForest with 50 features, test duration, 0.008
orlraws10P.mat,model LogisticsRegression with 50 features, train duration, 0.018
orlraws10P.mat,model LogisticsRegression with 50 features, test duration, 0.001
orlraws10P.mat,model NB with 50 features, train duration, 0.002
orlraws10P.mat,model NB with 50 features, test duration, 0.001
orlraws10P.mat,model SVM with 100 features, train duration, 0.043
orlraws10P.mat,model SVM with 100 features, test duration, 0.001
orlraws10P.mat,model k - nearest with 100 features, train duration, 0.001
orlraws10P.mat,model k - nearest with 100 features, test duration, 0.001
orlraws10P.mat,model RandomForest with 100 features, train duration, 0.097
orlraws10P.mat,model RandomForest with 100 features, test duration, 0.008
orlraws10P.mat,model LogisticsRegression with 100 features, train duration, 0.026
orlraws10P.mat,model LogisticsRegression with 100 features, test duration, 0.001
orlraws10P.mat,model NB with 100 features, train duration, 0.002
orlraws10P.mat,model NB with 100 features, test duration, 0.001
orlraws10P.mat,mrmr,selection runtime, 11.142
orlraws10P.mat,model SVM with 1 features, train duration, 0.012
orlraws10P.mat,model SVM with 1 features, test duration, 0.001
orlraws10P.mat,model k - nearest with 1 features, train duration, 0.001
orlraws10P.mat,model k - nearest with 1 features, test duration, 0.001
orlraws10P.mat,model RandomForest with 1 features, train duration, 0.100
orlraws10P.mat,model RandomForest with 1 features, test duration, 0.009
orlraws10P.mat,model LogisticsRegression with 1 features, train duration, 0.015
orlraws10P.mat,model LogisticsRegression with 1 features, test duration, 0.001
orlraws10P.mat,model NB with 1 features, train duration, 0.001
orlraws10P.mat,model NB with 1 features, test duration, 0.001
orlraws10P.mat,model SVM with 2 features, train duration, 0.012
orlraws10P.mat,model SVM with 2 features, test duration, 0.001
orlraws10P.mat,model k - nearest with 2 features, train duration, 0.001
orlraws10P.mat,model k - nearest with 2 features, test duration, 0.001
orlraws10P.mat,model RandomForest with 2 features, train duration, 0.100
orlraws10P.mat,model RandomForest with 2 features, test duration, 0.010
orlraws10P.mat,model LogisticsRegression with 2 features, train duration, 0.015
orlraws10P.mat,model LogisticsRegression with 2 features, test duration, 0.001
orlraws10P.mat,model NB with 2 features, train duration, 0.002
orlraws10P.mat,model NB with 2 features, test duration, 0.001
orlraws10P.mat,model SVM with 3 features, train duration, 0.014
orlraws10P.mat,model SVM with 3 features, test duration, 0.001
orlraws10P.mat,model k - nearest with 3 features, train duration, 0.001
orlraws10P.mat,model k - nearest with 3 features, test duration, 0.001
orlraws10P.mat,model RandomForest with 3 features, train duration, 0.099
orlraws10P.mat,model RandomForest with 3 features, test duration, 0.009
orlraws10P.mat,model LogisticsRegression with 3 features, train duration, 0.015
orlraws10P.mat,model LogisticsRegression with 3 features, test duration, 0.001
orlraws10P.mat,model NB with 3 features, train duration, 0.002
orlraws10P.mat,model NB with 3 features, test duration, 0.001
orlraws10P.mat,model SVM with 4 features, train duration, 0.014
orlraws10P.mat,model SVM with 4 features, test duration, 0.001
orlraws10P.mat,model k - nearest with 4 features, train duration, 0.001
orlraws10P.mat,model k - nearest with 4 features, test duration, 0.001
orlraws10P.mat,model RandomForest with 4 features, train duration, 0.100
orlraws10P.mat,model RandomForest with 4 features, test duration, 0.009
orlraws10P.mat,model LogisticsRegression with 4 features, train duration, 0.015
orlraws10P.mat,model LogisticsRegression with 4 features, test duration, 0.001
orlraws10P.mat,model NB with 4 features, train duration, 0.001
orlraws10P.mat,model NB with 4 features, test duration, 0.001
orlraws10P.mat,model SVM with 5 features, train duration, 0.013
orlraws10P.mat,model SVM with 5 features, test duration, 0.001
orlraws10P.mat,model k - nearest with 5 features, train duration, 0.001
orlraws10P.mat,model k - nearest with 5 features, test duration, 0.001
orlraws10P.mat,model RandomForest with 5 features, train duration, 0.100
orlraws10P.mat,model RandomForest with 5 features, test duration, 0.009
orlraws10P.mat,model LogisticsRegression with 5 features, train duration, 0.016
orlraws10P.mat,model LogisticsRegression with 5 features, test duration, 0.001
orlraws10P.mat,model NB with 5 features, train duration, 0.001
orlraws10P.mat,model NB with 5 features, test duration, 0.001
orlraws10P.mat,model SVM with 10 features, train duration, 0.015
orlraws10P.mat,model SVM with 10 features, test duration, 0.001
orlraws10P.mat,model k - nearest with 10 features, train duration, 0.001
orlraws10P.mat,model k - nearest with 10 features, test duration, 0.001
orlraws10P.mat,model RandomForest with 10 features, train duration, 0.099
orlraws10P.mat,model RandomForest with 10 features, test duration, 0.009
orlraws10P.mat,model LogisticsRegression with 10 features, train duration, 0.016
orlraws10P.mat,model LogisticsRegression with 10 features, test duration, 0.001
orlraws10P.mat,model NB with 10 features, train duration, 0.002
orlraws10P.mat,model NB with 10 features, test duration, 0.001
orlraws10P.mat,model SVM with 15 features, train duration, 0.016
orlraws10P.mat,model SVM with 15 features, test duration, 0.001
orlraws10P.mat,model k - nearest with 15 features, train duration, 0.001
orlraws10P.mat,model k - nearest with 15 features, test duration, 0.001
orlraws10P.mat,model RandomForest with 15 features, train duration, 0.100
orlraws10P.mat,model RandomForest with 15 features, test duration, 0.009
orlraws10P.mat,model LogisticsRegression with 15 features, train duration, 0.017
orlraws10P.mat,model LogisticsRegression with 15 features, test duration, 0.001
orlraws10P.mat,model NB with 15 features, train duration, 0.001
orlraws10P.mat,model NB with 15 features, test duration, 0.001
orlraws10P.mat,model SVM with 20 features, train duration, 0.018
orlraws10P.mat,model SVM with 20 features, test duration, 0.001
orlraws10P.mat,model k - nearest with 20 features, train duration, 0.001
orlraws10P.mat,model k - nearest with 20 features, test duration, 0.001
orlraws10P.mat,model RandomForest with 20 features, train duration, 0.102
orlraws10P.mat,model RandomForest with 20 features, test duration, 0.009
orlraws10P.mat,model LogisticsRegression with 20 features, train duration, 0.018
orlraws10P.mat,model LogisticsRegression with 20 features, test duration, 0.001
orlraws10P.mat,model NB with 20 features, train duration, 0.002
orlraws10P.mat,model NB with 20 features, test duration, 0.001
orlraws10P.mat,model SVM with 25 features, train duration, 0.014
orlraws10P.mat,model SVM with 25 features, test duration, 0.001
orlraws10P.mat,model k - nearest with 25 features, train duration, 0.001
orlraws10P.mat,model k - nearest with 25 features, test duration, 0.001
orlraws10P.mat,model RandomForest with 25 features, train duration, 0.103
orlraws10P.mat,model RandomForest with 25 features, test duration, 0.009
orlraws10P.mat,model LogisticsRegression with 25 features, train duration, 0.018
orlraws10P.mat,model LogisticsRegression with 25 features, test duration, 0.001
orlraws10P.mat,model NB with 25 features, train duration, 0.002
orlraws10P.mat,model NB with 25 features, test duration, 0.001
orlraws10P.mat,model SVM with 30 features, train duration, 0.015
orlraws10P.mat,model SVM with 30 features, test duration, 0.001
orlraws10P.mat,model k - nearest with 30 features, train duration, 0.001
orlraws10P.mat,model k - nearest with 30 features, test duration, 0.001
orlraws10P.mat,model RandomForest with 30 features, train duration, 0.103
orlraws10P.mat,model RandomForest with 30 features, test duration, 0.009
orlraws10P.mat,model LogisticsRegression with 30 features, train duration, 0.017
orlraws10P.mat,model LogisticsRegression with 30 features, test duration, 0.001
orlraws10P.mat,model NB with 30 features, train duration, 0.002
orlraws10P.mat,model NB with 30 features, test duration, 0.001
orlraws10P.mat,model SVM with 50 features, train duration, 0.018
orlraws10P.mat,model SVM with 50 features, test duration, 0.001
orlraws10P.mat,model k - nearest with 50 features, train duration, 0.001
orlraws10P.mat,model k - nearest with 50 features, test duration, 0.001
orlraws10P.mat,model RandomForest with 50 features, train duration, 0.107
orlraws10P.mat,model RandomForest with 50 features, test duration, 0.009
orlraws10P.mat,model LogisticsRegression with 50 features, train duration, 0.020
orlraws10P.mat,model LogisticsRegression with 50 features, test duration, 0.001
orlraws10P.mat,model NB with 50 features, train duration, 0.002
orlraws10P.mat,model NB with 50 features, test duration, 0.001
orlraws10P.mat,model SVM with 100 features, train duration, 0.033
orlraws10P.mat,model SVM with 100 features, test duration, 0.001
orlraws10P.mat,model k - nearest with 100 features, train duration, 0.002
orlraws10P.mat,model k - nearest with 100 features, test duration, 0.001
orlraws10P.mat,model RandomForest with 100 features, train duration, 0.113
orlraws10P.mat,model RandomForest with 100 features, test duration, 0.010
orlraws10P.mat,model LogisticsRegression with 100 features, train duration, 0.025
orlraws10P.mat,model LogisticsRegression with 100 features, test duration, 0.001
orlraws10P.mat,model NB with 100 features, train duration, 0.002
orlraws10P.mat,model NB with 100 features, test duration, 0.002
orlraws10P.mat,MMCC,selection runtime, 88.559
orlraws10P.mat,model SVM with 1 features, train duration, 0.012
orlraws10P.mat,model SVM with 1 features, test duration, 0.001
orlraws10P.mat,model k - nearest with 1 features, train duration, 0.001
orlraws10P.mat,model k - nearest with 1 features, test duration, 0.001
orlraws10P.mat,model RandomForest with 1 features, train duration, 0.096
orlraws10P.mat,model RandomForest with 1 features, test duration, 0.009
orlraws10P.mat,model LogisticsRegression with 1 features, train duration, 0.012
orlraws10P.mat,model LogisticsRegression with 1 features, test duration, 0.001
orlraws10P.mat,model NB with 1 features, train duration, 0.001
orlraws10P.mat,model NB with 1 features, test duration, 0.001
orlraws10P.mat,model SVM with 2 features, train duration, 0.010
orlraws10P.mat,model SVM with 2 features, test duration, 0.001
orlraws10P.mat,model k - nearest with 2 features, train duration, 0.001
orlraws10P.mat,model k - nearest with 2 features, test duration, 0.001
orlraws10P.mat,model RandomForest with 2 features, train duration, 0.085
orlraws10P.mat,model RandomForest with 2 features, test duration, 0.008
orlraws10P.mat,model LogisticsRegression with 2 features, train duration, 0.013
orlraws10P.mat,model LogisticsRegression with 2 features, test duration, 0.001
orlraws10P.mat,model NB with 2 features, train duration, 0.001
orlraws10P.mat,model NB with 2 features, test duration, 0.001
orlraws10P.mat,model SVM with 3 features, train duration, 0.011
orlraws10P.mat,model SVM with 3 features, test duration, 0.001
orlraws10P.mat,model k - nearest with 3 features, train duration, 0.001
orlraws10P.mat,model k - nearest with 3 features, test duration, 0.001
orlraws10P.mat,model RandomForest with 3 features, train duration, 0.086
orlraws10P.mat,model RandomForest with 3 features, test duration, 0.008
orlraws10P.mat,model LogisticsRegression with 3 features, train duration, 0.012
orlraws10P.mat,model LogisticsRegression with 3 features, test duration, 0.001
orlraws10P.mat,model NB with 3 features, train duration, 0.001
orlraws10P.mat,model NB with 3 features, test duration, 0.001
orlraws10P.mat,model SVM with 4 features, train duration, 0.010
orlraws10P.mat,model SVM with 4 features, test duration, 0.001
orlraws10P.mat,model k - nearest with 4 features, train duration, 0.001
orlraws10P.mat,model k - nearest with 4 features, test duration, 0.001
orlraws10P.mat,model RandomForest with 4 features, train duration, 0.085
orlraws10P.mat,model RandomForest with 4 features, test duration, 0.007
orlraws10P.mat,model LogisticsRegression with 4 features, train duration, 0.013
orlraws10P.mat,model LogisticsRegression with 4 features, test duration, 0.001
orlraws10P.mat,model NB with 4 features, train duration, 0.001
orlraws10P.mat,model NB with 4 features, test duration, 0.001
orlraws10P.mat,model SVM with 5 features, train duration, 0.011
orlraws10P.mat,model SVM with 5 features, test duration, 0.001
orlraws10P.mat,model k - nearest with 5 features, train duration, 0.001
orlraws10P.mat,model k - nearest with 5 features, test duration, 0.001
orlraws10P.mat,model RandomForest with 5 features, train duration, 0.085
orlraws10P.mat,model RandomForest with 5 features, test duration, 0.008
orlraws10P.mat,model LogisticsRegression with 5 features, train duration, 0.014
orlraws10P.mat,model LogisticsRegression with 5 features, test duration, 0.001
orlraws10P.mat,model NB with 5 features, train duration, 0.001
orlraws10P.mat,model NB with 5 features, test duration, 0.001
orlraws10P.mat,model SVM with 10 features, train duration, 0.013
orlraws10P.mat,model SVM with 10 features, test duration, 0.001
orlraws10P.mat,model k - nearest with 10 features, train duration, 0.001
orlraws10P.mat,model k - nearest with 10 features, test duration, 0.001
orlraws10P.mat,model RandomForest with 10 features, train duration, 0.089
orlraws10P.mat,model RandomForest with 10 features, test duration, 0.008
orlraws10P.mat,model LogisticsRegression with 10 features, train duration, 0.014
orlraws10P.mat,model LogisticsRegression with 10 features, test duration, 0.001
orlraws10P.mat,model NB with 10 features, train duration, 0.001
orlraws10P.mat,model NB with 10 features, test duration, 0.001
orlraws10P.mat,model SVM with 15 features, train duration, 0.022
orlraws10P.mat,model SVM with 15 features, test duration, 0.001
orlraws10P.mat,model k - nearest with 15 features, train duration, 0.001
orlraws10P.mat,model k - nearest with 15 features, test duration, 0.001
orlraws10P.mat,model RandomForest with 15 features, train duration, 0.088
orlraws10P.mat,model RandomForest with 15 features, test duration, 0.008
orlraws10P.mat,model LogisticsRegression with 15 features, train duration, 0.014
orlraws10P.mat,model LogisticsRegression with 15 features, test duration, 0.001
orlraws10P.mat,model NB with 15 features, train duration, 0.001
orlraws10P.mat,model NB with 15 features, test duration, 0.001
orlraws10P.mat,model SVM with 20 features, train duration, 0.019
orlraws10P.mat,model SVM with 20 features, test duration, 0.001
orlraws10P.mat,model k - nearest with 20 features, train duration, 0.001
orlraws10P.mat,model k - nearest with 20 features, test duration, 0.001
orlraws10P.mat,model RandomForest with 20 features, train duration, 0.092
orlraws10P.mat,model RandomForest with 20 features, test duration, 0.009
orlraws10P.mat,model LogisticsRegression with 20 features, train duration, 0.015
orlraws10P.mat,model LogisticsRegression with 20 features, test duration, 0.001
orlraws10P.mat,model NB with 20 features, train duration, 0.001
orlraws10P.mat,model NB with 20 features, test duration, 0.001
orlraws10P.mat,model SVM with 25 features, train duration, 0.023
orlraws10P.mat,model SVM with 25 features, test duration, 0.001
orlraws10P.mat,model k - nearest with 25 features, train duration, 0.001
orlraws10P.mat,model k - nearest with 25 features, test duration, 0.001
orlraws10P.mat,model RandomForest with 25 features, train duration, 0.093
orlraws10P.mat,model RandomForest with 25 features, test duration, 0.008
orlraws10P.mat,model LogisticsRegression with 25 features, train duration, 0.016
orlraws10P.mat,model LogisticsRegression with 25 features, test duration, 0.001
orlraws10P.mat,model NB with 25 features, train duration, 0.001
orlraws10P.mat,model NB with 25 features, test duration, 0.001
orlraws10P.mat,model SVM with 30 features, train duration, 0.024
orlraws10P.mat,model SVM with 30 features, test duration, 0.001
orlraws10P.mat,model k - nearest with 30 features, train duration, 0.001
orlraws10P.mat,model k - nearest with 30 features, test duration, 0.001
orlraws10P.mat,model RandomForest with 30 features, train duration, 0.092
orlraws10P.mat,model RandomForest with 30 features, test duration, 0.008
orlraws10P.mat,model LogisticsRegression with 30 features, train duration, 0.016
orlraws10P.mat,model LogisticsRegression with 30 features, test duration, 0.001
orlraws10P.mat,model NB with 30 features, train duration, 0.002
orlraws10P.mat,model NB with 30 features, test duration, 0.001
orlraws10P.mat,model SVM with 50 features, train duration, 0.032
orlraws10P.mat,model SVM with 50 features, test duration, 0.001
orlraws10P.mat,model k - nearest with 50 features, train duration, 0.001
orlraws10P.mat,model k - nearest with 50 features, test duration, 0.001
orlraws10P.mat,model RandomForest with 50 features, train duration, 0.092
orlraws10P.mat,model RandomForest with 50 features, test duration, 0.008
orlraws10P.mat,model LogisticsRegression with 50 features, train duration, 0.017
orlraws10P.mat,model LogisticsRegression with 50 features, test duration, 0.001
orlraws10P.mat,model NB with 50 features, train duration, 0.001
orlraws10P.mat,model NB with 50 features, test duration, 0.001
orlraws10P.mat,model SVM with 100 features, train duration, 0.045
orlraws10P.mat,model SVM with 100 features, test duration, 0.001
orlraws10P.mat,model k - nearest with 100 features, train duration, 0.001
orlraws10P.mat,model k - nearest with 100 features, test duration, 0.001
orlraws10P.mat,model RandomForest with 100 features, train duration, 0.100
orlraws10P.mat,model RandomForest with 100 features, test duration, 0.008
orlraws10P.mat,model LogisticsRegression with 100 features, train duration, 0.024
orlraws10P.mat,model LogisticsRegression with 100 features, test duration, 0.002
orlraws10P.mat,model NB with 100 features, train duration, 0.002
orlraws10P.mat,model NB with 100 features, test duration, 0.001
