Leukemia_4c.arff,reliefF,selection runtime, 0.032
Leukemia_4c.arff,model SVM with 1 features, train duration, 0.009
Leukemia_4c.arff,model SVM with 1 features, test duration, 0.001
Leukemia_4c.arff,model k - nearest with 1 features, train duration, 0.001
Leukemia_4c.arff,model k - nearest with 1 features, test duration, 0.001
Leukemia_4c.arff,model RandomForest with 1 features, train duration, 0.090
Leukemia_4c.arff,model RandomForest with 1 features, test duration, 0.008
Leukemia_4c.arff,model LogisticsRegression with 1 features, train duration, 0.009
Leukemia_4c.arff,model LogisticsRegression with 1 features, test duration, 0.001
Leukemia_4c.arff,model NB with 1 features, train duration, 0.001
Leukemia_4c.arff,model NB with 1 features, test duration, 0.001
Leukemia_4c.arff,model SVM with 2 features, train duration, 0.006
Leukemia_4c.arff,model SVM with 2 features, test duration, 0.001
Leukemia_4c.arff,model k - nearest with 2 features, train duration, 0.001
Leukemia_4c.arff,model k - nearest with 2 features, test duration, 0.001
Leukemia_4c.arff,model RandomForest with 2 features, train duration, 0.098
Leukemia_4c.arff,model RandomForest with 2 features, test duration, 0.008
Leukemia_4c.arff,model LogisticsRegression with 2 features, train duration, 0.011
Leukemia_4c.arff,model LogisticsRegression with 2 features, test duration, 0.001
Leukemia_4c.arff,model NB with 2 features, train duration, 0.001
Leukemia_4c.arff,model NB with 2 features, test duration, 0.001
Leukemia_4c.arff,model SVM with 3 features, train duration, 0.007
Leukemia_4c.arff,model SVM with 3 features, test duration, 0.001
Leukemia_4c.arff,model k - nearest with 3 features, train duration, 0.001
Leukemia_4c.arff,model k - nearest with 3 features, test duration, 0.001
Leukemia_4c.arff,model RandomForest with 3 features, train duration, 0.098
Leukemia_4c.arff,model RandomForest with 3 features, test duration, 0.009
Leukemia_4c.arff,model LogisticsRegression with 3 features, train duration, 0.015
Leukemia_4c.arff,model LogisticsRegression with 3 features, test duration, 0.001
Leukemia_4c.arff,model NB with 3 features, train duration, 0.001
Leukemia_4c.arff,model NB with 3 features, test duration, 0.001
Leukemia_4c.arff,model SVM with 4 features, train duration, 0.008
Leukemia_4c.arff,model SVM with 4 features, test duration, 0.001
Leukemia_4c.arff,model k - nearest with 4 features, train duration, 0.001
Leukemia_4c.arff,model k - nearest with 4 features, test duration, 0.001
Leukemia_4c.arff,model RandomForest with 4 features, train duration, 0.097
Leukemia_4c.arff,model RandomForest with 4 features, test duration, 0.008
Leukemia_4c.arff,model LogisticsRegression with 4 features, train duration, 0.013
Leukemia_4c.arff,model LogisticsRegression with 4 features, test duration, 0.001
Leukemia_4c.arff,model NB with 4 features, train duration, 0.001
Leukemia_4c.arff,model NB with 4 features, test duration, 0.001
Leukemia_4c.arff,model SVM with 5 features, train duration, 0.005
Leukemia_4c.arff,model SVM with 5 features, test duration, 0.001
Leukemia_4c.arff,model k - nearest with 5 features, train duration, 0.001
Leukemia_4c.arff,model k - nearest with 5 features, test duration, 0.001
Leukemia_4c.arff,model RandomForest with 5 features, train duration, 0.102
Leukemia_4c.arff,model RandomForest with 5 features, test duration, 0.009
Leukemia_4c.arff,model LogisticsRegression with 5 features, train duration, 0.013
Leukemia_4c.arff,model LogisticsRegression with 5 features, test duration, 0.001
Leukemia_4c.arff,model NB with 5 features, train duration, 0.001
Leukemia_4c.arff,model NB with 5 features, test duration, 0.001
Leukemia_4c.arff,model SVM with 10 features, train duration, 0.005
Leukemia_4c.arff,model SVM with 10 features, test duration, 0.001
Leukemia_4c.arff,model k - nearest with 10 features, train duration, 0.001
Leukemia_4c.arff,model k - nearest with 10 features, test duration, 0.001
Leukemia_4c.arff,model RandomForest with 10 features, train duration, 0.097
Leukemia_4c.arff,model RandomForest with 10 features, test duration, 0.011
Leukemia_4c.arff,model LogisticsRegression with 10 features, train duration, 0.014
Leukemia_4c.arff,model LogisticsRegression with 10 features, test duration, 0.001
Leukemia_4c.arff,model NB with 10 features, train duration, 0.001
Leukemia_4c.arff,model NB with 10 features, test duration, 0.001
Leukemia_4c.arff,model SVM with 15 features, train duration, 0.006
Leukemia_4c.arff,model SVM with 15 features, test duration, 0.001
Leukemia_4c.arff,model k - nearest with 15 features, train duration, 0.001
Leukemia_4c.arff,model k - nearest with 15 features, test duration, 0.001
Leukemia_4c.arff,model RandomForest with 15 features, train duration, 0.100
Leukemia_4c.arff,model RandomForest with 15 features, test duration, 0.008
Leukemia_4c.arff,model LogisticsRegression with 15 features, train duration, 0.016
Leukemia_4c.arff,model LogisticsRegression with 15 features, test duration, 0.001
Leukemia_4c.arff,model NB with 15 features, train duration, 0.001
Leukemia_4c.arff,model NB with 15 features, test duration, 0.001
Leukemia_4c.arff,model SVM with 20 features, train duration, 0.004
Leukemia_4c.arff,model SVM with 20 features, test duration, 0.001
Leukemia_4c.arff,model k - nearest with 20 features, train duration, 0.001
Leukemia_4c.arff,model k - nearest with 20 features, test duration, 0.001
Leukemia_4c.arff,model RandomForest with 20 features, train duration, 0.142
Leukemia_4c.arff,model RandomForest with 20 features, test duration, 0.012
Leukemia_4c.arff,model LogisticsRegression with 20 features, train duration, 0.016
Leukemia_4c.arff,model LogisticsRegression with 20 features, test duration, 0.001
Leukemia_4c.arff,model NB with 20 features, train duration, 0.001
Leukemia_4c.arff,model NB with 20 features, test duration, 0.001
Leukemia_4c.arff,model SVM with 25 features, train duration, 0.006
Leukemia_4c.arff,model SVM with 25 features, test duration, 0.001
Leukemia_4c.arff,model k - nearest with 25 features, train duration, 0.001
Leukemia_4c.arff,model k - nearest with 25 features, test duration, 0.001
Leukemia_4c.arff,model RandomForest with 25 features, train duration, 0.114
Leukemia_4c.arff,model RandomForest with 25 features, test duration, 0.011
Leukemia_4c.arff,model LogisticsRegression with 25 features, train duration, 0.024
Leukemia_4c.arff,model LogisticsRegression with 25 features, test duration, 0.001
Leukemia_4c.arff,model NB with 25 features, train duration, 0.002
Leukemia_4c.arff,model NB with 25 features, test duration, 0.001
Leukemia_4c.arff,model SVM with 30 features, train duration, 0.007
Leukemia_4c.arff,model SVM with 30 features, test duration, 0.001
Leukemia_4c.arff,model k - nearest with 30 features, train duration, 0.001
Leukemia_4c.arff,model k - nearest with 30 features, test duration, 0.001
Leukemia_4c.arff,model RandomForest with 30 features, train duration, 0.102
Leukemia_4c.arff,model RandomForest with 30 features, test duration, 0.009
Leukemia_4c.arff,model LogisticsRegression with 30 features, train duration, 0.016
Leukemia_4c.arff,model LogisticsRegression with 30 features, test duration, 0.001
Leukemia_4c.arff,model NB with 30 features, train duration, 0.001
Leukemia_4c.arff,model NB with 30 features, test duration, 0.001
Leukemia_4c.arff,model SVM with 50 features, train duration, 0.003
Leukemia_4c.arff,model SVM with 50 features, test duration, 0.001
Leukemia_4c.arff,model k - nearest with 50 features, train duration, 0.001
Leukemia_4c.arff,model k - nearest with 50 features, test duration, 0.001
Leukemia_4c.arff,model RandomForest with 50 features, train duration, 0.105
Leukemia_4c.arff,model RandomForest with 50 features, test duration, 0.009
Leukemia_4c.arff,model LogisticsRegression with 50 features, train duration, 0.015
Leukemia_4c.arff,model LogisticsRegression with 50 features, test duration, 0.001
Leukemia_4c.arff,model NB with 50 features, train duration, 0.001
Leukemia_4c.arff,model NB with 50 features, test duration, 0.001
Leukemia_4c.arff,model SVM with 100 features, train duration, 0.011
Leukemia_4c.arff,model SVM with 100 features, test duration, 0.001
Leukemia_4c.arff,model k - nearest with 100 features, train duration, 0.001
Leukemia_4c.arff,model k - nearest with 100 features, test duration, 0.001
Leukemia_4c.arff,model RandomForest with 100 features, train duration, 0.111
Leukemia_4c.arff,model RandomForest with 100 features, test duration, 0.010
Leukemia_4c.arff,model LogisticsRegression with 100 features, train duration, 0.020
Leukemia_4c.arff,model LogisticsRegression with 100 features, test duration, 0.002
Leukemia_4c.arff,model NB with 100 features, train duration, 0.002
Leukemia_4c.arff,model NB with 100 features, test duration, 0.001
Leukemia_4c.arff,rfe,selection runtime, 1.194
Leukemia_4c.arff,model SVM with 1 features, train duration, 0.005
Leukemia_4c.arff,model SVM with 1 features, test duration, 0.001
Leukemia_4c.arff,model k - nearest with 1 features, train duration, 0.001
Leukemia_4c.arff,model k - nearest with 1 features, test duration, 0.001
Leukemia_4c.arff,model RandomForest with 1 features, train duration, 0.098
Leukemia_4c.arff,model RandomForest with 1 features, test duration, 0.009
Leukemia_4c.arff,model LogisticsRegression with 1 features, train duration, 0.003
Leukemia_4c.arff,model LogisticsRegression with 1 features, test duration, 0.001
Leukemia_4c.arff,model NB with 1 features, train duration, 0.001
Leukemia_4c.arff,model NB with 1 features, test duration, 0.001
Leukemia_4c.arff,model SVM with 2 features, train duration, 0.006
Leukemia_4c.arff,model SVM with 2 features, test duration, 0.001
Leukemia_4c.arff,model k - nearest with 2 features, train duration, 0.001
Leukemia_4c.arff,model k - nearest with 2 features, test duration, 0.001
Leukemia_4c.arff,model RandomForest with 2 features, train duration, 0.197
Leukemia_4c.arff,model RandomForest with 2 features, test duration, 0.018
Leukemia_4c.arff,model LogisticsRegression with 2 features, train duration, 0.005
Leukemia_4c.arff,model LogisticsRegression with 2 features, test duration, 0.001
Leukemia_4c.arff,model NB with 2 features, train duration, 0.001
Leukemia_4c.arff,model NB with 2 features, test duration, 0.001
Leukemia_4c.arff,model SVM with 3 features, train duration, 0.006
Leukemia_4c.arff,model SVM with 3 features, test duration, 0.001
Leukemia_4c.arff,model k - nearest with 3 features, train duration, 0.001
Leukemia_4c.arff,model k - nearest with 3 features, test duration, 0.001
Leukemia_4c.arff,model RandomForest with 3 features, train duration, 0.100
Leukemia_4c.arff,model RandomForest with 3 features, test duration, 0.009
Leukemia_4c.arff,model LogisticsRegression with 3 features, train duration, 0.014
Leukemia_4c.arff,model LogisticsRegression with 3 features, test duration, 0.001
Leukemia_4c.arff,model NB with 3 features, train duration, 0.001
Leukemia_4c.arff,model NB with 3 features, test duration, 0.001
Leukemia_4c.arff,model SVM with 4 features, train duration, 0.007
Leukemia_4c.arff,model SVM with 4 features, test duration, 0.001
Leukemia_4c.arff,model k - nearest with 4 features, train duration, 0.001
Leukemia_4c.arff,model k - nearest with 4 features, test duration, 0.001
Leukemia_4c.arff,model RandomForest with 4 features, train duration, 0.102
Leukemia_4c.arff,model RandomForest with 4 features, test duration, 0.009
Leukemia_4c.arff,model LogisticsRegression with 4 features, train duration, 0.019
Leukemia_4c.arff,model LogisticsRegression with 4 features, test duration, 0.001
Leukemia_4c.arff,model NB with 4 features, train duration, 0.001
Leukemia_4c.arff,model NB with 4 features, test duration, 0.001
Leukemia_4c.arff,model SVM with 5 features, train duration, 0.006
Leukemia_4c.arff,model SVM with 5 features, test duration, 0.001
Leukemia_4c.arff,model k - nearest with 5 features, train duration, 0.001
Leukemia_4c.arff,model k - nearest with 5 features, test duration, 0.001
Leukemia_4c.arff,model RandomForest with 5 features, train duration, 0.105
Leukemia_4c.arff,model RandomForest with 5 features, test duration, 0.009
Leukemia_4c.arff,model LogisticsRegression with 5 features, train duration, 0.015
Leukemia_4c.arff,model LogisticsRegression with 5 features, test duration, 0.001
Leukemia_4c.arff,model NB with 5 features, train duration, 0.001
Leukemia_4c.arff,model NB with 5 features, test duration, 0.001
Leukemia_4c.arff,model SVM with 10 features, train duration, 0.006
Leukemia_4c.arff,model SVM with 10 features, test duration, 0.001
Leukemia_4c.arff,model k - nearest with 10 features, train duration, 0.001
Leukemia_4c.arff,model k - nearest with 10 features, test duration, 0.001
Leukemia_4c.arff,model RandomForest with 10 features, train duration, 0.101
Leukemia_4c.arff,model RandomForest with 10 features, test duration, 0.009
Leukemia_4c.arff,model LogisticsRegression with 10 features, train duration, 0.015
Leukemia_4c.arff,model LogisticsRegression with 10 features, test duration, 0.001
Leukemia_4c.arff,model NB with 10 features, train duration, 0.001
Leukemia_4c.arff,model NB with 10 features, test duration, 0.001
Leukemia_4c.arff,model SVM with 15 features, train duration, 0.006
Leukemia_4c.arff,model SVM with 15 features, test duration, 0.001
Leukemia_4c.arff,model k - nearest with 15 features, train duration, 0.001
Leukemia_4c.arff,model k - nearest with 15 features, test duration, 0.001
Leukemia_4c.arff,model RandomForest with 15 features, train duration, 0.103
Leukemia_4c.arff,model RandomForest with 15 features, test duration, 0.010
Leukemia_4c.arff,model LogisticsRegression with 15 features, train duration, 0.016
Leukemia_4c.arff,model LogisticsRegression with 15 features, test duration, 0.001
Leukemia_4c.arff,model NB with 15 features, train duration, 0.002
Leukemia_4c.arff,model NB with 15 features, test duration, 0.001
Leukemia_4c.arff,model SVM with 20 features, train duration, 0.006
Leukemia_4c.arff,model SVM with 20 features, test duration, 0.001
Leukemia_4c.arff,model k - nearest with 20 features, train duration, 0.001
Leukemia_4c.arff,model k - nearest with 20 features, test duration, 0.001
Leukemia_4c.arff,model RandomForest with 20 features, train duration, 0.104
Leukemia_4c.arff,model RandomForest with 20 features, test duration, 0.008
Leukemia_4c.arff,model LogisticsRegression with 20 features, train duration, 0.016
Leukemia_4c.arff,model LogisticsRegression with 20 features, test duration, 0.001
Leukemia_4c.arff,model NB with 20 features, train duration, 0.001
Leukemia_4c.arff,model NB with 20 features, test duration, 0.001
Leukemia_4c.arff,model SVM with 25 features, train duration, 0.007
Leukemia_4c.arff,model SVM with 25 features, test duration, 0.001
Leukemia_4c.arff,model k - nearest with 25 features, train duration, 0.001
Leukemia_4c.arff,model k - nearest with 25 features, test duration, 0.001
Leukemia_4c.arff,model RandomForest with 25 features, train duration, 0.103
Leukemia_4c.arff,model RandomForest with 25 features, test duration, 0.009
Leukemia_4c.arff,model LogisticsRegression with 25 features, train duration, 0.015
Leukemia_4c.arff,model LogisticsRegression with 25 features, test duration, 0.001
Leukemia_4c.arff,model NB with 25 features, train duration, 0.001
Leukemia_4c.arff,model NB with 25 features, test duration, 0.001
Leukemia_4c.arff,model SVM with 30 features, train duration, 0.007
Leukemia_4c.arff,model SVM with 30 features, test duration, 0.001
Leukemia_4c.arff,model k - nearest with 30 features, train duration, 0.001
Leukemia_4c.arff,model k - nearest with 30 features, test duration, 0.001
Leukemia_4c.arff,model RandomForest with 30 features, train duration, 0.106
Leukemia_4c.arff,model RandomForest with 30 features, test duration, 0.010
Leukemia_4c.arff,model LogisticsRegression with 30 features, train duration, 0.016
Leukemia_4c.arff,model LogisticsRegression with 30 features, test duration, 0.001
Leukemia_4c.arff,model NB with 30 features, train duration, 0.002
Leukemia_4c.arff,model NB with 30 features, test duration, 0.001
Leukemia_4c.arff,model SVM with 50 features, train duration, 0.011
Leukemia_4c.arff,model SVM with 50 features, test duration, 0.001
Leukemia_4c.arff,model k - nearest with 50 features, train duration, 0.001
Leukemia_4c.arff,model k - nearest with 50 features, test duration, 0.001
Leukemia_4c.arff,model RandomForest with 50 features, train duration, 0.106
Leukemia_4c.arff,model RandomForest with 50 features, test duration, 0.010
Leukemia_4c.arff,model LogisticsRegression with 50 features, train duration, 0.017
Leukemia_4c.arff,model LogisticsRegression with 50 features, test duration, 0.001
Leukemia_4c.arff,model NB with 50 features, train duration, 0.002
Leukemia_4c.arff,model NB with 50 features, test duration, 0.001
Leukemia_4c.arff,model SVM with 100 features, train duration, 0.021
Leukemia_4c.arff,model SVM with 100 features, test duration, 0.002
Leukemia_4c.arff,model k - nearest with 100 features, train duration, 0.002
Leukemia_4c.arff,model k - nearest with 100 features, test duration, 0.002
Leukemia_4c.arff,model RandomForest with 100 features, train duration, 0.110
Leukemia_4c.arff,model RandomForest with 100 features, test duration, 0.010
Leukemia_4c.arff,model LogisticsRegression with 100 features, train duration, 0.019
Leukemia_4c.arff,model LogisticsRegression with 100 features, test duration, 0.001
Leukemia_4c.arff,model NB with 100 features, train duration, 0.002
Leukemia_4c.arff,model NB with 100 features, test duration, 0.002
Leukemia_4c.arff,Fdr_f_classif,selection runtime, 0.011
Leukemia_4c.arff,model SVM with 1 features, train duration, 0.008
Leukemia_4c.arff,model SVM with 1 features, test duration, 0.001
Leukemia_4c.arff,model k - nearest with 1 features, train duration, 0.001
Leukemia_4c.arff,model k - nearest with 1 features, test duration, 0.001
Leukemia_4c.arff,model RandomForest with 1 features, train duration, 0.098
Leukemia_4c.arff,model RandomForest with 1 features, test duration, 0.009
Leukemia_4c.arff,model LogisticsRegression with 1 features, train duration, 0.011
Leukemia_4c.arff,model LogisticsRegression with 1 features, test duration, 0.001
Leukemia_4c.arff,model NB with 1 features, train duration, 0.001
Leukemia_4c.arff,model NB with 1 features, test duration, 0.001
Leukemia_4c.arff,model SVM with 2 features, train duration, 0.006
Leukemia_4c.arff,model SVM with 2 features, test duration, 0.001
Leukemia_4c.arff,model k - nearest with 2 features, train duration, 0.001
Leukemia_4c.arff,model k - nearest with 2 features, test duration, 0.001
Leukemia_4c.arff,model RandomForest with 2 features, train duration, 0.099
Leukemia_4c.arff,model RandomForest with 2 features, test duration, 0.009
Leukemia_4c.arff,model LogisticsRegression with 2 features, train duration, 0.008
Leukemia_4c.arff,model LogisticsRegression with 2 features, test duration, 0.001
Leukemia_4c.arff,model NB with 2 features, train duration, 0.001
Leukemia_4c.arff,model NB with 2 features, test duration, 0.001
Leukemia_4c.arff,model SVM with 3 features, train duration, 0.006
Leukemia_4c.arff,model SVM with 3 features, test duration, 0.001
Leukemia_4c.arff,model k - nearest with 3 features, train duration, 0.001
Leukemia_4c.arff,model k - nearest with 3 features, test duration, 0.001
Leukemia_4c.arff,model RandomForest with 3 features, train duration, 0.100
Leukemia_4c.arff,model RandomForest with 3 features, test duration, 0.009
Leukemia_4c.arff,model LogisticsRegression with 3 features, train duration, 0.014
Leukemia_4c.arff,model LogisticsRegression with 3 features, test duration, 0.001
Leukemia_4c.arff,model NB with 3 features, train duration, 0.001
Leukemia_4c.arff,model NB with 3 features, test duration, 0.001
Leukemia_4c.arff,model SVM with 4 features, train duration, 0.006
Leukemia_4c.arff,model SVM with 4 features, test duration, 0.001
Leukemia_4c.arff,model k - nearest with 4 features, train duration, 0.001
Leukemia_4c.arff,model k - nearest with 4 features, test duration, 0.001
Leukemia_4c.arff,model RandomForest with 4 features, train duration, 0.101
Leukemia_4c.arff,model RandomForest with 4 features, test duration, 0.009
Leukemia_4c.arff,model LogisticsRegression with 4 features, train duration, 0.015
Leukemia_4c.arff,model LogisticsRegression with 4 features, test duration, 0.001
Leukemia_4c.arff,model NB with 4 features, train duration, 0.001
Leukemia_4c.arff,model NB with 4 features, test duration, 0.001
Leukemia_4c.arff,model SVM with 5 features, train duration, 0.006
Leukemia_4c.arff,model SVM with 5 features, test duration, 0.001
Leukemia_4c.arff,model k - nearest with 5 features, train duration, 0.001
Leukemia_4c.arff,model k - nearest with 5 features, test duration, 0.001
Leukemia_4c.arff,model RandomForest with 5 features, train duration, 0.103
Leukemia_4c.arff,model RandomForest with 5 features, test duration, 0.009
Leukemia_4c.arff,model LogisticsRegression with 5 features, train duration, 0.014
Leukemia_4c.arff,model LogisticsRegression with 5 features, test duration, 0.001
Leukemia_4c.arff,model NB with 5 features, train duration, 0.001
Leukemia_4c.arff,model NB with 5 features, test duration, 0.001
Leukemia_4c.arff,model SVM with 10 features, train duration, 0.007
Leukemia_4c.arff,model SVM with 10 features, test duration, 0.001
Leukemia_4c.arff,model k - nearest with 10 features, train duration, 0.001
Leukemia_4c.arff,model k - nearest with 10 features, test duration, 0.001
Leukemia_4c.arff,model RandomForest with 10 features, train duration, 0.102
Leukemia_4c.arff,model RandomForest with 10 features, test duration, 0.009
Leukemia_4c.arff,model LogisticsRegression with 10 features, train duration, 0.015
Leukemia_4c.arff,model LogisticsRegression with 10 features, test duration, 0.001
Leukemia_4c.arff,model NB with 10 features, train duration, 0.001
Leukemia_4c.arff,model NB with 10 features, test duration, 0.001
Leukemia_4c.arff,model SVM with 15 features, train duration, 0.008
Leukemia_4c.arff,model SVM with 15 features, test duration, 0.001
Leukemia_4c.arff,model k - nearest with 15 features, train duration, 0.001
Leukemia_4c.arff,model k - nearest with 15 features, test duration, 0.001
Leukemia_4c.arff,model RandomForest with 15 features, train duration, 0.117
Leukemia_4c.arff,model RandomForest with 15 features, test duration, 0.009
Leukemia_4c.arff,model LogisticsRegression with 15 features, train duration, 0.020
Leukemia_4c.arff,model LogisticsRegression with 15 features, test duration, 0.001
Leukemia_4c.arff,model NB with 15 features, train duration, 0.001
Leukemia_4c.arff,model NB with 15 features, test duration, 0.001
Leukemia_4c.arff,model SVM with 20 features, train duration, 0.010
Leukemia_4c.arff,model SVM with 20 features, test duration, 0.001
Leukemia_4c.arff,model k - nearest with 20 features, train duration, 0.001
Leukemia_4c.arff,model k - nearest with 20 features, test duration, 0.001
Leukemia_4c.arff,model RandomForest with 20 features, train duration, 0.101
Leukemia_4c.arff,model RandomForest with 20 features, test duration, 0.008
Leukemia_4c.arff,model LogisticsRegression with 20 features, train duration, 0.016
Leukemia_4c.arff,model LogisticsRegression with 20 features, test duration, 0.001
Leukemia_4c.arff,model NB with 20 features, train duration, 0.001
Leukemia_4c.arff,model NB with 20 features, test duration, 0.001
Leukemia_4c.arff,model SVM with 25 features, train duration, 0.010
Leukemia_4c.arff,model SVM with 25 features, test duration, 0.001
Leukemia_4c.arff,model k - nearest with 25 features, train duration, 0.001
Leukemia_4c.arff,model k - nearest with 25 features, test duration, 0.001
Leukemia_4c.arff,model RandomForest with 25 features, train duration, 0.103
Leukemia_4c.arff,model RandomForest with 25 features, test duration, 0.009
Leukemia_4c.arff,model LogisticsRegression with 25 features, train duration, 0.016
Leukemia_4c.arff,model LogisticsRegression with 25 features, test duration, 0.001
Leukemia_4c.arff,model NB with 25 features, train duration, 0.001
Leukemia_4c.arff,model NB with 25 features, test duration, 0.001
Leukemia_4c.arff,model SVM with 30 features, train duration, 0.011
Leukemia_4c.arff,model SVM with 30 features, test duration, 0.001
Leukemia_4c.arff,model k - nearest with 30 features, train duration, 0.001
Leukemia_4c.arff,model k - nearest with 30 features, test duration, 0.001
Leukemia_4c.arff,model RandomForest with 30 features, train duration, 0.105
Leukemia_4c.arff,model RandomForest with 30 features, test duration, 0.010
Leukemia_4c.arff,model LogisticsRegression with 30 features, train duration, 0.018
Leukemia_4c.arff,model LogisticsRegression with 30 features, test duration, 0.002
Leukemia_4c.arff,model NB with 30 features, train duration, 0.001
Leukemia_4c.arff,model NB with 30 features, test duration, 0.001
Leukemia_4c.arff,model SVM with 50 features, train duration, 0.011
Leukemia_4c.arff,model SVM with 50 features, test duration, 0.001
Leukemia_4c.arff,model k - nearest with 50 features, train duration, 0.001
Leukemia_4c.arff,model k - nearest with 50 features, test duration, 0.001
Leukemia_4c.arff,model RandomForest with 50 features, train duration, 0.106
Leukemia_4c.arff,model RandomForest with 50 features, test duration, 0.010
Leukemia_4c.arff,model LogisticsRegression with 50 features, train duration, 0.018
Leukemia_4c.arff,model LogisticsRegression with 50 features, test duration, 0.001
Leukemia_4c.arff,model NB with 50 features, train duration, 0.002
Leukemia_4c.arff,model NB with 50 features, test duration, 0.001
Leukemia_4c.arff,model SVM with 100 features, train duration, 0.018
Leukemia_4c.arff,model SVM with 100 features, test duration, 0.001
Leukemia_4c.arff,model k - nearest with 100 features, train duration, 0.001
Leukemia_4c.arff,model k - nearest with 100 features, test duration, 0.001
Leukemia_4c.arff,model RandomForest with 100 features, train duration, 0.108
Leukemia_4c.arff,model RandomForest with 100 features, test duration, 0.010
Leukemia_4c.arff,model LogisticsRegression with 100 features, train duration, 0.021
Leukemia_4c.arff,model LogisticsRegression with 100 features, test duration, 0.002
Leukemia_4c.arff,model NB with 100 features, train duration, 0.002
Leukemia_4c.arff,model NB with 100 features, test duration, 0.001
Leukemia_4c.arff,mrmr,selection runtime, 13.402
Leukemia_4c.arff,model SVM with 1 features, train duration, 0.008
Leukemia_4c.arff,model SVM with 1 features, test duration, 0.001
Leukemia_4c.arff,model k - nearest with 1 features, train duration, 0.001
Leukemia_4c.arff,model k - nearest with 1 features, test duration, 0.001
Leukemia_4c.arff,model RandomForest with 1 features, train duration, 0.112
Leukemia_4c.arff,model RandomForest with 1 features, test duration, 0.009
Leukemia_4c.arff,model LogisticsRegression with 1 features, train duration, 0.015
Leukemia_4c.arff,model LogisticsRegression with 1 features, test duration, 0.001
Leukemia_4c.arff,model NB with 1 features, train duration, 0.001
Leukemia_4c.arff,model NB with 1 features, test duration, 0.001
Leukemia_4c.arff,model SVM with 2 features, train duration, 0.008
Leukemia_4c.arff,model SVM with 2 features, test duration, 0.001
Leukemia_4c.arff,model k - nearest with 2 features, train duration, 0.001
Leukemia_4c.arff,model k - nearest with 2 features, test duration, 0.001
Leukemia_4c.arff,model RandomForest with 2 features, train duration, 0.101
Leukemia_4c.arff,model RandomForest with 2 features, test duration, 0.009
Leukemia_4c.arff,model LogisticsRegression with 2 features, train duration, 0.015
Leukemia_4c.arff,model LogisticsRegression with 2 features, test duration, 0.001
Leukemia_4c.arff,model NB with 2 features, train duration, 0.001
Leukemia_4c.arff,model NB with 2 features, test duration, 0.001
Leukemia_4c.arff,model SVM with 3 features, train duration, 0.008
Leukemia_4c.arff,model SVM with 3 features, test duration, 0.001
Leukemia_4c.arff,model k - nearest with 3 features, train duration, 0.001
Leukemia_4c.arff,model k - nearest with 3 features, test duration, 0.001
Leukemia_4c.arff,model RandomForest with 3 features, train duration, 0.099
Leukemia_4c.arff,model RandomForest with 3 features, test duration, 0.009
Leukemia_4c.arff,model LogisticsRegression with 3 features, train duration, 0.013
Leukemia_4c.arff,model LogisticsRegression with 3 features, test duration, 0.001
Leukemia_4c.arff,model NB with 3 features, train duration, 0.001
Leukemia_4c.arff,model NB with 3 features, test duration, 0.001
Leukemia_4c.arff,model SVM with 4 features, train duration, 0.005
Leukemia_4c.arff,model SVM with 4 features, test duration, 0.001
Leukemia_4c.arff,model k - nearest with 4 features, train duration, 0.001
Leukemia_4c.arff,model k - nearest with 4 features, test duration, 0.001
Leukemia_4c.arff,model RandomForest with 4 features, train duration, 0.101
Leukemia_4c.arff,model RandomForest with 4 features, test duration, 0.010
Leukemia_4c.arff,model LogisticsRegression with 4 features, train duration, 0.018
Leukemia_4c.arff,model LogisticsRegression with 4 features, test duration, 0.001
Leukemia_4c.arff,model NB with 4 features, train duration, 0.001
Leukemia_4c.arff,model NB with 4 features, test duration, 0.001
Leukemia_4c.arff,model SVM with 5 features, train duration, 0.004
Leukemia_4c.arff,model SVM with 5 features, test duration, 0.001
Leukemia_4c.arff,model k - nearest with 5 features, train duration, 0.001
Leukemia_4c.arff,model k - nearest with 5 features, test duration, 0.001
Leukemia_4c.arff,model RandomForest with 5 features, train duration, 0.100
Leukemia_4c.arff,model RandomForest with 5 features, test duration, 0.009
Leukemia_4c.arff,model LogisticsRegression with 5 features, train duration, 0.016
Leukemia_4c.arff,model LogisticsRegression with 5 features, test duration, 0.001
Leukemia_4c.arff,model NB with 5 features, train duration, 0.001
Leukemia_4c.arff,model NB with 5 features, test duration, 0.001
Leukemia_4c.arff,model SVM with 10 features, train duration, 0.003
Leukemia_4c.arff,model SVM with 10 features, test duration, 0.001
Leukemia_4c.arff,model k - nearest with 10 features, train duration, 0.001
Leukemia_4c.arff,model k - nearest with 10 features, test duration, 0.001
Leukemia_4c.arff,model RandomForest with 10 features, train duration, 0.101
Leukemia_4c.arff,model RandomForest with 10 features, test duration, 0.010
Leukemia_4c.arff,model LogisticsRegression with 10 features, train duration, 0.016
Leukemia_4c.arff,model LogisticsRegression with 10 features, test duration, 0.001
Leukemia_4c.arff,model NB with 10 features, train duration, 0.001
Leukemia_4c.arff,model NB with 10 features, test duration, 0.001
Leukemia_4c.arff,model SVM with 15 features, train duration, 0.003
Leukemia_4c.arff,model SVM with 15 features, test duration, 0.001
Leukemia_4c.arff,model k - nearest with 15 features, train duration, 0.001
Leukemia_4c.arff,model k - nearest with 15 features, test duration, 0.001
Leukemia_4c.arff,model RandomForest with 15 features, train duration, 0.103
Leukemia_4c.arff,model RandomForest with 15 features, test duration, 0.010
Leukemia_4c.arff,model LogisticsRegression with 15 features, train duration, 0.016
Leukemia_4c.arff,model LogisticsRegression with 15 features, test duration, 0.001
Leukemia_4c.arff,model NB with 15 features, train duration, 0.001
Leukemia_4c.arff,model NB with 15 features, test duration, 0.001
Leukemia_4c.arff,model SVM with 20 features, train duration, 0.004
Leukemia_4c.arff,model SVM with 20 features, test duration, 0.001
Leukemia_4c.arff,model k - nearest with 20 features, train duration, 0.001
Leukemia_4c.arff,model k - nearest with 20 features, test duration, 0.001
Leukemia_4c.arff,model RandomForest with 20 features, train duration, 0.103
Leukemia_4c.arff,model RandomForest with 20 features, test duration, 0.009
Leukemia_4c.arff,model LogisticsRegression with 20 features, train duration, 0.018
Leukemia_4c.arff,model LogisticsRegression with 20 features, test duration, 0.001
Leukemia_4c.arff,model NB with 20 features, train duration, 0.001
Leukemia_4c.arff,model NB with 20 features, test duration, 0.001
Leukemia_4c.arff,model SVM with 25 features, train duration, 0.003
Leukemia_4c.arff,model SVM with 25 features, test duration, 0.001
Leukemia_4c.arff,model k - nearest with 25 features, train duration, 0.001
Leukemia_4c.arff,model k - nearest with 25 features, test duration, 0.001
Leukemia_4c.arff,model RandomForest with 25 features, train duration, 0.102
Leukemia_4c.arff,model RandomForest with 25 features, test duration, 0.009
Leukemia_4c.arff,model LogisticsRegression with 25 features, train duration, 0.016
Leukemia_4c.arff,model LogisticsRegression with 25 features, test duration, 0.001
Leukemia_4c.arff,model NB with 25 features, train duration, 0.001
Leukemia_4c.arff,model NB with 25 features, test duration, 0.001
Leukemia_4c.arff,model SVM with 30 features, train duration, 0.003
Leukemia_4c.arff,model SVM with 30 features, test duration, 0.001
Leukemia_4c.arff,model k - nearest with 30 features, train duration, 0.001
Leukemia_4c.arff,model k - nearest with 30 features, test duration, 0.001
Leukemia_4c.arff,model RandomForest with 30 features, train duration, 0.103
Leukemia_4c.arff,model RandomForest with 30 features, test duration, 0.009
Leukemia_4c.arff,model LogisticsRegression with 30 features, train duration, 0.016
Leukemia_4c.arff,model LogisticsRegression with 30 features, test duration, 0.001
Leukemia_4c.arff,model NB with 30 features, train duration, 0.001
Leukemia_4c.arff,model NB with 30 features, test duration, 0.001
Leukemia_4c.arff,model SVM with 50 features, train duration, 0.003
Leukemia_4c.arff,model SVM with 50 features, test duration, 0.001
Leukemia_4c.arff,model k - nearest with 50 features, train duration, 0.001
Leukemia_4c.arff,model k - nearest with 50 features, test duration, 0.001
Leukemia_4c.arff,model RandomForest with 50 features, train duration, 0.105
Leukemia_4c.arff,model RandomForest with 50 features, test duration, 0.010
Leukemia_4c.arff,model LogisticsRegression with 50 features, train duration, 0.011
Leukemia_4c.arff,model LogisticsRegression with 50 features, test duration, 0.001
Leukemia_4c.arff,model NB with 50 features, train duration, 0.001
Leukemia_4c.arff,model NB with 50 features, test duration, 0.001
Leukemia_4c.arff,model SVM with 100 features, train duration, 0.004
Leukemia_4c.arff,model SVM with 100 features, test duration, 0.001
Leukemia_4c.arff,model k - nearest with 100 features, train duration, 0.001
Leukemia_4c.arff,model k - nearest with 100 features, test duration, 0.001
Leukemia_4c.arff,model RandomForest with 100 features, train duration, 0.135
Leukemia_4c.arff,model RandomForest with 100 features, test duration, 0.010
Leukemia_4c.arff,model LogisticsRegression with 100 features, train duration, 0.011
Leukemia_4c.arff,model LogisticsRegression with 100 features, test duration, 0.001
Leukemia_4c.arff,model NB with 100 features, train duration, 0.002
Leukemia_4c.arff,model NB with 100 features, test duration, 0.002
Leukemia_4c.arff,MMCC,selection runtime, 109.718
Leukemia_4c.arff,model SVM with 1 features, train duration, 0.006
Leukemia_4c.arff,model SVM with 1 features, test duration, 0.001
Leukemia_4c.arff,model k - nearest with 1 features, train duration, 0.001
Leukemia_4c.arff,model k - nearest with 1 features, test duration, 0.001
Leukemia_4c.arff,model RandomForest with 1 features, train duration, 0.099
Leukemia_4c.arff,model RandomForest with 1 features, test duration, 0.009
Leukemia_4c.arff,model LogisticsRegression with 1 features, train duration, 0.012
Leukemia_4c.arff,model LogisticsRegression with 1 features, test duration, 0.001
Leukemia_4c.arff,model NB with 1 features, train duration, 0.001
Leukemia_4c.arff,model NB with 1 features, test duration, 0.001
Leukemia_4c.arff,model SVM with 2 features, train duration, 0.007
Leukemia_4c.arff,model SVM with 2 features, test duration, 0.001
Leukemia_4c.arff,model k - nearest with 2 features, train duration, 0.001
Leukemia_4c.arff,model k - nearest with 2 features, test duration, 0.001
Leukemia_4c.arff,model RandomForest with 2 features, train duration, 0.096
Leukemia_4c.arff,model RandomForest with 2 features, test duration, 0.010
Leukemia_4c.arff,model LogisticsRegression with 2 features, train duration, 0.007
Leukemia_4c.arff,model LogisticsRegression with 2 features, test duration, 0.001
Leukemia_4c.arff,model NB with 2 features, train duration, 0.001
Leukemia_4c.arff,model NB with 2 features, test duration, 0.001
Leukemia_4c.arff,model SVM with 3 features, train duration, 0.008
Leukemia_4c.arff,model SVM with 3 features, test duration, 0.001
Leukemia_4c.arff,model k - nearest with 3 features, train duration, 0.001
Leukemia_4c.arff,model k - nearest with 3 features, test duration, 0.001
Leukemia_4c.arff,model RandomForest with 3 features, train duration, 0.093
Leukemia_4c.arff,model RandomForest with 3 features, test duration, 0.008
Leukemia_4c.arff,model LogisticsRegression with 3 features, train duration, 0.010
Leukemia_4c.arff,model LogisticsRegression with 3 features, test duration, 0.001
Leukemia_4c.arff,model NB with 3 features, train duration, 0.001
Leukemia_4c.arff,model NB with 3 features, test duration, 0.001
Leukemia_4c.arff,model SVM with 4 features, train duration, 0.008
Leukemia_4c.arff,model SVM with 4 features, test duration, 0.001
Leukemia_4c.arff,model k - nearest with 4 features, train duration, 0.001
Leukemia_4c.arff,model k - nearest with 4 features, test duration, 0.001
Leukemia_4c.arff,model RandomForest with 4 features, train duration, 0.103
Leukemia_4c.arff,model RandomForest with 4 features, test duration, 0.010
Leukemia_4c.arff,model LogisticsRegression with 4 features, train duration, 0.015
Leukemia_4c.arff,model LogisticsRegression with 4 features, test duration, 0.001
Leukemia_4c.arff,model NB with 4 features, train duration, 0.001
Leukemia_4c.arff,model NB with 4 features, test duration, 0.001
Leukemia_4c.arff,model SVM with 5 features, train duration, 0.008
Leukemia_4c.arff,model SVM with 5 features, test duration, 0.001
Leukemia_4c.arff,model k - nearest with 5 features, train duration, 0.001
Leukemia_4c.arff,model k - nearest with 5 features, test duration, 0.001
Leukemia_4c.arff,model RandomForest with 5 features, train duration, 0.093
Leukemia_4c.arff,model RandomForest with 5 features, test duration, 0.009
Leukemia_4c.arff,model LogisticsRegression with 5 features, train duration, 0.015
Leukemia_4c.arff,model LogisticsRegression with 5 features, test duration, 0.001
Leukemia_4c.arff,model NB with 5 features, train duration, 0.001
Leukemia_4c.arff,model NB with 5 features, test duration, 0.001
Leukemia_4c.arff,model SVM with 10 features, train duration, 0.007
Leukemia_4c.arff,model SVM with 10 features, test duration, 0.001
Leukemia_4c.arff,model k - nearest with 10 features, train duration, 0.001
Leukemia_4c.arff,model k - nearest with 10 features, test duration, 0.001
Leukemia_4c.arff,model RandomForest with 10 features, train duration, 0.103
Leukemia_4c.arff,model RandomForest with 10 features, test duration, 0.009
Leukemia_4c.arff,model LogisticsRegression with 10 features, train duration, 0.015
Leukemia_4c.arff,model LogisticsRegression with 10 features, test duration, 0.001
Leukemia_4c.arff,model NB with 10 features, train duration, 0.002
Leukemia_4c.arff,model NB with 10 features, test duration, 0.001
Leukemia_4c.arff,model SVM with 15 features, train duration, 0.008
Leukemia_4c.arff,model SVM with 15 features, test duration, 0.001
Leukemia_4c.arff,model k - nearest with 15 features, train duration, 0.001
Leukemia_4c.arff,model k - nearest with 15 features, test duration, 0.001
Leukemia_4c.arff,model RandomForest with 15 features, train duration, 0.100
Leukemia_4c.arff,model RandomForest with 15 features, test duration, 0.009
Leukemia_4c.arff,model LogisticsRegression with 15 features, train duration, 0.016
Leukemia_4c.arff,model LogisticsRegression with 15 features, test duration, 0.001
Leukemia_4c.arff,model NB with 15 features, train duration, 0.001
Leukemia_4c.arff,model NB with 15 features, test duration, 0.001
Leukemia_4c.arff,model SVM with 20 features, train duration, 0.010
Leukemia_4c.arff,model SVM with 20 features, test duration, 0.001
Leukemia_4c.arff,model k - nearest with 20 features, train duration, 0.001
Leukemia_4c.arff,model k - nearest with 20 features, test duration, 0.001
Leukemia_4c.arff,model RandomForest with 20 features, train duration, 0.102
Leukemia_4c.arff,model RandomForest with 20 features, test duration, 0.009
Leukemia_4c.arff,model LogisticsRegression with 20 features, train duration, 0.014
Leukemia_4c.arff,model LogisticsRegression with 20 features, test duration, 0.001
Leukemia_4c.arff,model NB with 20 features, train duration, 0.001
Leukemia_4c.arff,model NB with 20 features, test duration, 0.001
Leukemia_4c.arff,model SVM with 25 features, train duration, 0.010
Leukemia_4c.arff,model SVM with 25 features, test duration, 0.001
Leukemia_4c.arff,model k - nearest with 25 features, train duration, 0.001
Leukemia_4c.arff,model k - nearest with 25 features, test duration, 0.001
Leukemia_4c.arff,model RandomForest with 25 features, train duration, 0.103
Leukemia_4c.arff,model RandomForest with 25 features, test duration, 0.009
Leukemia_4c.arff,model LogisticsRegression with 25 features, train duration, 0.017
Leukemia_4c.arff,model LogisticsRegression with 25 features, test duration, 0.001
Leukemia_4c.arff,model NB with 25 features, train duration, 0.001
Leukemia_4c.arff,model NB with 25 features, test duration, 0.001
Leukemia_4c.arff,model SVM with 30 features, train duration, 0.011
Leukemia_4c.arff,model SVM with 30 features, test duration, 0.001
Leukemia_4c.arff,model k - nearest with 30 features, train duration, 0.001
Leukemia_4c.arff,model k - nearest with 30 features, test duration, 0.001
Leukemia_4c.arff,model RandomForest with 30 features, train duration, 0.105
Leukemia_4c.arff,model RandomForest with 30 features, test duration, 0.009
Leukemia_4c.arff,model LogisticsRegression with 30 features, train duration, 0.018
Leukemia_4c.arff,model LogisticsRegression with 30 features, test duration, 0.001
Leukemia_4c.arff,model NB with 30 features, train duration, 0.001
Leukemia_4c.arff,model NB with 30 features, test duration, 0.001
Leukemia_4c.arff,model SVM with 50 features, train duration, 0.012
Leukemia_4c.arff,model SVM with 50 features, test duration, 0.001
Leukemia_4c.arff,model k - nearest with 50 features, train duration, 0.001
Leukemia_4c.arff,model k - nearest with 50 features, test duration, 0.001
Leukemia_4c.arff,model RandomForest with 50 features, train duration, 0.124
Leukemia_4c.arff,model RandomForest with 50 features, test duration, 0.013
Leukemia_4c.arff,model LogisticsRegression with 50 features, train duration, 0.023
Leukemia_4c.arff,model LogisticsRegression with 50 features, test duration, 0.001
Leukemia_4c.arff,model NB with 50 features, train duration, 0.002
Leukemia_4c.arff,model NB with 50 features, test duration, 0.002
Leukemia_4c.arff,model SVM with 100 features, train duration, 0.020
Leukemia_4c.arff,model SVM with 100 features, test duration, 0.001
Leukemia_4c.arff,model k - nearest with 100 features, train duration, 0.001
Leukemia_4c.arff,model k - nearest with 100 features, test duration, 0.001
Leukemia_4c.arff,model RandomForest with 100 features, train duration, 0.126
Leukemia_4c.arff,model RandomForest with 100 features, test duration, 0.010
Leukemia_4c.arff,model LogisticsRegression with 100 features, train duration, 0.020
Leukemia_4c.arff,model LogisticsRegression with 100 features, test duration, 0.001
Leukemia_4c.arff,model NB with 100 features, train duration, 0.002
Leukemia_4c.arff,model NB with 100 features, test duration, 0.001
