SRBCT.arff,reliefF,selection runtime, 0.038
SRBCT.arff,model SVM with 1 features, train duration, 0.002
SRBCT.arff,model SVM with 1 features, test duration, 0.001
SRBCT.arff,model k - nearest with 1 features, train duration, 0.001
SRBCT.arff,model k - nearest with 1 features, test duration, 0.001
SRBCT.arff,model RandomForest with 1 features, train duration, 0.099
SRBCT.arff,model RandomForest with 1 features, test duration, 0.009
SRBCT.arff,model LogisticsRegression with 1 features, train duration, 0.004
SRBCT.arff,model LogisticsRegression with 1 features, test duration, 0.001
SRBCT.arff,model NB with 1 features, train duration, 0.001
SRBCT.arff,model NB with 1 features, test duration, 0.001
SRBCT.arff,model SVM with 2 features, train duration, 0.001
SRBCT.arff,model SVM with 2 features, test duration, 0.001
SRBCT.arff,model k - nearest with 2 features, train duration, 0.001
SRBCT.arff,model k - nearest with 2 features, test duration, 0.001
SRBCT.arff,model RandomForest with 2 features, train duration, 0.098
SRBCT.arff,model RandomForest with 2 features, test duration, 0.009
SRBCT.arff,model LogisticsRegression with 2 features, train duration, 0.004
SRBCT.arff,model LogisticsRegression with 2 features, test duration, 0.001
SRBCT.arff,model NB with 2 features, train duration, 0.001
SRBCT.arff,model NB with 2 features, test duration, 0.001
SRBCT.arff,model SVM with 3 features, train duration, 0.002
SRBCT.arff,model SVM with 3 features, test duration, 0.001
SRBCT.arff,model k - nearest with 3 features, train duration, 0.001
SRBCT.arff,model k - nearest with 3 features, test duration, 0.001
SRBCT.arff,model RandomForest with 3 features, train duration, 0.102
SRBCT.arff,model RandomForest with 3 features, test duration, 0.011
SRBCT.arff,model LogisticsRegression with 3 features, train duration, 0.005
SRBCT.arff,model LogisticsRegression with 3 features, test duration, 0.001
SRBCT.arff,model NB with 3 features, train duration, 0.001
SRBCT.arff,model NB with 3 features, test duration, 0.001
SRBCT.arff,model SVM with 4 features, train duration, 0.003
SRBCT.arff,model SVM with 4 features, test duration, 0.001
SRBCT.arff,model k - nearest with 4 features, train duration, 0.001
SRBCT.arff,model k - nearest with 4 features, test duration, 0.001
SRBCT.arff,model RandomForest with 4 features, train duration, 0.098
SRBCT.arff,model RandomForest with 4 features, test duration, 0.014
SRBCT.arff,model LogisticsRegression with 4 features, train duration, 0.005
SRBCT.arff,model LogisticsRegression with 4 features, test duration, 0.001
SRBCT.arff,model NB with 4 features, train duration, 0.001
SRBCT.arff,model NB with 4 features, test duration, 0.001
SRBCT.arff,model SVM with 5 features, train duration, 0.003
SRBCT.arff,model SVM with 5 features, test duration, 0.001
SRBCT.arff,model k - nearest with 5 features, train duration, 0.001
SRBCT.arff,model k - nearest with 5 features, test duration, 0.001
SRBCT.arff,model RandomForest with 5 features, train duration, 0.102
SRBCT.arff,model RandomForest with 5 features, test duration, 0.009
SRBCT.arff,model LogisticsRegression with 5 features, train duration, 0.008
SRBCT.arff,model LogisticsRegression with 5 features, test duration, 0.001
SRBCT.arff,model NB with 5 features, train duration, 0.001
SRBCT.arff,model NB with 5 features, test duration, 0.001
SRBCT.arff,model SVM with 10 features, train duration, 0.008
SRBCT.arff,model SVM with 10 features, test duration, 0.001
SRBCT.arff,model k - nearest with 10 features, train duration, 0.001
SRBCT.arff,model k - nearest with 10 features, test duration, 0.001
SRBCT.arff,model RandomForest with 10 features, train duration, 0.100
SRBCT.arff,model RandomForest with 10 features, test duration, 0.009
SRBCT.arff,model LogisticsRegression with 10 features, train duration, 0.011
SRBCT.arff,model LogisticsRegression with 10 features, test duration, 0.001
SRBCT.arff,model NB with 10 features, train duration, 0.001
SRBCT.arff,model NB with 10 features, test duration, 0.001
SRBCT.arff,model SVM with 15 features, train duration, 0.005
SRBCT.arff,model SVM with 15 features, test duration, 0.001
SRBCT.arff,model k - nearest with 15 features, train duration, 0.001
SRBCT.arff,model k - nearest with 15 features, test duration, 0.001
SRBCT.arff,model RandomForest with 15 features, train duration, 0.108
SRBCT.arff,model RandomForest with 15 features, test duration, 0.011
SRBCT.arff,model LogisticsRegression with 15 features, train duration, 0.011
SRBCT.arff,model LogisticsRegression with 15 features, test duration, 0.001
SRBCT.arff,model NB with 15 features, train duration, 0.001
SRBCT.arff,model NB with 15 features, test duration, 0.001
SRBCT.arff,model SVM with 20 features, train duration, 0.004
SRBCT.arff,model SVM with 20 features, test duration, 0.001
SRBCT.arff,model k - nearest with 20 features, train duration, 0.001
SRBCT.arff,model k - nearest with 20 features, test duration, 0.001
SRBCT.arff,model RandomForest with 20 features, train duration, 0.104
SRBCT.arff,model RandomForest with 20 features, test duration, 0.008
SRBCT.arff,model LogisticsRegression with 20 features, train duration, 0.015
SRBCT.arff,model LogisticsRegression with 20 features, test duration, 0.001
SRBCT.arff,model NB with 20 features, train duration, 0.001
SRBCT.arff,model NB with 20 features, test duration, 0.001
SRBCT.arff,model SVM with 25 features, train duration, 0.005
SRBCT.arff,model SVM with 25 features, test duration, 0.001
SRBCT.arff,model k - nearest with 25 features, train duration, 0.001
SRBCT.arff,model k - nearest with 25 features, test duration, 0.001
SRBCT.arff,model RandomForest with 25 features, train duration, 0.109
SRBCT.arff,model RandomForest with 25 features, test duration, 0.009
SRBCT.arff,model LogisticsRegression with 25 features, train duration, 0.015
SRBCT.arff,model LogisticsRegression with 25 features, test duration, 0.001
SRBCT.arff,model NB with 25 features, train duration, 0.002
SRBCT.arff,model NB with 25 features, test duration, 0.001
SRBCT.arff,model SVM with 30 features, train duration, 0.008
SRBCT.arff,model SVM with 30 features, test duration, 0.001
SRBCT.arff,model k - nearest with 30 features, train duration, 0.001
SRBCT.arff,model k - nearest with 30 features, test duration, 0.001
SRBCT.arff,model RandomForest with 30 features, train duration, 0.105
SRBCT.arff,model RandomForest with 30 features, test duration, 0.009
SRBCT.arff,model LogisticsRegression with 30 features, train duration, 0.020
SRBCT.arff,model LogisticsRegression with 30 features, test duration, 0.001
SRBCT.arff,model NB with 30 features, train duration, 0.002
SRBCT.arff,model NB with 30 features, test duration, 0.001
SRBCT.arff,model SVM with 50 features, train duration, 0.006
SRBCT.arff,model SVM with 50 features, test duration, 0.001
SRBCT.arff,model k - nearest with 50 features, train duration, 0.001
SRBCT.arff,model k - nearest with 50 features, test duration, 0.001
SRBCT.arff,model RandomForest with 50 features, train duration, 0.106
SRBCT.arff,model RandomForest with 50 features, test duration, 0.009
SRBCT.arff,model LogisticsRegression with 50 features, train duration, 0.017
SRBCT.arff,model LogisticsRegression with 50 features, test duration, 0.001
SRBCT.arff,model NB with 50 features, train duration, 0.002
SRBCT.arff,model NB with 50 features, test duration, 0.001
SRBCT.arff,model SVM with 100 features, train duration, 0.011
SRBCT.arff,model SVM with 100 features, test duration, 0.001
SRBCT.arff,model k - nearest with 100 features, train duration, 0.001
SRBCT.arff,model k - nearest with 100 features, test duration, 0.001
SRBCT.arff,model RandomForest with 100 features, train duration, 0.114
SRBCT.arff,model RandomForest with 100 features, test duration, 0.011
SRBCT.arff,model LogisticsRegression with 100 features, train duration, 0.021
SRBCT.arff,model LogisticsRegression with 100 features, test duration, 0.001
SRBCT.arff,model NB with 100 features, train duration, 0.002
SRBCT.arff,model NB with 100 features, test duration, 0.001
SRBCT.arff,rfe,selection runtime, 1.096
SRBCT.arff,model SVM with 1 features, train duration, 0.003
SRBCT.arff,model SVM with 1 features, test duration, 0.001
SRBCT.arff,model k - nearest with 1 features, train duration, 0.001
SRBCT.arff,model k - nearest with 1 features, test duration, 0.001
SRBCT.arff,model RandomForest with 1 features, train duration, 0.118
SRBCT.arff,model RandomForest with 1 features, test duration, 0.011
SRBCT.arff,model LogisticsRegression with 1 features, train duration, 0.005
SRBCT.arff,model LogisticsRegression with 1 features, test duration, 0.001
SRBCT.arff,model NB with 1 features, train duration, 0.001
SRBCT.arff,model NB with 1 features, test duration, 0.001
SRBCT.arff,model SVM with 2 features, train duration, 0.002
SRBCT.arff,model SVM with 2 features, test duration, 0.001
SRBCT.arff,model k - nearest with 2 features, train duration, 0.001
SRBCT.arff,model k - nearest with 2 features, test duration, 0.001
SRBCT.arff,model RandomForest with 2 features, train duration, 0.099
SRBCT.arff,model RandomForest with 2 features, test duration, 0.009
SRBCT.arff,model LogisticsRegression with 2 features, train duration, 0.004
SRBCT.arff,model LogisticsRegression with 2 features, test duration, 0.001
SRBCT.arff,model NB with 2 features, train duration, 0.001
SRBCT.arff,model NB with 2 features, test duration, 0.001
SRBCT.arff,model SVM with 3 features, train duration, 0.003
SRBCT.arff,model SVM with 3 features, test duration, 0.001
SRBCT.arff,model k - nearest with 3 features, train duration, 0.001
SRBCT.arff,model k - nearest with 3 features, test duration, 0.001
SRBCT.arff,model RandomForest with 3 features, train duration, 0.100
SRBCT.arff,model RandomForest with 3 features, test duration, 0.009
SRBCT.arff,model LogisticsRegression with 3 features, train duration, 0.006
SRBCT.arff,model LogisticsRegression with 3 features, test duration, 0.001
SRBCT.arff,model NB with 3 features, train duration, 0.001
SRBCT.arff,model NB with 3 features, test duration, 0.001
SRBCT.arff,model SVM with 4 features, train duration, 0.004
SRBCT.arff,model SVM with 4 features, test duration, 0.001
SRBCT.arff,model k - nearest with 4 features, train duration, 0.001
SRBCT.arff,model k - nearest with 4 features, test duration, 0.001
SRBCT.arff,model RandomForest with 4 features, train duration, 0.101
SRBCT.arff,model RandomForest with 4 features, test duration, 0.009
SRBCT.arff,model LogisticsRegression with 4 features, train duration, 0.007
SRBCT.arff,model LogisticsRegression with 4 features, test duration, 0.001
SRBCT.arff,model NB with 4 features, train duration, 0.001
SRBCT.arff,model NB with 4 features, test duration, 0.001
SRBCT.arff,model SVM with 5 features, train duration, 0.003
SRBCT.arff,model SVM with 5 features, test duration, 0.001
SRBCT.arff,model k - nearest with 5 features, train duration, 0.001
SRBCT.arff,model k - nearest with 5 features, test duration, 0.001
SRBCT.arff,model RandomForest with 5 features, train duration, 0.096
SRBCT.arff,model RandomForest with 5 features, test duration, 0.008
SRBCT.arff,model LogisticsRegression with 5 features, train duration, 0.008
SRBCT.arff,model LogisticsRegression with 5 features, test duration, 0.001
SRBCT.arff,model NB with 5 features, train duration, 0.001
SRBCT.arff,model NB with 5 features, test duration, 0.001
SRBCT.arff,model SVM with 10 features, train duration, 0.005
SRBCT.arff,model SVM with 10 features, test duration, 0.001
SRBCT.arff,model k - nearest with 10 features, train duration, 0.001
SRBCT.arff,model k - nearest with 10 features, test duration, 0.001
SRBCT.arff,model RandomForest with 10 features, train duration, 0.102
SRBCT.arff,model RandomForest with 10 features, test duration, 0.009
SRBCT.arff,model LogisticsRegression with 10 features, train duration, 0.015
SRBCT.arff,model LogisticsRegression with 10 features, test duration, 0.001
SRBCT.arff,model NB with 10 features, train duration, 0.001
SRBCT.arff,model NB with 10 features, test duration, 0.001
SRBCT.arff,model SVM with 15 features, train duration, 0.005
SRBCT.arff,model SVM with 15 features, test duration, 0.001
SRBCT.arff,model k - nearest with 15 features, train duration, 0.001
SRBCT.arff,model k - nearest with 15 features, test duration, 0.001
SRBCT.arff,model RandomForest with 15 features, train duration, 0.096
SRBCT.arff,model RandomForest with 15 features, test duration, 0.010
SRBCT.arff,model LogisticsRegression with 15 features, train duration, 0.017
SRBCT.arff,model LogisticsRegression with 15 features, test duration, 0.001
SRBCT.arff,model NB with 15 features, train duration, 0.001
SRBCT.arff,model NB with 15 features, test duration, 0.001
SRBCT.arff,model SVM with 20 features, train duration, 0.007
SRBCT.arff,model SVM with 20 features, test duration, 0.001
SRBCT.arff,model k - nearest with 20 features, train duration, 0.001
SRBCT.arff,model k - nearest with 20 features, test duration, 0.001
SRBCT.arff,model RandomForest with 20 features, train duration, 0.104
SRBCT.arff,model RandomForest with 20 features, test duration, 0.009
SRBCT.arff,model LogisticsRegression with 20 features, train duration, 0.017
SRBCT.arff,model LogisticsRegression with 20 features, test duration, 0.001
SRBCT.arff,model NB with 20 features, train duration, 0.001
SRBCT.arff,model NB with 20 features, test duration, 0.001
SRBCT.arff,model SVM with 25 features, train duration, 0.007
SRBCT.arff,model SVM with 25 features, test duration, 0.001
SRBCT.arff,model k - nearest with 25 features, train duration, 0.001
SRBCT.arff,model k - nearest with 25 features, test duration, 0.001
SRBCT.arff,model RandomForest with 25 features, train duration, 0.105
SRBCT.arff,model RandomForest with 25 features, test duration, 0.009
SRBCT.arff,model LogisticsRegression with 25 features, train duration, 0.016
SRBCT.arff,model LogisticsRegression with 25 features, test duration, 0.001
SRBCT.arff,model NB with 25 features, train duration, 0.001
SRBCT.arff,model NB with 25 features, test duration, 0.001
SRBCT.arff,model SVM with 30 features, train duration, 0.008
SRBCT.arff,model SVM with 30 features, test duration, 0.001
SRBCT.arff,model k - nearest with 30 features, train duration, 0.001
SRBCT.arff,model k - nearest with 30 features, test duration, 0.001
SRBCT.arff,model RandomForest with 30 features, train duration, 0.098
SRBCT.arff,model RandomForest with 30 features, test duration, 0.009
SRBCT.arff,model LogisticsRegression with 30 features, train duration, 0.019
SRBCT.arff,model LogisticsRegression with 30 features, test duration, 0.001
SRBCT.arff,model NB with 30 features, train duration, 0.001
SRBCT.arff,model NB with 30 features, test duration, 0.001
SRBCT.arff,model SVM with 50 features, train duration, 0.006
SRBCT.arff,model SVM with 50 features, test duration, 0.002
SRBCT.arff,model k - nearest with 50 features, train duration, 0.001
SRBCT.arff,model k - nearest with 50 features, test duration, 0.001
SRBCT.arff,model RandomForest with 50 features, train duration, 0.100
SRBCT.arff,model RandomForest with 50 features, test duration, 0.010
SRBCT.arff,model LogisticsRegression with 50 features, train duration, 0.018
SRBCT.arff,model LogisticsRegression with 50 features, test duration, 0.001
SRBCT.arff,model NB with 50 features, train duration, 0.001
SRBCT.arff,model NB with 50 features, test duration, 0.001
SRBCT.arff,model SVM with 100 features, train duration, 0.014
SRBCT.arff,model SVM with 100 features, test duration, 0.001
SRBCT.arff,model k - nearest with 100 features, train duration, 0.001
SRBCT.arff,model k - nearest with 100 features, test duration, 0.001
SRBCT.arff,model RandomForest with 100 features, train duration, 0.111
SRBCT.arff,model RandomForest with 100 features, test duration, 0.010
SRBCT.arff,model LogisticsRegression with 100 features, train duration, 0.020
SRBCT.arff,model LogisticsRegression with 100 features, test duration, 0.002
SRBCT.arff,model NB with 100 features, train duration, 0.002
SRBCT.arff,model NB with 100 features, test duration, 0.001
SRBCT.arff,Fdr_f_classif,selection runtime, 0.008
SRBCT.arff,model SVM with 1 features, train duration, 0.002
SRBCT.arff,model SVM with 1 features, test duration, 0.001
SRBCT.arff,model k - nearest with 1 features, train duration, 0.001
SRBCT.arff,model k - nearest with 1 features, test duration, 0.001
SRBCT.arff,model RandomForest with 1 features, train duration, 0.103
SRBCT.arff,model RandomForest with 1 features, test duration, 0.009
SRBCT.arff,model LogisticsRegression with 1 features, train duration, 0.004
SRBCT.arff,model LogisticsRegression with 1 features, test duration, 0.001
SRBCT.arff,model NB with 1 features, train duration, 0.001
SRBCT.arff,model NB with 1 features, test duration, 0.001
SRBCT.arff,model SVM with 2 features, train duration, 0.002
SRBCT.arff,model SVM with 2 features, test duration, 0.001
SRBCT.arff,model k - nearest with 2 features, train duration, 0.001
SRBCT.arff,model k - nearest with 2 features, test duration, 0.001
SRBCT.arff,model RandomForest with 2 features, train duration, 0.093
SRBCT.arff,model RandomForest with 2 features, test duration, 0.008
SRBCT.arff,model LogisticsRegression with 2 features, train duration, 0.005
SRBCT.arff,model LogisticsRegression with 2 features, test duration, 0.001
SRBCT.arff,model NB with 2 features, train duration, 0.001
SRBCT.arff,model NB with 2 features, test duration, 0.001
SRBCT.arff,model SVM with 3 features, train duration, 0.003
SRBCT.arff,model SVM with 3 features, test duration, 0.001
SRBCT.arff,model k - nearest with 3 features, train duration, 0.001
SRBCT.arff,model k - nearest with 3 features, test duration, 0.001
SRBCT.arff,model RandomForest with 3 features, train duration, 0.100
SRBCT.arff,model RandomForest with 3 features, test duration, 0.009
SRBCT.arff,model LogisticsRegression with 3 features, train duration, 0.006
SRBCT.arff,model LogisticsRegression with 3 features, test duration, 0.001
SRBCT.arff,model NB with 3 features, train duration, 0.001
SRBCT.arff,model NB with 3 features, test duration, 0.001
SRBCT.arff,model SVM with 4 features, train duration, 0.003
SRBCT.arff,model SVM with 4 features, test duration, 0.001
SRBCT.arff,model k - nearest with 4 features, train duration, 0.001
SRBCT.arff,model k - nearest with 4 features, test duration, 0.001
SRBCT.arff,model RandomForest with 4 features, train duration, 0.102
SRBCT.arff,model RandomForest with 4 features, test duration, 0.009
SRBCT.arff,model LogisticsRegression with 4 features, train duration, 0.007
SRBCT.arff,model LogisticsRegression with 4 features, test duration, 0.001
SRBCT.arff,model NB with 4 features, train duration, 0.001
SRBCT.arff,model NB with 4 features, test duration, 0.001
SRBCT.arff,model SVM with 5 features, train duration, 0.003
SRBCT.arff,model SVM with 5 features, test duration, 0.001
SRBCT.arff,model k - nearest with 5 features, train duration, 0.001
SRBCT.arff,model k - nearest with 5 features, test duration, 0.001
SRBCT.arff,model RandomForest with 5 features, train duration, 0.100
SRBCT.arff,model RandomForest with 5 features, test duration, 0.009
SRBCT.arff,model LogisticsRegression with 5 features, train duration, 0.008
SRBCT.arff,model LogisticsRegression with 5 features, test duration, 0.001
SRBCT.arff,model NB with 5 features, train duration, 0.001
SRBCT.arff,model NB with 5 features, test duration, 0.001
SRBCT.arff,model SVM with 10 features, train duration, 0.006
SRBCT.arff,model SVM with 10 features, test duration, 0.001
SRBCT.arff,model k - nearest with 10 features, train duration, 0.001
SRBCT.arff,model k - nearest with 10 features, test duration, 0.001
SRBCT.arff,model RandomForest with 10 features, train duration, 0.102
SRBCT.arff,model RandomForest with 10 features, test duration, 0.009
SRBCT.arff,model LogisticsRegression with 10 features, train duration, 0.017
SRBCT.arff,model LogisticsRegression with 10 features, test duration, 0.001
SRBCT.arff,model NB with 10 features, train duration, 0.001
SRBCT.arff,model NB with 10 features, test duration, 0.001
SRBCT.arff,model SVM with 15 features, train duration, 0.005
SRBCT.arff,model SVM with 15 features, test duration, 0.001
SRBCT.arff,model k - nearest with 15 features, train duration, 0.001
SRBCT.arff,model k - nearest with 15 features, test duration, 0.001
SRBCT.arff,model RandomForest with 15 features, train duration, 0.103
SRBCT.arff,model RandomForest with 15 features, test duration, 0.009
SRBCT.arff,model LogisticsRegression with 15 features, train duration, 0.016
SRBCT.arff,model LogisticsRegression with 15 features, test duration, 0.001
SRBCT.arff,model NB with 15 features, train duration, 0.001
SRBCT.arff,model NB with 15 features, test duration, 0.001
SRBCT.arff,model SVM with 20 features, train duration, 0.006
SRBCT.arff,model SVM with 20 features, test duration, 0.001
SRBCT.arff,model k - nearest with 20 features, train duration, 0.001
SRBCT.arff,model k - nearest with 20 features, test duration, 0.001
SRBCT.arff,model RandomForest with 20 features, train duration, 0.104
SRBCT.arff,model RandomForest with 20 features, test duration, 0.009
SRBCT.arff,model LogisticsRegression with 20 features, train duration, 0.017
SRBCT.arff,model LogisticsRegression with 20 features, test duration, 0.001
SRBCT.arff,model NB with 20 features, train duration, 0.002
SRBCT.arff,model NB with 20 features, test duration, 0.001
SRBCT.arff,model SVM with 25 features, train duration, 0.007
SRBCT.arff,model SVM with 25 features, test duration, 0.001
SRBCT.arff,model k - nearest with 25 features, train duration, 0.001
SRBCT.arff,model k - nearest with 25 features, test duration, 0.001
SRBCT.arff,model RandomForest with 25 features, train duration, 0.114
SRBCT.arff,model RandomForest with 25 features, test duration, 0.009
SRBCT.arff,model LogisticsRegression with 25 features, train duration, 0.016
SRBCT.arff,model LogisticsRegression with 25 features, test duration, 0.001
SRBCT.arff,model NB with 25 features, train duration, 0.001
SRBCT.arff,model NB with 25 features, test duration, 0.001
SRBCT.arff,model SVM with 30 features, train duration, 0.008
SRBCT.arff,model SVM with 30 features, test duration, 0.001
SRBCT.arff,model k - nearest with 30 features, train duration, 0.001
SRBCT.arff,model k - nearest with 30 features, test duration, 0.001
SRBCT.arff,model RandomForest with 30 features, train duration, 0.103
SRBCT.arff,model RandomForest with 30 features, test duration, 0.010
SRBCT.arff,model LogisticsRegression with 30 features, train duration, 0.017
SRBCT.arff,model LogisticsRegression with 30 features, test duration, 0.001
SRBCT.arff,model NB with 30 features, train duration, 0.001
SRBCT.arff,model NB with 30 features, test duration, 0.001
SRBCT.arff,model SVM with 50 features, train duration, 0.012
SRBCT.arff,model SVM with 50 features, test duration, 0.001
SRBCT.arff,model k - nearest with 50 features, train duration, 0.001
SRBCT.arff,model k - nearest with 50 features, test duration, 0.001
SRBCT.arff,model RandomForest with 50 features, train duration, 0.115
SRBCT.arff,model RandomForest with 50 features, test duration, 0.010
SRBCT.arff,model LogisticsRegression with 50 features, train duration, 0.017
SRBCT.arff,model LogisticsRegression with 50 features, test duration, 0.001
SRBCT.arff,model NB with 50 features, train duration, 0.002
SRBCT.arff,model NB with 50 features, test duration, 0.001
SRBCT.arff,model SVM with 100 features, train duration, 0.017
SRBCT.arff,model SVM with 100 features, test duration, 0.002
SRBCT.arff,model k - nearest with 100 features, train duration, 0.002
SRBCT.arff,model k - nearest with 100 features, test duration, 0.002
SRBCT.arff,model RandomForest with 100 features, train duration, 0.112
SRBCT.arff,model RandomForest with 100 features, test duration, 0.010
SRBCT.arff,model LogisticsRegression with 100 features, train duration, 0.018
SRBCT.arff,model LogisticsRegression with 100 features, test duration, 0.001
SRBCT.arff,model NB with 100 features, train duration, 0.001
SRBCT.arff,model NB with 100 features, test duration, 0.001
SRBCT.arff,mrmr,selection runtime, 13.257
SRBCT.arff,model SVM with 1 features, train duration, 0.003
SRBCT.arff,model SVM with 1 features, test duration, 0.001
SRBCT.arff,model k - nearest with 1 features, train duration, 0.001
SRBCT.arff,model k - nearest with 1 features, test duration, 0.001
SRBCT.arff,model RandomForest with 1 features, train duration, 0.099
SRBCT.arff,model RandomForest with 1 features, test duration, 0.009
SRBCT.arff,model LogisticsRegression with 1 features, train duration, 0.004
SRBCT.arff,model LogisticsRegression with 1 features, test duration, 0.001
SRBCT.arff,model NB with 1 features, train duration, 0.001
SRBCT.arff,model NB with 1 features, test duration, 0.001
SRBCT.arff,model SVM with 2 features, train duration, 0.003
SRBCT.arff,model SVM with 2 features, test duration, 0.001
SRBCT.arff,model k - nearest with 2 features, train duration, 0.001
SRBCT.arff,model k - nearest with 2 features, test duration, 0.001
SRBCT.arff,model RandomForest with 2 features, train duration, 0.099
SRBCT.arff,model RandomForest with 2 features, test duration, 0.009
SRBCT.arff,model LogisticsRegression with 2 features, train duration, 0.004
SRBCT.arff,model LogisticsRegression with 2 features, test duration, 0.001
SRBCT.arff,model NB with 2 features, train duration, 0.001
SRBCT.arff,model NB with 2 features, test duration, 0.001
SRBCT.arff,model SVM with 3 features, train duration, 0.002
SRBCT.arff,model SVM with 3 features, test duration, 0.001
SRBCT.arff,model k - nearest with 3 features, train duration, 0.001
SRBCT.arff,model k - nearest with 3 features, test duration, 0.001
SRBCT.arff,model RandomForest with 3 features, train duration, 0.100
SRBCT.arff,model RandomForest with 3 features, test duration, 0.009
SRBCT.arff,model LogisticsRegression with 3 features, train duration, 0.004
SRBCT.arff,model LogisticsRegression with 3 features, test duration, 0.001
SRBCT.arff,model NB with 3 features, train duration, 0.001
SRBCT.arff,model NB with 3 features, test duration, 0.001
SRBCT.arff,model SVM with 4 features, train duration, 0.002
SRBCT.arff,model SVM with 4 features, test duration, 0.001
SRBCT.arff,model k - nearest with 4 features, train duration, 0.001
SRBCT.arff,model k - nearest with 4 features, test duration, 0.001
SRBCT.arff,model RandomForest with 4 features, train duration, 0.102
SRBCT.arff,model RandomForest with 4 features, test duration, 0.009
SRBCT.arff,model LogisticsRegression with 4 features, train duration, 0.006
SRBCT.arff,model LogisticsRegression with 4 features, test duration, 0.001
SRBCT.arff,model NB with 4 features, train duration, 0.001
SRBCT.arff,model NB with 4 features, test duration, 0.001
SRBCT.arff,model SVM with 5 features, train duration, 0.003
SRBCT.arff,model SVM with 5 features, test duration, 0.001
SRBCT.arff,model k - nearest with 5 features, train duration, 0.001
SRBCT.arff,model k - nearest with 5 features, test duration, 0.001
SRBCT.arff,model RandomForest with 5 features, train duration, 0.092
SRBCT.arff,model RandomForest with 5 features, test duration, 0.010
SRBCT.arff,model LogisticsRegression with 5 features, train duration, 0.006
SRBCT.arff,model LogisticsRegression with 5 features, test duration, 0.001
SRBCT.arff,model NB with 5 features, train duration, 0.001
SRBCT.arff,model NB with 5 features, test duration, 0.001
SRBCT.arff,model SVM with 10 features, train duration, 0.003
SRBCT.arff,model SVM with 10 features, test duration, 0.001
SRBCT.arff,model k - nearest with 10 features, train duration, 0.001
SRBCT.arff,model k - nearest with 10 features, test duration, 0.001
SRBCT.arff,model RandomForest with 10 features, train duration, 0.106
SRBCT.arff,model RandomForest with 10 features, test duration, 0.009
SRBCT.arff,model LogisticsRegression with 10 features, train duration, 0.008
SRBCT.arff,model LogisticsRegression with 10 features, test duration, 0.001
SRBCT.arff,model NB with 10 features, train duration, 0.001
SRBCT.arff,model NB with 10 features, test duration, 0.001
SRBCT.arff,model SVM with 15 features, train duration, 0.003
SRBCT.arff,model SVM with 15 features, test duration, 0.001
SRBCT.arff,model k - nearest with 15 features, train duration, 0.001
SRBCT.arff,model k - nearest with 15 features, test duration, 0.001
SRBCT.arff,model RandomForest with 15 features, train duration, 0.128
SRBCT.arff,model RandomForest with 15 features, test duration, 0.011
SRBCT.arff,model LogisticsRegression with 15 features, train duration, 0.013
SRBCT.arff,model LogisticsRegression with 15 features, test duration, 0.001
SRBCT.arff,model NB with 15 features, train duration, 0.001
SRBCT.arff,model NB with 15 features, test duration, 0.001
SRBCT.arff,model SVM with 20 features, train duration, 0.003
SRBCT.arff,model SVM with 20 features, test duration, 0.001
SRBCT.arff,model k - nearest with 20 features, train duration, 0.001
SRBCT.arff,model k - nearest with 20 features, test duration, 0.001
SRBCT.arff,model RandomForest with 20 features, train duration, 0.102
SRBCT.arff,model RandomForest with 20 features, test duration, 0.009
SRBCT.arff,model LogisticsRegression with 20 features, train duration, 0.009
SRBCT.arff,model LogisticsRegression with 20 features, test duration, 0.001
SRBCT.arff,model NB with 20 features, train duration, 0.001
SRBCT.arff,model NB with 20 features, test duration, 0.001
SRBCT.arff,model SVM with 25 features, train duration, 0.003
SRBCT.arff,model SVM with 25 features, test duration, 0.001
SRBCT.arff,model k - nearest with 25 features, train duration, 0.002
SRBCT.arff,model k - nearest with 25 features, test duration, 0.001
SRBCT.arff,model RandomForest with 25 features, train duration, 0.103
SRBCT.arff,model RandomForest with 25 features, test duration, 0.009
SRBCT.arff,model LogisticsRegression with 25 features, train duration, 0.012
SRBCT.arff,model LogisticsRegression with 25 features, test duration, 0.001
SRBCT.arff,model NB with 25 features, train duration, 0.002
SRBCT.arff,model NB with 25 features, test duration, 0.001
SRBCT.arff,model SVM with 30 features, train duration, 0.004
SRBCT.arff,model SVM with 30 features, test duration, 0.001
SRBCT.arff,model k - nearest with 30 features, train duration, 0.001
SRBCT.arff,model k - nearest with 30 features, test duration, 0.001
SRBCT.arff,model RandomForest with 30 features, train duration, 0.099
SRBCT.arff,model RandomForest with 30 features, test duration, 0.008
SRBCT.arff,model LogisticsRegression with 30 features, train duration, 0.012
SRBCT.arff,model LogisticsRegression with 30 features, test duration, 0.001
SRBCT.arff,model NB with 30 features, train duration, 0.002
SRBCT.arff,model NB with 30 features, test duration, 0.001
SRBCT.arff,model SVM with 50 features, train duration, 0.003
SRBCT.arff,model SVM with 50 features, test duration, 0.001
SRBCT.arff,model k - nearest with 50 features, train duration, 0.001
SRBCT.arff,model k - nearest with 50 features, test duration, 0.001
SRBCT.arff,model RandomForest with 50 features, train duration, 0.100
SRBCT.arff,model RandomForest with 50 features, test duration, 0.008
SRBCT.arff,model LogisticsRegression with 50 features, train duration, 0.015
SRBCT.arff,model LogisticsRegression with 50 features, test duration, 0.001
SRBCT.arff,model NB with 50 features, train duration, 0.001
SRBCT.arff,model NB with 50 features, test duration, 0.001
SRBCT.arff,model SVM with 100 features, train duration, 0.003
SRBCT.arff,model SVM with 100 features, test duration, 0.001
SRBCT.arff,model k - nearest with 100 features, train duration, 0.002
SRBCT.arff,model k - nearest with 100 features, test duration, 0.002
SRBCT.arff,model RandomForest with 100 features, train duration, 0.112
SRBCT.arff,model RandomForest with 100 features, test duration, 0.010
SRBCT.arff,model LogisticsRegression with 100 features, train duration, 0.012
SRBCT.arff,model LogisticsRegression with 100 features, test duration, 0.001
SRBCT.arff,model NB with 100 features, train duration, 0.002
SRBCT.arff,model NB with 100 features, test duration, 0.001
SRBCT.arff,MMCC,selection runtime, 111.317
SRBCT.arff,model SVM with 1 features, train duration, 0.002
SRBCT.arff,model SVM with 1 features, test duration, 0.001
SRBCT.arff,model k - nearest with 1 features, train duration, 0.001
SRBCT.arff,model k - nearest with 1 features, test duration, 0.001
SRBCT.arff,model RandomForest with 1 features, train duration, 0.103
SRBCT.arff,model RandomForest with 1 features, test duration, 0.009
SRBCT.arff,model LogisticsRegression with 1 features, train duration, 0.004
SRBCT.arff,model LogisticsRegression with 1 features, test duration, 0.001
SRBCT.arff,model NB with 1 features, train duration, 0.001
SRBCT.arff,model NB with 1 features, test duration, 0.001
SRBCT.arff,model SVM with 2 features, train duration, 0.002
SRBCT.arff,model SVM with 2 features, test duration, 0.001
SRBCT.arff,model k - nearest with 2 features, train duration, 0.001
SRBCT.arff,model k - nearest with 2 features, test duration, 0.001
SRBCT.arff,model RandomForest with 2 features, train duration, 0.107
SRBCT.arff,model RandomForest with 2 features, test duration, 0.010
SRBCT.arff,model LogisticsRegression with 2 features, train duration, 0.004
SRBCT.arff,model LogisticsRegression with 2 features, test duration, 0.001
SRBCT.arff,model NB with 2 features, train duration, 0.001
SRBCT.arff,model NB with 2 features, test duration, 0.001
SRBCT.arff,model SVM with 3 features, train duration, 0.002
SRBCT.arff,model SVM with 3 features, test duration, 0.001
SRBCT.arff,model k - nearest with 3 features, train duration, 0.001
SRBCT.arff,model k - nearest with 3 features, test duration, 0.001
SRBCT.arff,model RandomForest with 3 features, train duration, 0.105
SRBCT.arff,model RandomForest with 3 features, test duration, 0.010
SRBCT.arff,model LogisticsRegression with 3 features, train duration, 0.005
SRBCT.arff,model LogisticsRegression with 3 features, test duration, 0.001
SRBCT.arff,model NB with 3 features, train duration, 0.001
SRBCT.arff,model NB with 3 features, test duration, 0.001
SRBCT.arff,model SVM with 4 features, train duration, 0.003
SRBCT.arff,model SVM with 4 features, test duration, 0.001
SRBCT.arff,model k - nearest with 4 features, train duration, 0.001
SRBCT.arff,model k - nearest with 4 features, test duration, 0.001
SRBCT.arff,model RandomForest with 4 features, train duration, 0.124
SRBCT.arff,model RandomForest with 4 features, test duration, 0.011
SRBCT.arff,model LogisticsRegression with 4 features, train duration, 0.007
SRBCT.arff,model LogisticsRegression with 4 features, test duration, 0.001
SRBCT.arff,model NB with 4 features, train duration, 0.002
SRBCT.arff,model NB with 4 features, test duration, 0.001
SRBCT.arff,model SVM with 5 features, train duration, 0.004
SRBCT.arff,model SVM with 5 features, test duration, 0.001
SRBCT.arff,model k - nearest with 5 features, train duration, 0.001
SRBCT.arff,model k - nearest with 5 features, test duration, 0.001
SRBCT.arff,model RandomForest with 5 features, train duration, 0.106
SRBCT.arff,model RandomForest with 5 features, test duration, 0.010
SRBCT.arff,model LogisticsRegression with 5 features, train duration, 0.008
SRBCT.arff,model LogisticsRegression with 5 features, test duration, 0.001
SRBCT.arff,model NB with 5 features, train duration, 0.001
SRBCT.arff,model NB with 5 features, test duration, 0.001
SRBCT.arff,model SVM with 10 features, train duration, 0.008
SRBCT.arff,model SVM with 10 features, test duration, 0.001
SRBCT.arff,model k - nearest with 10 features, train duration, 0.001
SRBCT.arff,model k - nearest with 10 features, test duration, 0.001
SRBCT.arff,model RandomForest with 10 features, train duration, 0.088
SRBCT.arff,model RandomForest with 10 features, test duration, 0.008
SRBCT.arff,model LogisticsRegression with 10 features, train duration, 0.013
SRBCT.arff,model LogisticsRegression with 10 features, test duration, 0.001
SRBCT.arff,model NB with 10 features, train duration, 0.001
SRBCT.arff,model NB with 10 features, test duration, 0.001
SRBCT.arff,model SVM with 15 features, train duration, 0.007
SRBCT.arff,model SVM with 15 features, test duration, 0.001
SRBCT.arff,model k - nearest with 15 features, train duration, 0.001
SRBCT.arff,model k - nearest with 15 features, test duration, 0.001
SRBCT.arff,model RandomForest with 15 features, train duration, 0.119
SRBCT.arff,model RandomForest with 15 features, test duration, 0.012
SRBCT.arff,model LogisticsRegression with 15 features, train duration, 0.016
SRBCT.arff,model LogisticsRegression with 15 features, test duration, 0.001
SRBCT.arff,model NB with 15 features, train duration, 0.001
SRBCT.arff,model NB with 15 features, test duration, 0.001
SRBCT.arff,model SVM with 20 features, train duration, 0.007
SRBCT.arff,model SVM with 20 features, test duration, 0.001
SRBCT.arff,model k - nearest with 20 features, train duration, 0.001
SRBCT.arff,model k - nearest with 20 features, test duration, 0.001
SRBCT.arff,model RandomForest with 20 features, train duration, 0.104
SRBCT.arff,model RandomForest with 20 features, test duration, 0.009
SRBCT.arff,model LogisticsRegression with 20 features, train duration, 0.015
SRBCT.arff,model LogisticsRegression with 20 features, test duration, 0.001
SRBCT.arff,model NB with 20 features, train duration, 0.001
SRBCT.arff,model NB with 20 features, test duration, 0.001
SRBCT.arff,model SVM with 25 features, train duration, 0.007
SRBCT.arff,model SVM with 25 features, test duration, 0.001
SRBCT.arff,model k - nearest with 25 features, train duration, 0.001
SRBCT.arff,model k - nearest with 25 features, test duration, 0.001
SRBCT.arff,model RandomForest with 25 features, train duration, 0.092
SRBCT.arff,model RandomForest with 25 features, test duration, 0.008
SRBCT.arff,model LogisticsRegression with 25 features, train duration, 0.015
SRBCT.arff,model LogisticsRegression with 25 features, test duration, 0.001
SRBCT.arff,model NB with 25 features, train duration, 0.001
SRBCT.arff,model NB with 25 features, test duration, 0.001
SRBCT.arff,model SVM with 30 features, train duration, 0.007
SRBCT.arff,model SVM with 30 features, test duration, 0.001
SRBCT.arff,model k - nearest with 30 features, train duration, 0.001
SRBCT.arff,model k - nearest with 30 features, test duration, 0.001
SRBCT.arff,model RandomForest with 30 features, train duration, 0.107
SRBCT.arff,model RandomForest with 30 features, test duration, 0.011
SRBCT.arff,model LogisticsRegression with 30 features, train duration, 0.016
SRBCT.arff,model LogisticsRegression with 30 features, test duration, 0.001
SRBCT.arff,model NB with 30 features, train duration, 0.002
SRBCT.arff,model NB with 30 features, test duration, 0.001
SRBCT.arff,model SVM with 50 features, train duration, 0.012
SRBCT.arff,model SVM with 50 features, test duration, 0.001
SRBCT.arff,model k - nearest with 50 features, train duration, 0.001
SRBCT.arff,model k - nearest with 50 features, test duration, 0.001
SRBCT.arff,model RandomForest with 50 features, train duration, 0.108
SRBCT.arff,model RandomForest with 50 features, test duration, 0.009
SRBCT.arff,model LogisticsRegression with 50 features, train duration, 0.018
SRBCT.arff,model LogisticsRegression with 50 features, test duration, 0.001
SRBCT.arff,model NB with 50 features, train duration, 0.002
SRBCT.arff,model NB with 50 features, test duration, 0.001
SRBCT.arff,model SVM with 100 features, train duration, 0.015
SRBCT.arff,model SVM with 100 features, test duration, 0.001
SRBCT.arff,model k - nearest with 100 features, train duration, 0.002
SRBCT.arff,model k - nearest with 100 features, test duration, 0.002
SRBCT.arff,model RandomForest with 100 features, train duration, 0.113
SRBCT.arff,model RandomForest with 100 features, test duration, 0.010
SRBCT.arff,model LogisticsRegression with 100 features, train duration, 0.020
SRBCT.arff,model LogisticsRegression with 100 features, test duration, 0.001
SRBCT.arff,model NB with 100 features, train duration, 0.002
SRBCT.arff,model NB with 100 features, test duration, 0.002
