leukemiasEset.csv,reliefF,selection runtime, 0.022
leukemiasEset.csv,model SVM with 1 features, train duration, 0.007
leukemiasEset.csv,model SVM with 1 features, test duration, 0.001
leukemiasEset.csv,model k - nearest with 1 features, train duration, 0.001
leukemiasEset.csv,model k - nearest with 1 features, test duration, 0.001
leukemiasEset.csv,model RandomForest with 1 features, train duration, 0.100
leukemiasEset.csv,model RandomForest with 1 features, test duration, 0.011
leukemiasEset.csv,model LogisticsRegression with 1 features, train duration, 0.012
leukemiasEset.csv,model LogisticsRegression with 1 features, test duration, 0.001
leukemiasEset.csv,model NB with 1 features, train duration, 0.001
leukemiasEset.csv,model NB with 1 features, test duration, 0.001
leukemiasEset.csv,model SVM with 2 features, train duration, 0.006
leukemiasEset.csv,model SVM with 2 features, test duration, 0.001
leukemiasEset.csv,model k - nearest with 2 features, train duration, 0.001
leukemiasEset.csv,model k - nearest with 2 features, test duration, 0.001
leukemiasEset.csv,model RandomForest with 2 features, train duration, 0.096
leukemiasEset.csv,model RandomForest with 2 features, test duration, 0.008
leukemiasEset.csv,model LogisticsRegression with 2 features, train duration, 0.012
leukemiasEset.csv,model LogisticsRegression with 2 features, test duration, 0.001
leukemiasEset.csv,model NB with 2 features, train duration, 0.002
leukemiasEset.csv,model NB with 2 features, test duration, 0.001
leukemiasEset.csv,model SVM with 3 features, train duration, 0.005
leukemiasEset.csv,model SVM with 3 features, test duration, 0.001
leukemiasEset.csv,model k - nearest with 3 features, train duration, 0.001
leukemiasEset.csv,model k - nearest with 3 features, test duration, 0.001
leukemiasEset.csv,model RandomForest with 3 features, train duration, 0.089
leukemiasEset.csv,model RandomForest with 3 features, test duration, 0.008
leukemiasEset.csv,model LogisticsRegression with 3 features, train duration, 0.015
leukemiasEset.csv,model LogisticsRegression with 3 features, test duration, 0.001
leukemiasEset.csv,model NB with 3 features, train duration, 0.001
leukemiasEset.csv,model NB with 3 features, test duration, 0.001
leukemiasEset.csv,model SVM with 4 features, train duration, 0.005
leukemiasEset.csv,model SVM with 4 features, test duration, 0.001
leukemiasEset.csv,model k - nearest with 4 features, train duration, 0.001
leukemiasEset.csv,model k - nearest with 4 features, test duration, 0.001
leukemiasEset.csv,model RandomForest with 4 features, train duration, 0.100
leukemiasEset.csv,model RandomForest with 4 features, test duration, 0.009
leukemiasEset.csv,model LogisticsRegression with 4 features, train duration, 0.014
leukemiasEset.csv,model LogisticsRegression with 4 features, test duration, 0.001
leukemiasEset.csv,model NB with 4 features, train duration, 0.001
leukemiasEset.csv,model NB with 4 features, test duration, 0.001
leukemiasEset.csv,model SVM with 5 features, train duration, 0.007
leukemiasEset.csv,model SVM with 5 features, test duration, 0.001
leukemiasEset.csv,model k - nearest with 5 features, train duration, 0.001
leukemiasEset.csv,model k - nearest with 5 features, test duration, 0.001
leukemiasEset.csv,model RandomForest with 5 features, train duration, 0.094
leukemiasEset.csv,model RandomForest with 5 features, test duration, 0.009
leukemiasEset.csv,model LogisticsRegression with 5 features, train duration, 0.013
leukemiasEset.csv,model LogisticsRegression with 5 features, test duration, 0.001
leukemiasEset.csv,model NB with 5 features, train duration, 0.001
leukemiasEset.csv,model NB with 5 features, test duration, 0.001
leukemiasEset.csv,model SVM with 10 features, train duration, 0.006
leukemiasEset.csv,model SVM with 10 features, test duration, 0.001
leukemiasEset.csv,model k - nearest with 10 features, train duration, 0.001
leukemiasEset.csv,model k - nearest with 10 features, test duration, 0.001
leukemiasEset.csv,model RandomForest with 10 features, train duration, 0.099
leukemiasEset.csv,model RandomForest with 10 features, test duration, 0.009
leukemiasEset.csv,model LogisticsRegression with 10 features, train duration, 0.016
leukemiasEset.csv,model LogisticsRegression with 10 features, test duration, 0.001
leukemiasEset.csv,model NB with 10 features, train duration, 0.001
leukemiasEset.csv,model NB with 10 features, test duration, 0.001
leukemiasEset.csv,model SVM with 15 features, train duration, 0.006
leukemiasEset.csv,model SVM with 15 features, test duration, 0.001
leukemiasEset.csv,model k - nearest with 15 features, train duration, 0.001
leukemiasEset.csv,model k - nearest with 15 features, test duration, 0.001
leukemiasEset.csv,model RandomForest with 15 features, train duration, 0.115
leukemiasEset.csv,model RandomForest with 15 features, test duration, 0.009
leukemiasEset.csv,model LogisticsRegression with 15 features, train duration, 0.019
leukemiasEset.csv,model LogisticsRegression with 15 features, test duration, 0.001
leukemiasEset.csv,model NB with 15 features, train duration, 0.001
leukemiasEset.csv,model NB with 15 features, test duration, 0.001
leukemiasEset.csv,model SVM with 20 features, train duration, 0.005
leukemiasEset.csv,model SVM with 20 features, test duration, 0.001
leukemiasEset.csv,model k - nearest with 20 features, train duration, 0.001
leukemiasEset.csv,model k - nearest with 20 features, test duration, 0.001
leukemiasEset.csv,model RandomForest with 20 features, train duration, 0.131
leukemiasEset.csv,model RandomForest with 20 features, test duration, 0.011
leukemiasEset.csv,model LogisticsRegression with 20 features, train duration, 0.018
leukemiasEset.csv,model LogisticsRegression with 20 features, test duration, 0.001
leukemiasEset.csv,model NB with 20 features, train duration, 0.001
leukemiasEset.csv,model NB with 20 features, test duration, 0.001
leukemiasEset.csv,model SVM with 25 features, train duration, 0.009
leukemiasEset.csv,model SVM with 25 features, test duration, 0.002
leukemiasEset.csv,model k - nearest with 25 features, train duration, 0.001
leukemiasEset.csv,model k - nearest with 25 features, test duration, 0.001
leukemiasEset.csv,model RandomForest with 25 features, train duration, 0.176
leukemiasEset.csv,model RandomForest with 25 features, test duration, 0.015
leukemiasEset.csv,model LogisticsRegression with 25 features, train duration, 0.016
leukemiasEset.csv,model LogisticsRegression with 25 features, test duration, 0.001
leukemiasEset.csv,model NB with 25 features, train duration, 0.002
leukemiasEset.csv,model NB with 25 features, test duration, 0.001
leukemiasEset.csv,model SVM with 30 features, train duration, 0.007
leukemiasEset.csv,model SVM with 30 features, test duration, 0.001
leukemiasEset.csv,model k - nearest with 30 features, train duration, 0.001
leukemiasEset.csv,model k - nearest with 30 features, test duration, 0.001
leukemiasEset.csv,model RandomForest with 30 features, train duration, 0.102
leukemiasEset.csv,model RandomForest with 30 features, test duration, 0.009
leukemiasEset.csv,model LogisticsRegression with 30 features, train duration, 0.020
leukemiasEset.csv,model LogisticsRegression with 30 features, test duration, 0.001
leukemiasEset.csv,model NB with 30 features, train duration, 0.002
leukemiasEset.csv,model NB with 30 features, test duration, 0.001
leukemiasEset.csv,model SVM with 50 features, train duration, 0.011
leukemiasEset.csv,model SVM with 50 features, test duration, 0.001
leukemiasEset.csv,model k - nearest with 50 features, train duration, 0.002
leukemiasEset.csv,model k - nearest with 50 features, test duration, 0.001
leukemiasEset.csv,model RandomForest with 50 features, train duration, 0.102
leukemiasEset.csv,model RandomForest with 50 features, test duration, 0.009
leukemiasEset.csv,model LogisticsRegression with 50 features, train duration, 0.017
leukemiasEset.csv,model LogisticsRegression with 50 features, test duration, 0.001
leukemiasEset.csv,model NB with 50 features, train duration, 0.002
leukemiasEset.csv,model NB with 50 features, test duration, 0.001
leukemiasEset.csv,model SVM with 100 features, train duration, 0.021
leukemiasEset.csv,model SVM with 100 features, test duration, 0.001
leukemiasEset.csv,model k - nearest with 100 features, train duration, 0.002
leukemiasEset.csv,model k - nearest with 100 features, test duration, 0.001
leukemiasEset.csv,model RandomForest with 100 features, train duration, 0.140
leukemiasEset.csv,model RandomForest with 100 features, test duration, 0.013
leukemiasEset.csv,model LogisticsRegression with 100 features, train duration, 0.023
leukemiasEset.csv,model LogisticsRegression with 100 features, test duration, 0.002
leukemiasEset.csv,model NB with 100 features, train duration, 0.003
leukemiasEset.csv,model NB with 100 features, test duration, 0.002
leukemiasEset.csv,rfe,selection runtime, 0.978
leukemiasEset.csv,model SVM with 1 features, train duration, 0.009
leukemiasEset.csv,model SVM with 1 features, test duration, 0.001
leukemiasEset.csv,model k - nearest with 1 features, train duration, 0.001
leukemiasEset.csv,model k - nearest with 1 features, test duration, 0.001
leukemiasEset.csv,model RandomForest with 1 features, train duration, 0.108
leukemiasEset.csv,model RandomForest with 1 features, test duration, 0.010
leukemiasEset.csv,model LogisticsRegression with 1 features, train duration, 0.015
leukemiasEset.csv,model LogisticsRegression with 1 features, test duration, 0.001
leukemiasEset.csv,model NB with 1 features, train duration, 0.001
leukemiasEset.csv,model NB with 1 features, test duration, 0.001
leukemiasEset.csv,model SVM with 2 features, train duration, 0.009
leukemiasEset.csv,model SVM with 2 features, test duration, 0.001
leukemiasEset.csv,model k - nearest with 2 features, train duration, 0.001
leukemiasEset.csv,model k - nearest with 2 features, test duration, 0.001
leukemiasEset.csv,model RandomForest with 2 features, train duration, 0.107
leukemiasEset.csv,model RandomForest with 2 features, test duration, 0.010
leukemiasEset.csv,model LogisticsRegression with 2 features, train duration, 0.017
leukemiasEset.csv,model LogisticsRegression with 2 features, test duration, 0.001
leukemiasEset.csv,model NB with 2 features, train duration, 0.001
leukemiasEset.csv,model NB with 2 features, test duration, 0.001
leukemiasEset.csv,model SVM with 3 features, train duration, 0.008
leukemiasEset.csv,model SVM with 3 features, test duration, 0.001
leukemiasEset.csv,model k - nearest with 3 features, train duration, 0.001
leukemiasEset.csv,model k - nearest with 3 features, test duration, 0.001
leukemiasEset.csv,model RandomForest with 3 features, train duration, 0.100
leukemiasEset.csv,model RandomForest with 3 features, test duration, 0.009
leukemiasEset.csv,model LogisticsRegression with 3 features, train duration, 0.018
leukemiasEset.csv,model LogisticsRegression with 3 features, test duration, 0.001
leukemiasEset.csv,model NB with 3 features, train duration, 0.002
leukemiasEset.csv,model NB with 3 features, test duration, 0.001
leukemiasEset.csv,model SVM with 4 features, train duration, 0.006
leukemiasEset.csv,model SVM with 4 features, test duration, 0.001
leukemiasEset.csv,model k - nearest with 4 features, train duration, 0.001
leukemiasEset.csv,model k - nearest with 4 features, test duration, 0.001
leukemiasEset.csv,model RandomForest with 4 features, train duration, 0.100
leukemiasEset.csv,model RandomForest with 4 features, test duration, 0.009
leukemiasEset.csv,model LogisticsRegression with 4 features, train duration, 0.015
leukemiasEset.csv,model LogisticsRegression with 4 features, test duration, 0.001
leukemiasEset.csv,model NB with 4 features, train duration, 0.001
leukemiasEset.csv,model NB with 4 features, test duration, 0.001
leukemiasEset.csv,model SVM with 5 features, train duration, 0.006
leukemiasEset.csv,model SVM with 5 features, test duration, 0.001
leukemiasEset.csv,model k - nearest with 5 features, train duration, 0.001
leukemiasEset.csv,model k - nearest with 5 features, test duration, 0.001
leukemiasEset.csv,model RandomForest with 5 features, train duration, 0.129
leukemiasEset.csv,model RandomForest with 5 features, test duration, 0.009
leukemiasEset.csv,model LogisticsRegression with 5 features, train duration, 0.015
leukemiasEset.csv,model LogisticsRegression with 5 features, test duration, 0.001
leukemiasEset.csv,model NB with 5 features, train duration, 0.001
leukemiasEset.csv,model NB with 5 features, test duration, 0.001
leukemiasEset.csv,model SVM with 10 features, train duration, 0.005
leukemiasEset.csv,model SVM with 10 features, test duration, 0.001
leukemiasEset.csv,model k - nearest with 10 features, train duration, 0.001
leukemiasEset.csv,model k - nearest with 10 features, test duration, 0.001
leukemiasEset.csv,model RandomForest with 10 features, train duration, 0.101
leukemiasEset.csv,model RandomForest with 10 features, test duration, 0.009
leukemiasEset.csv,model LogisticsRegression with 10 features, train duration, 0.016
leukemiasEset.csv,model LogisticsRegression with 10 features, test duration, 0.001
leukemiasEset.csv,model NB with 10 features, train duration, 0.001
leukemiasEset.csv,model NB with 10 features, test duration, 0.001
leukemiasEset.csv,model SVM with 15 features, train duration, 0.005
leukemiasEset.csv,model SVM with 15 features, test duration, 0.001
leukemiasEset.csv,model k - nearest with 15 features, train duration, 0.001
leukemiasEset.csv,model k - nearest with 15 features, test duration, 0.001
leukemiasEset.csv,model RandomForest with 15 features, train duration, 0.104
leukemiasEset.csv,model RandomForest with 15 features, test duration, 0.009
leukemiasEset.csv,model LogisticsRegression with 15 features, train duration, 0.016
leukemiasEset.csv,model LogisticsRegression with 15 features, test duration, 0.001
leukemiasEset.csv,model NB with 15 features, train duration, 0.001
leukemiasEset.csv,model NB with 15 features, test duration, 0.001
leukemiasEset.csv,model SVM with 20 features, train duration, 0.006
leukemiasEset.csv,model SVM with 20 features, test duration, 0.001
leukemiasEset.csv,model k - nearest with 20 features, train duration, 0.001
leukemiasEset.csv,model k - nearest with 20 features, test duration, 0.001
leukemiasEset.csv,model RandomForest with 20 features, train duration, 0.100
leukemiasEset.csv,model RandomForest with 20 features, test duration, 0.009
leukemiasEset.csv,model LogisticsRegression with 20 features, train duration, 0.015
leukemiasEset.csv,model LogisticsRegression with 20 features, test duration, 0.001
leukemiasEset.csv,model NB with 20 features, train duration, 0.001
leukemiasEset.csv,model NB with 20 features, test duration, 0.001
leukemiasEset.csv,model SVM with 25 features, train duration, 0.006
leukemiasEset.csv,model SVM with 25 features, test duration, 0.001
leukemiasEset.csv,model k - nearest with 25 features, train duration, 0.001
leukemiasEset.csv,model k - nearest with 25 features, test duration, 0.001
leukemiasEset.csv,model RandomForest with 25 features, train duration, 0.099
leukemiasEset.csv,model RandomForest with 25 features, test duration, 0.008
leukemiasEset.csv,model LogisticsRegression with 25 features, train duration, 0.017
leukemiasEset.csv,model LogisticsRegression with 25 features, test duration, 0.001
leukemiasEset.csv,model NB with 25 features, train duration, 0.001
leukemiasEset.csv,model NB with 25 features, test duration, 0.001
leukemiasEset.csv,model SVM with 30 features, train duration, 0.007
leukemiasEset.csv,model SVM with 30 features, test duration, 0.001
leukemiasEset.csv,model k - nearest with 30 features, train duration, 0.001
leukemiasEset.csv,model k - nearest with 30 features, test duration, 0.001
leukemiasEset.csv,model RandomForest with 30 features, train duration, 0.121
leukemiasEset.csv,model RandomForest with 30 features, test duration, 0.010
leukemiasEset.csv,model LogisticsRegression with 30 features, train duration, 0.020
leukemiasEset.csv,model LogisticsRegression with 30 features, test duration, 0.001
leukemiasEset.csv,model NB with 30 features, train duration, 0.002
leukemiasEset.csv,model NB with 30 features, test duration, 0.001
leukemiasEset.csv,model SVM with 50 features, train duration, 0.010
leukemiasEset.csv,model SVM with 50 features, test duration, 0.001
leukemiasEset.csv,model k - nearest with 50 features, train duration, 0.001
leukemiasEset.csv,model k - nearest with 50 features, test duration, 0.001
leukemiasEset.csv,model RandomForest with 50 features, train duration, 0.104
leukemiasEset.csv,model RandomForest with 50 features, test duration, 0.010
leukemiasEset.csv,model LogisticsRegression with 50 features, train duration, 0.021
leukemiasEset.csv,model LogisticsRegression with 50 features, test duration, 0.001
leukemiasEset.csv,model NB with 50 features, train duration, 0.002
leukemiasEset.csv,model NB with 50 features, test duration, 0.002
leukemiasEset.csv,model SVM with 100 features, train duration, 0.020
leukemiasEset.csv,model SVM with 100 features, test duration, 0.001
leukemiasEset.csv,model k - nearest with 100 features, train duration, 0.002
leukemiasEset.csv,model k - nearest with 100 features, test duration, 0.001
leukemiasEset.csv,model RandomForest with 100 features, train duration, 0.107
leukemiasEset.csv,model RandomForest with 100 features, test duration, 0.010
leukemiasEset.csv,model LogisticsRegression with 100 features, train duration, 0.021
leukemiasEset.csv,model LogisticsRegression with 100 features, test duration, 0.001
leukemiasEset.csv,model NB with 100 features, train duration, 0.002
leukemiasEset.csv,model NB with 100 features, test duration, 0.002
leukemiasEset.csv,Fdr_f_classif,selection runtime, 0.007
leukemiasEset.csv,model SVM with 1 features, train duration, 0.008
leukemiasEset.csv,model SVM with 1 features, test duration, 0.001
leukemiasEset.csv,model k - nearest with 1 features, train duration, 0.001
leukemiasEset.csv,model k - nearest with 1 features, test duration, 0.001
leukemiasEset.csv,model RandomForest with 1 features, train duration, 0.098
leukemiasEset.csv,model RandomForest with 1 features, test duration, 0.009
leukemiasEset.csv,model LogisticsRegression with 1 features, train duration, 0.013
leukemiasEset.csv,model LogisticsRegression with 1 features, test duration, 0.001
leukemiasEset.csv,model NB with 1 features, train duration, 0.001
leukemiasEset.csv,model NB with 1 features, test duration, 0.001
leukemiasEset.csv,model SVM with 2 features, train duration, 0.007
leukemiasEset.csv,model SVM with 2 features, test duration, 0.001
leukemiasEset.csv,model k - nearest with 2 features, train duration, 0.001
leukemiasEset.csv,model k - nearest with 2 features, test duration, 0.001
leukemiasEset.csv,model RandomForest with 2 features, train duration, 0.100
leukemiasEset.csv,model RandomForest with 2 features, test duration, 0.009
leukemiasEset.csv,model LogisticsRegression with 2 features, train duration, 0.015
leukemiasEset.csv,model LogisticsRegression with 2 features, test duration, 0.001
leukemiasEset.csv,model NB with 2 features, train duration, 0.001
leukemiasEset.csv,model NB with 2 features, test duration, 0.001
leukemiasEset.csv,model SVM with 3 features, train duration, 0.007
leukemiasEset.csv,model SVM with 3 features, test duration, 0.001
leukemiasEset.csv,model k - nearest with 3 features, train duration, 0.001
leukemiasEset.csv,model k - nearest with 3 features, test duration, 0.001
leukemiasEset.csv,model RandomForest with 3 features, train duration, 0.096
leukemiasEset.csv,model RandomForest with 3 features, test duration, 0.008
leukemiasEset.csv,model LogisticsRegression with 3 features, train duration, 0.015
leukemiasEset.csv,model LogisticsRegression with 3 features, test duration, 0.001
leukemiasEset.csv,model NB with 3 features, train duration, 0.001
leukemiasEset.csv,model NB with 3 features, test duration, 0.001
leukemiasEset.csv,model SVM with 4 features, train duration, 0.006
leukemiasEset.csv,model SVM with 4 features, test duration, 0.001
leukemiasEset.csv,model k - nearest with 4 features, train duration, 0.001
leukemiasEset.csv,model k - nearest with 4 features, test duration, 0.001
leukemiasEset.csv,model RandomForest with 4 features, train duration, 0.108
leukemiasEset.csv,model RandomForest with 4 features, test duration, 0.011
leukemiasEset.csv,model LogisticsRegression with 4 features, train duration, 0.014
leukemiasEset.csv,model LogisticsRegression with 4 features, test duration, 0.001
leukemiasEset.csv,model NB with 4 features, train duration, 0.001
leukemiasEset.csv,model NB with 4 features, test duration, 0.001
leukemiasEset.csv,model SVM with 5 features, train duration, 0.006
leukemiasEset.csv,model SVM with 5 features, test duration, 0.001
leukemiasEset.csv,model k - nearest with 5 features, train duration, 0.001
leukemiasEset.csv,model k - nearest with 5 features, test duration, 0.001
leukemiasEset.csv,model RandomForest with 5 features, train duration, 0.110
leukemiasEset.csv,model RandomForest with 5 features, test duration, 0.009
leukemiasEset.csv,model LogisticsRegression with 5 features, train duration, 0.014
leukemiasEset.csv,model LogisticsRegression with 5 features, test duration, 0.001
leukemiasEset.csv,model NB with 5 features, train duration, 0.001
leukemiasEset.csv,model NB with 5 features, test duration, 0.001
leukemiasEset.csv,model SVM with 10 features, train duration, 0.005
leukemiasEset.csv,model SVM with 10 features, test duration, 0.001
leukemiasEset.csv,model k - nearest with 10 features, train duration, 0.001
leukemiasEset.csv,model k - nearest with 10 features, test duration, 0.001
leukemiasEset.csv,model RandomForest with 10 features, train duration, 0.095
leukemiasEset.csv,model RandomForest with 10 features, test duration, 0.008
leukemiasEset.csv,model LogisticsRegression with 10 features, train duration, 0.016
leukemiasEset.csv,model LogisticsRegression with 10 features, test duration, 0.001
leukemiasEset.csv,model NB with 10 features, train duration, 0.001
leukemiasEset.csv,model NB with 10 features, test duration, 0.001
leukemiasEset.csv,model SVM with 15 features, train duration, 0.005
leukemiasEset.csv,model SVM with 15 features, test duration, 0.001
leukemiasEset.csv,model k - nearest with 15 features, train duration, 0.001
leukemiasEset.csv,model k - nearest with 15 features, test duration, 0.001
leukemiasEset.csv,model RandomForest with 15 features, train duration, 0.102
leukemiasEset.csv,model RandomForest with 15 features, test duration, 0.010
leukemiasEset.csv,model LogisticsRegression with 15 features, train duration, 0.019
leukemiasEset.csv,model LogisticsRegression with 15 features, test duration, 0.001
leukemiasEset.csv,model NB with 15 features, train duration, 0.002
leukemiasEset.csv,model NB with 15 features, test duration, 0.001
leukemiasEset.csv,model SVM with 20 features, train duration, 0.007
leukemiasEset.csv,model SVM with 20 features, test duration, 0.001
leukemiasEset.csv,model k - nearest with 20 features, train duration, 0.001
leukemiasEset.csv,model k - nearest with 20 features, test duration, 0.001
leukemiasEset.csv,model RandomForest with 20 features, train duration, 0.102
leukemiasEset.csv,model RandomForest with 20 features, test duration, 0.009
leukemiasEset.csv,model LogisticsRegression with 20 features, train duration, 0.018
leukemiasEset.csv,model LogisticsRegression with 20 features, test duration, 0.001
leukemiasEset.csv,model NB with 20 features, train duration, 0.002
leukemiasEset.csv,model NB with 20 features, test duration, 0.001
leukemiasEset.csv,model SVM with 25 features, train duration, 0.007
leukemiasEset.csv,model SVM with 25 features, test duration, 0.001
leukemiasEset.csv,model k - nearest with 25 features, train duration, 0.001
leukemiasEset.csv,model k - nearest with 25 features, test duration, 0.001
leukemiasEset.csv,model RandomForest with 25 features, train duration, 0.102
leukemiasEset.csv,model RandomForest with 25 features, test duration, 0.010
leukemiasEset.csv,model LogisticsRegression with 25 features, train duration, 0.020
leukemiasEset.csv,model LogisticsRegression with 25 features, test duration, 0.001
leukemiasEset.csv,model NB with 25 features, train duration, 0.002
leukemiasEset.csv,model NB with 25 features, test duration, 0.001
leukemiasEset.csv,model SVM with 30 features, train duration, 0.008
leukemiasEset.csv,model SVM with 30 features, test duration, 0.001
leukemiasEset.csv,model k - nearest with 30 features, train duration, 0.001
leukemiasEset.csv,model k - nearest with 30 features, test duration, 0.001
leukemiasEset.csv,model RandomForest with 30 features, train duration, 0.103
leukemiasEset.csv,model RandomForest with 30 features, test duration, 0.010
leukemiasEset.csv,model LogisticsRegression with 30 features, train duration, 0.021
leukemiasEset.csv,model LogisticsRegression with 30 features, test duration, 0.001
leukemiasEset.csv,model NB with 30 features, train duration, 0.002
leukemiasEset.csv,model NB with 30 features, test duration, 0.001
leukemiasEset.csv,model SVM with 50 features, train duration, 0.011
leukemiasEset.csv,model SVM with 50 features, test duration, 0.001
leukemiasEset.csv,model k - nearest with 50 features, train duration, 0.001
leukemiasEset.csv,model k - nearest with 50 features, test duration, 0.001
leukemiasEset.csv,model RandomForest with 50 features, train duration, 0.104
leukemiasEset.csv,model RandomForest with 50 features, test duration, 0.010
leukemiasEset.csv,model LogisticsRegression with 50 features, train duration, 0.018
leukemiasEset.csv,model LogisticsRegression with 50 features, test duration, 0.001
leukemiasEset.csv,model NB with 50 features, train duration, 0.002
leukemiasEset.csv,model NB with 50 features, test duration, 0.001
leukemiasEset.csv,model SVM with 100 features, train duration, 0.020
leukemiasEset.csv,model SVM with 100 features, test duration, 0.001
leukemiasEset.csv,model k - nearest with 100 features, train duration, 0.002
leukemiasEset.csv,model k - nearest with 100 features, test duration, 0.001
leukemiasEset.csv,model RandomForest with 100 features, train duration, 0.115
leukemiasEset.csv,model RandomForest with 100 features, test duration, 0.014
leukemiasEset.csv,model LogisticsRegression with 100 features, train duration, 0.024
leukemiasEset.csv,model LogisticsRegression with 100 features, test duration, 0.002
leukemiasEset.csv,model NB with 100 features, train duration, 0.002
leukemiasEset.csv,model NB with 100 features, test duration, 0.001
leukemiasEset.csv,mrmr,selection runtime, 12.703
leukemiasEset.csv,model SVM with 1 features, train duration, 0.007
leukemiasEset.csv,model SVM with 1 features, test duration, 0.001
leukemiasEset.csv,model k - nearest with 1 features, train duration, 0.001
leukemiasEset.csv,model k - nearest with 1 features, test duration, 0.001
leukemiasEset.csv,model RandomForest with 1 features, train duration, 0.100
leukemiasEset.csv,model RandomForest with 1 features, test duration, 0.009
leukemiasEset.csv,model LogisticsRegression with 1 features, train duration, 0.006
leukemiasEset.csv,model LogisticsRegression with 1 features, test duration, 0.001
leukemiasEset.csv,model NB with 1 features, train duration, 0.001
leukemiasEset.csv,model NB with 1 features, test duration, 0.001
leukemiasEset.csv,model SVM with 2 features, train duration, 0.007
leukemiasEset.csv,model SVM with 2 features, test duration, 0.001
leukemiasEset.csv,model k - nearest with 2 features, train duration, 0.001
leukemiasEset.csv,model k - nearest with 2 features, test duration, 0.001
leukemiasEset.csv,model RandomForest with 2 features, train duration, 0.098
leukemiasEset.csv,model RandomForest with 2 features, test duration, 0.009
leukemiasEset.csv,model LogisticsRegression with 2 features, train duration, 0.014
leukemiasEset.csv,model LogisticsRegression with 2 features, test duration, 0.001
leukemiasEset.csv,model NB with 2 features, train duration, 0.001
leukemiasEset.csv,model NB with 2 features, test duration, 0.001
leukemiasEset.csv,model SVM with 3 features, train duration, 0.007
leukemiasEset.csv,model SVM with 3 features, test duration, 0.001
leukemiasEset.csv,model k - nearest with 3 features, train duration, 0.001
leukemiasEset.csv,model k - nearest with 3 features, test duration, 0.001
leukemiasEset.csv,model RandomForest with 3 features, train duration, 0.100
leukemiasEset.csv,model RandomForest with 3 features, test duration, 0.009
leukemiasEset.csv,model LogisticsRegression with 3 features, train duration, 0.017
leukemiasEset.csv,model LogisticsRegression with 3 features, test duration, 0.001
leukemiasEset.csv,model NB with 3 features, train duration, 0.001
leukemiasEset.csv,model NB with 3 features, test duration, 0.001
leukemiasEset.csv,model SVM with 4 features, train duration, 0.005
leukemiasEset.csv,model SVM with 4 features, test duration, 0.001
leukemiasEset.csv,model k - nearest with 4 features, train duration, 0.001
leukemiasEset.csv,model k - nearest with 4 features, test duration, 0.001
leukemiasEset.csv,model RandomForest with 4 features, train duration, 0.101
leukemiasEset.csv,model RandomForest with 4 features, test duration, 0.009
leukemiasEset.csv,model LogisticsRegression with 4 features, train duration, 0.015
leukemiasEset.csv,model LogisticsRegression with 4 features, test duration, 0.001
leukemiasEset.csv,model NB with 4 features, train duration, 0.002
leukemiasEset.csv,model NB with 4 features, test duration, 0.001
leukemiasEset.csv,model SVM with 5 features, train duration, 0.005
leukemiasEset.csv,model SVM with 5 features, test duration, 0.001
leukemiasEset.csv,model k - nearest with 5 features, train duration, 0.001
leukemiasEset.csv,model k - nearest with 5 features, test duration, 0.001
leukemiasEset.csv,model RandomForest with 5 features, train duration, 0.099
leukemiasEset.csv,model RandomForest with 5 features, test duration, 0.010
leukemiasEset.csv,model LogisticsRegression with 5 features, train duration, 0.015
leukemiasEset.csv,model LogisticsRegression with 5 features, test duration, 0.001
leukemiasEset.csv,model NB with 5 features, train duration, 0.001
leukemiasEset.csv,model NB with 5 features, test duration, 0.001
leukemiasEset.csv,model SVM with 10 features, train duration, 0.003
leukemiasEset.csv,model SVM with 10 features, test duration, 0.001
leukemiasEset.csv,model k - nearest with 10 features, train duration, 0.001
leukemiasEset.csv,model k - nearest with 10 features, test duration, 0.001
leukemiasEset.csv,model RandomForest with 10 features, train duration, 0.101
leukemiasEset.csv,model RandomForest with 10 features, test duration, 0.009
leukemiasEset.csv,model LogisticsRegression with 10 features, train duration, 0.016
leukemiasEset.csv,model LogisticsRegression with 10 features, test duration, 0.001
leukemiasEset.csv,model NB with 10 features, train duration, 0.002
leukemiasEset.csv,model NB with 10 features, test duration, 0.001
leukemiasEset.csv,model SVM with 15 features, train duration, 0.004
leukemiasEset.csv,model SVM with 15 features, test duration, 0.001
leukemiasEset.csv,model k - nearest with 15 features, train duration, 0.001
leukemiasEset.csv,model k - nearest with 15 features, test duration, 0.001
leukemiasEset.csv,model RandomForest with 15 features, train duration, 0.100
leukemiasEset.csv,model RandomForest with 15 features, test duration, 0.010
leukemiasEset.csv,model LogisticsRegression with 15 features, train duration, 0.018
leukemiasEset.csv,model LogisticsRegression with 15 features, test duration, 0.001
leukemiasEset.csv,model NB with 15 features, train duration, 0.002
leukemiasEset.csv,model NB with 15 features, test duration, 0.001
leukemiasEset.csv,model SVM with 20 features, train duration, 0.005
leukemiasEset.csv,model SVM with 20 features, test duration, 0.001
leukemiasEset.csv,model k - nearest with 20 features, train duration, 0.002
leukemiasEset.csv,model k - nearest with 20 features, test duration, 0.002
leukemiasEset.csv,model RandomForest with 20 features, train duration, 0.102
leukemiasEset.csv,model RandomForest with 20 features, test duration, 0.010
leukemiasEset.csv,model LogisticsRegression with 20 features, train duration, 0.016
leukemiasEset.csv,model LogisticsRegression with 20 features, test duration, 0.001
leukemiasEset.csv,model NB with 20 features, train duration, 0.002
leukemiasEset.csv,model NB with 20 features, test duration, 0.001
leukemiasEset.csv,model SVM with 25 features, train duration, 0.005
leukemiasEset.csv,model SVM with 25 features, test duration, 0.001
leukemiasEset.csv,model k - nearest with 25 features, train duration, 0.001
leukemiasEset.csv,model k - nearest with 25 features, test duration, 0.001
leukemiasEset.csv,model RandomForest with 25 features, train duration, 0.102
leukemiasEset.csv,model RandomForest with 25 features, test duration, 0.009
leukemiasEset.csv,model LogisticsRegression with 25 features, train duration, 0.019
leukemiasEset.csv,model LogisticsRegression with 25 features, test duration, 0.001
leukemiasEset.csv,model NB with 25 features, train duration, 0.001
leukemiasEset.csv,model NB with 25 features, test duration, 0.001
leukemiasEset.csv,model SVM with 30 features, train duration, 0.005
leukemiasEset.csv,model SVM with 30 features, test duration, 0.001
leukemiasEset.csv,model k - nearest with 30 features, train duration, 0.001
leukemiasEset.csv,model k - nearest with 30 features, test duration, 0.001
leukemiasEset.csv,model RandomForest with 30 features, train duration, 0.115
leukemiasEset.csv,model RandomForest with 30 features, test duration, 0.009
leukemiasEset.csv,model LogisticsRegression with 30 features, train duration, 0.017
leukemiasEset.csv,model LogisticsRegression with 30 features, test duration, 0.001
leukemiasEset.csv,model NB with 30 features, train duration, 0.001
leukemiasEset.csv,model NB with 30 features, test duration, 0.001
leukemiasEset.csv,model SVM with 50 features, train duration, 0.008
leukemiasEset.csv,model SVM with 50 features, test duration, 0.001
leukemiasEset.csv,model k - nearest with 50 features, train duration, 0.001
leukemiasEset.csv,model k - nearest with 50 features, test duration, 0.001
leukemiasEset.csv,model RandomForest with 50 features, train duration, 0.103
leukemiasEset.csv,model RandomForest with 50 features, test duration, 0.009
leukemiasEset.csv,model LogisticsRegression with 50 features, train duration, 0.028
leukemiasEset.csv,model LogisticsRegression with 50 features, test duration, 0.001
leukemiasEset.csv,model NB with 50 features, train duration, 0.002
leukemiasEset.csv,model NB with 50 features, test duration, 0.001
leukemiasEset.csv,model SVM with 100 features, train duration, 0.016
leukemiasEset.csv,model SVM with 100 features, test duration, 0.001
leukemiasEset.csv,model k - nearest with 100 features, train duration, 0.002
leukemiasEset.csv,model k - nearest with 100 features, test duration, 0.002
leukemiasEset.csv,model RandomForest with 100 features, train duration, 0.109
leukemiasEset.csv,model RandomForest with 100 features, test duration, 0.009
leukemiasEset.csv,model LogisticsRegression with 100 features, train duration, 0.022
leukemiasEset.csv,model LogisticsRegression with 100 features, test duration, 0.001
leukemiasEset.csv,model NB with 100 features, train duration, 0.002
leukemiasEset.csv,model NB with 100 features, test duration, 0.001
leukemiasEset.csv,MMCC,selection runtime, 58.025
leukemiasEset.csv,model SVM with 1 features, train duration, 0.007
leukemiasEset.csv,model SVM with 1 features, test duration, 0.001
leukemiasEset.csv,model k - nearest with 1 features, train duration, 0.001
leukemiasEset.csv,model k - nearest with 1 features, test duration, 0.001
leukemiasEset.csv,model RandomForest with 1 features, train duration, 0.095
leukemiasEset.csv,model RandomForest with 1 features, test duration, 0.010
leukemiasEset.csv,model LogisticsRegression with 1 features, train duration, 0.006
leukemiasEset.csv,model LogisticsRegression with 1 features, test duration, 0.001
leukemiasEset.csv,model NB with 1 features, train duration, 0.001
leukemiasEset.csv,model NB with 1 features, test duration, 0.001
leukemiasEset.csv,model SVM with 2 features, train duration, 0.006
leukemiasEset.csv,model SVM with 2 features, test duration, 0.001
leukemiasEset.csv,model k - nearest with 2 features, train duration, 0.001
leukemiasEset.csv,model k - nearest with 2 features, test duration, 0.001
leukemiasEset.csv,model RandomForest with 2 features, train duration, 0.099
leukemiasEset.csv,model RandomForest with 2 features, test duration, 0.009
leukemiasEset.csv,model LogisticsRegression with 2 features, train duration, 0.014
leukemiasEset.csv,model LogisticsRegression with 2 features, test duration, 0.001
leukemiasEset.csv,model NB with 2 features, train duration, 0.001
leukemiasEset.csv,model NB with 2 features, test duration, 0.001
leukemiasEset.csv,model SVM with 3 features, train duration, 0.008
leukemiasEset.csv,model SVM with 3 features, test duration, 0.001
leukemiasEset.csv,model k - nearest with 3 features, train duration, 0.001
leukemiasEset.csv,model k - nearest with 3 features, test duration, 0.001
leukemiasEset.csv,model RandomForest with 3 features, train duration, 0.099
leukemiasEset.csv,model RandomForest with 3 features, test duration, 0.009
leukemiasEset.csv,model LogisticsRegression with 3 features, train duration, 0.015
leukemiasEset.csv,model LogisticsRegression with 3 features, test duration, 0.001
leukemiasEset.csv,model NB with 3 features, train duration, 0.001
leukemiasEset.csv,model NB with 3 features, test duration, 0.001
leukemiasEset.csv,model SVM with 4 features, train duration, 0.006
leukemiasEset.csv,model SVM with 4 features, test duration, 0.001
leukemiasEset.csv,model k - nearest with 4 features, train duration, 0.001
leukemiasEset.csv,model k - nearest with 4 features, test duration, 0.001
leukemiasEset.csv,model RandomForest with 4 features, train duration, 0.093
leukemiasEset.csv,model RandomForest with 4 features, test duration, 0.008
leukemiasEset.csv,model LogisticsRegression with 4 features, train duration, 0.014
leukemiasEset.csv,model LogisticsRegression with 4 features, test duration, 0.001
leukemiasEset.csv,model NB with 4 features, train duration, 0.002
leukemiasEset.csv,model NB with 4 features, test duration, 0.001
leukemiasEset.csv,model SVM with 5 features, train duration, 0.006
leukemiasEset.csv,model SVM with 5 features, test duration, 0.001
leukemiasEset.csv,model k - nearest with 5 features, train duration, 0.001
leukemiasEset.csv,model k - nearest with 5 features, test duration, 0.001
leukemiasEset.csv,model RandomForest with 5 features, train duration, 0.099
leukemiasEset.csv,model RandomForest with 5 features, test duration, 0.009
leukemiasEset.csv,model LogisticsRegression with 5 features, train duration, 0.014
leukemiasEset.csv,model LogisticsRegression with 5 features, test duration, 0.001
leukemiasEset.csv,model NB with 5 features, train duration, 0.002
leukemiasEset.csv,model NB with 5 features, test duration, 0.001
leukemiasEset.csv,model SVM with 10 features, train duration, 0.005
leukemiasEset.csv,model SVM with 10 features, test duration, 0.001
leukemiasEset.csv,model k - nearest with 10 features, train duration, 0.001
leukemiasEset.csv,model k - nearest with 10 features, test duration, 0.001
leukemiasEset.csv,model RandomForest with 10 features, train duration, 0.111
leukemiasEset.csv,model RandomForest with 10 features, test duration, 0.009
leukemiasEset.csv,model LogisticsRegression with 10 features, train duration, 0.015
leukemiasEset.csv,model LogisticsRegression with 10 features, test duration, 0.002
leukemiasEset.csv,model NB with 10 features, train duration, 0.001
leukemiasEset.csv,model NB with 10 features, test duration, 0.001
leukemiasEset.csv,model SVM with 15 features, train duration, 0.005
leukemiasEset.csv,model SVM with 15 features, test duration, 0.001
leukemiasEset.csv,model k - nearest with 15 features, train duration, 0.001
leukemiasEset.csv,model k - nearest with 15 features, test duration, 0.001
leukemiasEset.csv,model RandomForest with 15 features, train duration, 0.110
leukemiasEset.csv,model RandomForest with 15 features, test duration, 0.009
leukemiasEset.csv,model LogisticsRegression with 15 features, train duration, 0.016
leukemiasEset.csv,model LogisticsRegression with 15 features, test duration, 0.001
leukemiasEset.csv,model NB with 15 features, train duration, 0.002
leukemiasEset.csv,model NB with 15 features, test duration, 0.001
leukemiasEset.csv,model SVM with 20 features, train duration, 0.006
leukemiasEset.csv,model SVM with 20 features, test duration, 0.001
leukemiasEset.csv,model k - nearest with 20 features, train duration, 0.001
leukemiasEset.csv,model k - nearest with 20 features, test duration, 0.001
leukemiasEset.csv,model RandomForest with 20 features, train duration, 0.100
leukemiasEset.csv,model RandomForest with 20 features, test duration, 0.009
leukemiasEset.csv,model LogisticsRegression with 20 features, train duration, 0.016
leukemiasEset.csv,model LogisticsRegression with 20 features, test duration, 0.001
leukemiasEset.csv,model NB with 20 features, train duration, 0.001
leukemiasEset.csv,model NB with 20 features, test duration, 0.001
leukemiasEset.csv,model SVM with 25 features, train duration, 0.007
leukemiasEset.csv,model SVM with 25 features, test duration, 0.001
leukemiasEset.csv,model k - nearest with 25 features, train duration, 0.001
leukemiasEset.csv,model k - nearest with 25 features, test duration, 0.001
leukemiasEset.csv,model RandomForest with 25 features, train duration, 0.100
leukemiasEset.csv,model RandomForest with 25 features, test duration, 0.009
leukemiasEset.csv,model LogisticsRegression with 25 features, train duration, 0.016
leukemiasEset.csv,model LogisticsRegression with 25 features, test duration, 0.001
leukemiasEset.csv,model NB with 25 features, train duration, 0.001
leukemiasEset.csv,model NB with 25 features, test duration, 0.001
leukemiasEset.csv,model SVM with 30 features, train duration, 0.008
leukemiasEset.csv,model SVM with 30 features, test duration, 0.001
leukemiasEset.csv,model k - nearest with 30 features, train duration, 0.001
leukemiasEset.csv,model k - nearest with 30 features, test duration, 0.001
leukemiasEset.csv,model RandomForest with 30 features, train duration, 0.102
leukemiasEset.csv,model RandomForest with 30 features, test duration, 0.009
leukemiasEset.csv,model LogisticsRegression with 30 features, train duration, 0.016
leukemiasEset.csv,model LogisticsRegression with 30 features, test duration, 0.001
leukemiasEset.csv,model NB with 30 features, train duration, 0.001
leukemiasEset.csv,model NB with 30 features, test duration, 0.001
leukemiasEset.csv,model SVM with 50 features, train duration, 0.011
leukemiasEset.csv,model SVM with 50 features, test duration, 0.001
leukemiasEset.csv,model k - nearest with 50 features, train duration, 0.001
leukemiasEset.csv,model k - nearest with 50 features, test duration, 0.001
leukemiasEset.csv,model RandomForest with 50 features, train duration, 0.106
leukemiasEset.csv,model RandomForest with 50 features, test duration, 0.009
leukemiasEset.csv,model LogisticsRegression with 50 features, train duration, 0.017
leukemiasEset.csv,model LogisticsRegression with 50 features, test duration, 0.001
leukemiasEset.csv,model NB with 50 features, train duration, 0.002
leukemiasEset.csv,model NB with 50 features, test duration, 0.001
leukemiasEset.csv,model SVM with 100 features, train duration, 0.020
leukemiasEset.csv,model SVM with 100 features, test duration, 0.001
leukemiasEset.csv,model k - nearest with 100 features, train duration, 0.002
leukemiasEset.csv,model k - nearest with 100 features, test duration, 0.001
leukemiasEset.csv,model RandomForest with 100 features, train duration, 0.102
leukemiasEset.csv,model RandomForest with 100 features, test duration, 0.008
leukemiasEset.csv,model LogisticsRegression with 100 features, train duration, 0.022
leukemiasEset.csv,model LogisticsRegression with 100 features, test duration, 0.001
leukemiasEset.csv,model NB with 100 features, train duration, 0.002
leukemiasEset.csv,model NB with 100 features, test duration, 0.002
