colon.mat,reliefF,selection runtime, 0.031
colon.mat,model SVM with 1 features, train duration, 0.001
colon.mat,model SVM with 1 features, test duration, 0.001
colon.mat,model k - nearest with 1 features, train duration, 0.001
colon.mat,model k - nearest with 1 features, test duration, 0.001
colon.mat,model RandomForest with 1 features, train duration, 0.082
colon.mat,model RandomForest with 1 features, test duration, 0.009
colon.mat,model LogisticsRegression with 1 features, train duration, 0.002
colon.mat,model LogisticsRegression with 1 features, test duration, 0.001
colon.mat,model NB with 1 features, train duration, 0.001
colon.mat,model NB with 1 features, test duration, 0.001
colon.mat,model SVM with 2 features, train duration, 0.001
colon.mat,model SVM with 2 features, test duration, 0.001
colon.mat,model k - nearest with 2 features, train duration, 0.001
colon.mat,model k - nearest with 2 features, test duration, 0.001
colon.mat,model RandomForest with 2 features, train duration, 0.086
colon.mat,model RandomForest with 2 features, test duration, 0.007
colon.mat,model LogisticsRegression with 2 features, train duration, 0.002
colon.mat,model LogisticsRegression with 2 features, test duration, 0.001
colon.mat,model NB with 2 features, train duration, 0.001
colon.mat,model NB with 2 features, test duration, 0.001
colon.mat,model SVM with 3 features, train duration, 0.001
colon.mat,model SVM with 3 features, test duration, 0.001
colon.mat,model k - nearest with 3 features, train duration, 0.001
colon.mat,model k - nearest with 3 features, test duration, 0.001
colon.mat,model RandomForest with 3 features, train duration, 0.096
colon.mat,model RandomForest with 3 features, test duration, 0.008
colon.mat,model LogisticsRegression with 3 features, train duration, 0.002
colon.mat,model LogisticsRegression with 3 features, test duration, 0.001
colon.mat,model NB with 3 features, train duration, 0.001
colon.mat,model NB with 3 features, test duration, 0.001
colon.mat,model SVM with 4 features, train duration, 0.002
colon.mat,model SVM with 4 features, test duration, 0.001
colon.mat,model k - nearest with 4 features, train duration, 0.001
colon.mat,model k - nearest with 4 features, test duration, 0.001
colon.mat,model RandomForest with 4 features, train duration, 0.090
colon.mat,model RandomForest with 4 features, test duration, 0.007
colon.mat,model LogisticsRegression with 4 features, train duration, 0.002
colon.mat,model LogisticsRegression with 4 features, test duration, 0.001
colon.mat,model NB with 4 features, train duration, 0.001
colon.mat,model NB with 4 features, test duration, 0.001
colon.mat,model SVM with 5 features, train duration, 0.002
colon.mat,model SVM with 5 features, test duration, 0.001
colon.mat,model k - nearest with 5 features, train duration, 0.001
colon.mat,model k - nearest with 5 features, test duration, 0.001
colon.mat,model RandomForest with 5 features, train duration, 0.082
colon.mat,model RandomForest with 5 features, test duration, 0.007
colon.mat,model LogisticsRegression with 5 features, train duration, 0.002
colon.mat,model LogisticsRegression with 5 features, test duration, 0.001
colon.mat,model NB with 5 features, train duration, 0.001
colon.mat,model NB with 5 features, test duration, 0.001
colon.mat,model SVM with 10 features, train duration, 0.002
colon.mat,model SVM with 10 features, test duration, 0.001
colon.mat,model k - nearest with 10 features, train duration, 0.001
colon.mat,model k - nearest with 10 features, test duration, 0.001
colon.mat,model RandomForest with 10 features, train duration, 0.080
colon.mat,model RandomForest with 10 features, test duration, 0.007
colon.mat,model LogisticsRegression with 10 features, train duration, 0.003
colon.mat,model LogisticsRegression with 10 features, test duration, 0.001
colon.mat,model NB with 10 features, train duration, 0.001
colon.mat,model NB with 10 features, test duration, 0.001
colon.mat,model SVM with 15 features, train duration, 0.002
colon.mat,model SVM with 15 features, test duration, 0.001
colon.mat,model k - nearest with 15 features, train duration, 0.001
colon.mat,model k - nearest with 15 features, test duration, 0.001
colon.mat,model RandomForest with 15 features, train duration, 0.082
colon.mat,model RandomForest with 15 features, test duration, 0.007
colon.mat,model LogisticsRegression with 15 features, train duration, 0.004
colon.mat,model LogisticsRegression with 15 features, test duration, 0.001
colon.mat,model NB with 15 features, train duration, 0.001
colon.mat,model NB with 15 features, test duration, 0.001
colon.mat,model SVM with 20 features, train duration, 0.001
colon.mat,model SVM with 20 features, test duration, 0.001
colon.mat,model k - nearest with 20 features, train duration, 0.001
colon.mat,model k - nearest with 20 features, test duration, 0.001
colon.mat,model RandomForest with 20 features, train duration, 0.099
colon.mat,model RandomForest with 20 features, test duration, 0.009
colon.mat,model LogisticsRegression with 20 features, train duration, 0.005
colon.mat,model LogisticsRegression with 20 features, test duration, 0.001
colon.mat,model NB with 20 features, train duration, 0.001
colon.mat,model NB with 20 features, test duration, 0.001
colon.mat,model SVM with 25 features, train duration, 0.002
colon.mat,model SVM with 25 features, test duration, 0.001
colon.mat,model k - nearest with 25 features, train duration, 0.001
colon.mat,model k - nearest with 25 features, test duration, 0.001
colon.mat,model RandomForest with 25 features, train duration, 0.083
colon.mat,model RandomForest with 25 features, test duration, 0.007
colon.mat,model LogisticsRegression with 25 features, train duration, 0.005
colon.mat,model LogisticsRegression with 25 features, test duration, 0.001
colon.mat,model NB with 25 features, train duration, 0.001
colon.mat,model NB with 25 features, test duration, 0.001
colon.mat,model SVM with 30 features, train duration, 0.002
colon.mat,model SVM with 30 features, test duration, 0.001
colon.mat,model k - nearest with 30 features, train duration, 0.001
colon.mat,model k - nearest with 30 features, test duration, 0.001
colon.mat,model RandomForest with 30 features, train duration, 0.086
colon.mat,model RandomForest with 30 features, test duration, 0.008
colon.mat,model LogisticsRegression with 30 features, train duration, 0.005
colon.mat,model LogisticsRegression with 30 features, test duration, 0.001
colon.mat,model NB with 30 features, train duration, 0.001
colon.mat,model NB with 30 features, test duration, 0.001
colon.mat,model SVM with 50 features, train duration, 0.002
colon.mat,model SVM with 50 features, test duration, 0.001
colon.mat,model k - nearest with 50 features, train duration, 0.001
colon.mat,model k - nearest with 50 features, test duration, 0.001
colon.mat,model RandomForest with 50 features, train duration, 0.095
colon.mat,model RandomForest with 50 features, test duration, 0.009
colon.mat,model LogisticsRegression with 50 features, train duration, 0.006
colon.mat,model LogisticsRegression with 50 features, test duration, 0.001
colon.mat,model NB with 50 features, train duration, 0.001
colon.mat,model NB with 50 features, test duration, 0.001
colon.mat,model SVM with 100 features, train duration, 0.003
colon.mat,model SVM with 100 features, test duration, 0.001
colon.mat,model k - nearest with 100 features, train duration, 0.001
colon.mat,model k - nearest with 100 features, test duration, 0.001
colon.mat,model RandomForest with 100 features, train duration, 0.085
colon.mat,model RandomForest with 100 features, test duration, 0.008
colon.mat,model LogisticsRegression with 100 features, train duration, 0.006
colon.mat,model LogisticsRegression with 100 features, test duration, 0.001
colon.mat,model NB with 100 features, train duration, 0.001
colon.mat,model NB with 100 features, test duration, 0.001
colon.mat,rfe,selection runtime, 0.864
colon.mat,model SVM with 1 features, train duration, 0.001
colon.mat,model SVM with 1 features, test duration, 0.001
colon.mat,model k - nearest with 1 features, train duration, 0.001
colon.mat,model k - nearest with 1 features, test duration, 0.001
colon.mat,model RandomForest with 1 features, train duration, 0.081
colon.mat,model RandomForest with 1 features, test duration, 0.007
colon.mat,model LogisticsRegression with 1 features, train duration, 0.002
colon.mat,model LogisticsRegression with 1 features, test duration, 0.001
colon.mat,model NB with 1 features, train duration, 0.001
colon.mat,model NB with 1 features, test duration, 0.001
colon.mat,model SVM with 2 features, train duration, 0.001
colon.mat,model SVM with 2 features, test duration, 0.001
colon.mat,model k - nearest with 2 features, train duration, 0.001
colon.mat,model k - nearest with 2 features, test duration, 0.001
colon.mat,model RandomForest with 2 features, train duration, 0.081
colon.mat,model RandomForest with 2 features, test duration, 0.007
colon.mat,model LogisticsRegression with 2 features, train duration, 0.002
colon.mat,model LogisticsRegression with 2 features, test duration, 0.001
colon.mat,model NB with 2 features, train duration, 0.001
colon.mat,model NB with 2 features, test duration, 0.001
colon.mat,model SVM with 3 features, train duration, 0.001
colon.mat,model SVM with 3 features, test duration, 0.001
colon.mat,model k - nearest with 3 features, train duration, 0.001
colon.mat,model k - nearest with 3 features, test duration, 0.001
colon.mat,model RandomForest with 3 features, train duration, 0.096
colon.mat,model RandomForest with 3 features, test duration, 0.009
colon.mat,model LogisticsRegression with 3 features, train duration, 0.002
colon.mat,model LogisticsRegression with 3 features, test duration, 0.001
colon.mat,model NB with 3 features, train duration, 0.001
colon.mat,model NB with 3 features, test duration, 0.001
colon.mat,model SVM with 4 features, train duration, 0.001
colon.mat,model SVM with 4 features, test duration, 0.001
colon.mat,model k - nearest with 4 features, train duration, 0.001
colon.mat,model k - nearest with 4 features, test duration, 0.001
colon.mat,model RandomForest with 4 features, train duration, 0.083
colon.mat,model RandomForest with 4 features, test duration, 0.007
colon.mat,model LogisticsRegression with 4 features, train duration, 0.002
colon.mat,model LogisticsRegression with 4 features, test duration, 0.001
colon.mat,model NB with 4 features, train duration, 0.001
colon.mat,model NB with 4 features, test duration, 0.001
colon.mat,model SVM with 5 features, train duration, 0.002
colon.mat,model SVM with 5 features, test duration, 0.001
colon.mat,model k - nearest with 5 features, train duration, 0.001
colon.mat,model k - nearest with 5 features, test duration, 0.001
colon.mat,model RandomForest with 5 features, train duration, 0.087
colon.mat,model RandomForest with 5 features, test duration, 0.008
colon.mat,model LogisticsRegression with 5 features, train duration, 0.002
colon.mat,model LogisticsRegression with 5 features, test duration, 0.001
colon.mat,model NB with 5 features, train duration, 0.001
colon.mat,model NB with 5 features, test duration, 0.001
colon.mat,model SVM with 10 features, train duration, 0.002
colon.mat,model SVM with 10 features, test duration, 0.001
colon.mat,model k - nearest with 10 features, train duration, 0.001
colon.mat,model k - nearest with 10 features, test duration, 0.001
colon.mat,model RandomForest with 10 features, train duration, 0.096
colon.mat,model RandomForest with 10 features, test duration, 0.009
colon.mat,model LogisticsRegression with 10 features, train duration, 0.003
colon.mat,model LogisticsRegression with 10 features, test duration, 0.001
colon.mat,model NB with 10 features, train duration, 0.001
colon.mat,model NB with 10 features, test duration, 0.001
colon.mat,model SVM with 15 features, train duration, 0.002
colon.mat,model SVM with 15 features, test duration, 0.001
colon.mat,model k - nearest with 15 features, train duration, 0.001
colon.mat,model k - nearest with 15 features, test duration, 0.001
colon.mat,model RandomForest with 15 features, train duration, 0.083
colon.mat,model RandomForest with 15 features, test duration, 0.008
colon.mat,model LogisticsRegression with 15 features, train duration, 0.003
colon.mat,model LogisticsRegression with 15 features, test duration, 0.001
colon.mat,model NB with 15 features, train duration, 0.001
colon.mat,model NB with 15 features, test duration, 0.001
colon.mat,model SVM with 20 features, train duration, 0.002
colon.mat,model SVM with 20 features, test duration, 0.001
colon.mat,model k - nearest with 20 features, train duration, 0.001
colon.mat,model k - nearest with 20 features, test duration, 0.001
colon.mat,model RandomForest with 20 features, train duration, 0.085
colon.mat,model RandomForest with 20 features, test duration, 0.008
colon.mat,model LogisticsRegression with 20 features, train duration, 0.003
colon.mat,model LogisticsRegression with 20 features, test duration, 0.001
colon.mat,model NB with 20 features, train duration, 0.001
colon.mat,model NB with 20 features, test duration, 0.001
colon.mat,model SVM with 25 features, train duration, 0.002
colon.mat,model SVM with 25 features, test duration, 0.001
colon.mat,model k - nearest with 25 features, train duration, 0.001
colon.mat,model k - nearest with 25 features, test duration, 0.001
colon.mat,model RandomForest with 25 features, train duration, 0.085
colon.mat,model RandomForest with 25 features, test duration, 0.010
colon.mat,model LogisticsRegression with 25 features, train duration, 0.005
colon.mat,model LogisticsRegression with 25 features, test duration, 0.001
colon.mat,model NB with 25 features, train duration, 0.001
colon.mat,model NB with 25 features, test duration, 0.001
colon.mat,model SVM with 30 features, train duration, 0.001
colon.mat,model SVM with 30 features, test duration, 0.001
colon.mat,model k - nearest with 30 features, train duration, 0.001
colon.mat,model k - nearest with 30 features, test duration, 0.001
colon.mat,model RandomForest with 30 features, train duration, 0.120
colon.mat,model RandomForest with 30 features, test duration, 0.011
colon.mat,model LogisticsRegression with 30 features, train duration, 0.006
colon.mat,model LogisticsRegression with 30 features, test duration, 0.001
colon.mat,model NB with 30 features, train duration, 0.001
colon.mat,model NB with 30 features, test duration, 0.001
colon.mat,model SVM with 50 features, train duration, 0.001
colon.mat,model SVM with 50 features, test duration, 0.001
colon.mat,model k - nearest with 50 features, train duration, 0.001
colon.mat,model k - nearest with 50 features, test duration, 0.001
colon.mat,model RandomForest with 50 features, train duration, 0.087
colon.mat,model RandomForest with 50 features, test duration, 0.008
colon.mat,model LogisticsRegression with 50 features, train duration, 0.005
colon.mat,model LogisticsRegression with 50 features, test duration, 0.001
colon.mat,model NB with 50 features, train duration, 0.001
colon.mat,model NB with 50 features, test duration, 0.001
colon.mat,model SVM with 100 features, train duration, 0.002
colon.mat,model SVM with 100 features, test duration, 0.001
colon.mat,model k - nearest with 100 features, train duration, 0.001
colon.mat,model k - nearest with 100 features, test duration, 0.001
colon.mat,model RandomForest with 100 features, train duration, 0.086
colon.mat,model RandomForest with 100 features, test duration, 0.008
colon.mat,model LogisticsRegression with 100 features, train duration, 0.006
colon.mat,model LogisticsRegression with 100 features, test duration, 0.001
colon.mat,model NB with 100 features, train duration, 0.001
colon.mat,model NB with 100 features, test duration, 0.001
colon.mat,Fdr_f_classif,selection runtime, 0.006
colon.mat,model SVM with 1 features, train duration, 0.002
colon.mat,model SVM with 1 features, test duration, 0.001
colon.mat,model k - nearest with 1 features, train duration, 0.001
colon.mat,model k - nearest with 1 features, test duration, 0.001
colon.mat,model RandomForest with 1 features, train duration, 0.083
colon.mat,model RandomForest with 1 features, test duration, 0.007
colon.mat,model LogisticsRegression with 1 features, train duration, 0.002
colon.mat,model LogisticsRegression with 1 features, test duration, 0.001
colon.mat,model NB with 1 features, train duration, 0.001
colon.mat,model NB with 1 features, test duration, 0.001
colon.mat,model SVM with 2 features, train duration, 0.001
colon.mat,model SVM with 2 features, test duration, 0.001
colon.mat,model k - nearest with 2 features, train duration, 0.001
colon.mat,model k - nearest with 2 features, test duration, 0.001
colon.mat,model RandomForest with 2 features, train duration, 0.082
colon.mat,model RandomForest with 2 features, test duration, 0.007
colon.mat,model LogisticsRegression with 2 features, train duration, 0.002
colon.mat,model LogisticsRegression with 2 features, test duration, 0.001
colon.mat,model NB with 2 features, train duration, 0.001
colon.mat,model NB with 2 features, test duration, 0.001
colon.mat,model SVM with 3 features, train duration, 0.001
colon.mat,model SVM with 3 features, test duration, 0.001
colon.mat,model k - nearest with 3 features, train duration, 0.001
colon.mat,model k - nearest with 3 features, test duration, 0.001
colon.mat,model RandomForest with 3 features, train duration, 0.082
colon.mat,model RandomForest with 3 features, test duration, 0.008
colon.mat,model LogisticsRegression with 3 features, train duration, 0.002
colon.mat,model LogisticsRegression with 3 features, test duration, 0.001
colon.mat,model NB with 3 features, train duration, 0.001
colon.mat,model NB with 3 features, test duration, 0.001
colon.mat,model SVM with 4 features, train duration, 0.001
colon.mat,model SVM with 4 features, test duration, 0.001
colon.mat,model k - nearest with 4 features, train duration, 0.001
colon.mat,model k - nearest with 4 features, test duration, 0.001
colon.mat,model RandomForest with 4 features, train duration, 0.095
colon.mat,model RandomForest with 4 features, test duration, 0.009
colon.mat,model LogisticsRegression with 4 features, train duration, 0.002
colon.mat,model LogisticsRegression with 4 features, test duration, 0.001
colon.mat,model NB with 4 features, train duration, 0.001
colon.mat,model NB with 4 features, test duration, 0.001
colon.mat,model SVM with 5 features, train duration, 0.001
colon.mat,model SVM with 5 features, test duration, 0.001
colon.mat,model k - nearest with 5 features, train duration, 0.001
colon.mat,model k - nearest with 5 features, test duration, 0.001
colon.mat,model RandomForest with 5 features, train duration, 0.082
colon.mat,model RandomForest with 5 features, test duration, 0.008
colon.mat,model LogisticsRegression with 5 features, train duration, 0.002
colon.mat,model LogisticsRegression with 5 features, test duration, 0.001
colon.mat,model NB with 5 features, train duration, 0.001
colon.mat,model NB with 5 features, test duration, 0.001
colon.mat,model SVM with 10 features, train duration, 0.002
colon.mat,model SVM with 10 features, test duration, 0.001
colon.mat,model k - nearest with 10 features, train duration, 0.001
colon.mat,model k - nearest with 10 features, test duration, 0.001
colon.mat,model RandomForest with 10 features, train duration, 0.085
colon.mat,model RandomForest with 10 features, test duration, 0.008
colon.mat,model LogisticsRegression with 10 features, train duration, 0.003
colon.mat,model LogisticsRegression with 10 features, test duration, 0.001
colon.mat,model NB with 10 features, train duration, 0.001
colon.mat,model NB with 10 features, test duration, 0.001
colon.mat,model SVM with 15 features, train duration, 0.002
colon.mat,model SVM with 15 features, test duration, 0.001
colon.mat,model k - nearest with 15 features, train duration, 0.001
colon.mat,model k - nearest with 15 features, test duration, 0.001
colon.mat,model RandomForest with 15 features, train duration, 0.085
colon.mat,model RandomForest with 15 features, test duration, 0.008
colon.mat,model LogisticsRegression with 15 features, train duration, 0.004
colon.mat,model LogisticsRegression with 15 features, test duration, 0.001
colon.mat,model NB with 15 features, train duration, 0.001
colon.mat,model NB with 15 features, test duration, 0.001
colon.mat,model SVM with 20 features, train duration, 0.002
colon.mat,model SVM with 20 features, test duration, 0.001
colon.mat,model k - nearest with 20 features, train duration, 0.001
colon.mat,model k - nearest with 20 features, test duration, 0.001
colon.mat,model RandomForest with 20 features, train duration, 0.095
colon.mat,model RandomForest with 20 features, test duration, 0.009
colon.mat,model LogisticsRegression with 20 features, train duration, 0.004
colon.mat,model LogisticsRegression with 20 features, test duration, 0.001
colon.mat,model NB with 20 features, train duration, 0.001
colon.mat,model NB with 20 features, test duration, 0.001
colon.mat,model SVM with 25 features, train duration, 0.002
colon.mat,model SVM with 25 features, test duration, 0.001
colon.mat,model k - nearest with 25 features, train duration, 0.001
colon.mat,model k - nearest with 25 features, test duration, 0.001
colon.mat,model RandomForest with 25 features, train duration, 0.086
colon.mat,model RandomForest with 25 features, test duration, 0.008
colon.mat,model LogisticsRegression with 25 features, train duration, 0.004
colon.mat,model LogisticsRegression with 25 features, test duration, 0.001
colon.mat,model NB with 25 features, train duration, 0.001
colon.mat,model NB with 25 features, test duration, 0.001
colon.mat,model SVM with 30 features, train duration, 0.002
colon.mat,model SVM with 30 features, test duration, 0.001
colon.mat,model k - nearest with 30 features, train duration, 0.001
colon.mat,model k - nearest with 30 features, test duration, 0.001
colon.mat,model RandomForest with 30 features, train duration, 0.088
colon.mat,model RandomForest with 30 features, test duration, 0.007
colon.mat,model LogisticsRegression with 30 features, train duration, 0.004
colon.mat,model LogisticsRegression with 30 features, test duration, 0.001
colon.mat,model NB with 30 features, train duration, 0.001
colon.mat,model NB with 30 features, test duration, 0.001
colon.mat,model SVM with 50 features, train duration, 0.003
colon.mat,model SVM with 50 features, test duration, 0.001
colon.mat,model k - nearest with 50 features, train duration, 0.001
colon.mat,model k - nearest with 50 features, test duration, 0.001
colon.mat,model RandomForest with 50 features, train duration, 0.082
colon.mat,model RandomForest with 50 features, test duration, 0.007
colon.mat,model LogisticsRegression with 50 features, train duration, 0.006
colon.mat,model LogisticsRegression with 50 features, test duration, 0.001
colon.mat,model NB with 50 features, train duration, 0.001
colon.mat,model NB with 50 features, test duration, 0.001
colon.mat,model SVM with 100 features, train duration, 0.005
colon.mat,model SVM with 100 features, test duration, 0.001
colon.mat,model k - nearest with 100 features, train duration, 0.001
colon.mat,model k - nearest with 100 features, test duration, 0.001
colon.mat,model RandomForest with 100 features, train duration, 0.086
colon.mat,model RandomForest with 100 features, test duration, 0.008
colon.mat,model LogisticsRegression with 100 features, train duration, 0.011
colon.mat,model LogisticsRegression with 100 features, test duration, 0.001
colon.mat,model NB with 100 features, train duration, 0.001
colon.mat,model NB with 100 features, test duration, 0.001
colon.mat,mrmr,selection runtime, 11.856
colon.mat,model SVM with 1 features, train duration, 0.001
colon.mat,model SVM with 1 features, test duration, 0.001
colon.mat,model k - nearest with 1 features, train duration, 0.001
colon.mat,model k - nearest with 1 features, test duration, 0.001
colon.mat,model RandomForest with 1 features, train duration, 0.097
colon.mat,model RandomForest with 1 features, test duration, 0.009
colon.mat,model LogisticsRegression with 1 features, train duration, 0.002
colon.mat,model LogisticsRegression with 1 features, test duration, 0.001
colon.mat,model NB with 1 features, train duration, 0.001
colon.mat,model NB with 1 features, test duration, 0.001
colon.mat,model SVM with 2 features, train duration, 0.001
colon.mat,model SVM with 2 features, test duration, 0.001
colon.mat,model k - nearest with 2 features, train duration, 0.001
colon.mat,model k - nearest with 2 features, test duration, 0.001
colon.mat,model RandomForest with 2 features, train duration, 0.097
colon.mat,model RandomForest with 2 features, test duration, 0.009
colon.mat,model LogisticsRegression with 2 features, train duration, 0.002
colon.mat,model LogisticsRegression with 2 features, test duration, 0.001
colon.mat,model NB with 2 features, train duration, 0.001
colon.mat,model NB with 2 features, test duration, 0.001
colon.mat,model SVM with 3 features, train duration, 0.002
colon.mat,model SVM with 3 features, test duration, 0.001
colon.mat,model k - nearest with 3 features, train duration, 0.001
colon.mat,model k - nearest with 3 features, test duration, 0.001
colon.mat,model RandomForest with 3 features, train duration, 0.088
colon.mat,model RandomForest with 3 features, test duration, 0.007
colon.mat,model LogisticsRegression with 3 features, train duration, 0.002
colon.mat,model LogisticsRegression with 3 features, test duration, 0.001
colon.mat,model NB with 3 features, train duration, 0.001
colon.mat,model NB with 3 features, test duration, 0.001
colon.mat,model SVM with 4 features, train duration, 0.001
colon.mat,model SVM with 4 features, test duration, 0.001
colon.mat,model k - nearest with 4 features, train duration, 0.001
colon.mat,model k - nearest with 4 features, test duration, 0.001
colon.mat,model RandomForest with 4 features, train duration, 0.090
colon.mat,model RandomForest with 4 features, test duration, 0.008
colon.mat,model LogisticsRegression with 4 features, train duration, 0.003
colon.mat,model LogisticsRegression with 4 features, test duration, 0.001
colon.mat,model NB with 4 features, train duration, 0.001
colon.mat,model NB with 4 features, test duration, 0.001
colon.mat,model SVM with 5 features, train duration, 0.002
colon.mat,model SVM with 5 features, test duration, 0.001
colon.mat,model k - nearest with 5 features, train duration, 0.001
colon.mat,model k - nearest with 5 features, test duration, 0.001
colon.mat,model RandomForest with 5 features, train duration, 0.084
colon.mat,model RandomForest with 5 features, test duration, 0.007
colon.mat,model LogisticsRegression with 5 features, train duration, 0.002
colon.mat,model LogisticsRegression with 5 features, test duration, 0.001
colon.mat,model NB with 5 features, train duration, 0.001
colon.mat,model NB with 5 features, test duration, 0.001
colon.mat,model SVM with 10 features, train duration, 0.001
colon.mat,model SVM with 10 features, test duration, 0.001
colon.mat,model k - nearest with 10 features, train duration, 0.001
colon.mat,model k - nearest with 10 features, test duration, 0.001
colon.mat,model RandomForest with 10 features, train duration, 0.095
colon.mat,model RandomForest with 10 features, test duration, 0.008
colon.mat,model LogisticsRegression with 10 features, train duration, 0.003
colon.mat,model LogisticsRegression with 10 features, test duration, 0.001
colon.mat,model NB with 10 features, train duration, 0.001
colon.mat,model NB with 10 features, test duration, 0.001
colon.mat,model SVM with 15 features, train duration, 0.002
colon.mat,model SVM with 15 features, test duration, 0.001
colon.mat,model k - nearest with 15 features, train duration, 0.001
colon.mat,model k - nearest with 15 features, test duration, 0.001
colon.mat,model RandomForest with 15 features, train duration, 0.086
colon.mat,model RandomForest with 15 features, test duration, 0.007
colon.mat,model LogisticsRegression with 15 features, train duration, 0.003
colon.mat,model LogisticsRegression with 15 features, test duration, 0.001
colon.mat,model NB with 15 features, train duration, 0.001
colon.mat,model NB with 15 features, test duration, 0.001
colon.mat,model SVM with 20 features, train duration, 0.002
colon.mat,model SVM with 20 features, test duration, 0.001
colon.mat,model k - nearest with 20 features, train duration, 0.001
colon.mat,model k - nearest with 20 features, test duration, 0.001
colon.mat,model RandomForest with 20 features, train duration, 0.084
colon.mat,model RandomForest with 20 features, test duration, 0.008
colon.mat,model LogisticsRegression with 20 features, train duration, 0.004
colon.mat,model LogisticsRegression with 20 features, test duration, 0.001
colon.mat,model NB with 20 features, train duration, 0.001
colon.mat,model NB with 20 features, test duration, 0.001
colon.mat,model SVM with 25 features, train duration, 0.002
colon.mat,model SVM with 25 features, test duration, 0.001
colon.mat,model k - nearest with 25 features, train duration, 0.001
colon.mat,model k - nearest with 25 features, test duration, 0.001
colon.mat,model RandomForest with 25 features, train duration, 0.088
colon.mat,model RandomForest with 25 features, test duration, 0.008
colon.mat,model LogisticsRegression with 25 features, train duration, 0.005
colon.mat,model LogisticsRegression with 25 features, test duration, 0.001
colon.mat,model NB with 25 features, train duration, 0.001
colon.mat,model NB with 25 features, test duration, 0.001
colon.mat,model SVM with 30 features, train duration, 0.002
colon.mat,model SVM with 30 features, test duration, 0.001
colon.mat,model k - nearest with 30 features, train duration, 0.001
colon.mat,model k - nearest with 30 features, test duration, 0.001
colon.mat,model RandomForest with 30 features, train duration, 0.086
colon.mat,model RandomForest with 30 features, test duration, 0.008
colon.mat,model LogisticsRegression with 30 features, train duration, 0.005
colon.mat,model LogisticsRegression with 30 features, test duration, 0.001
colon.mat,model NB with 30 features, train duration, 0.001
colon.mat,model NB with 30 features, test duration, 0.001
colon.mat,model SVM with 50 features, train duration, 0.002
colon.mat,model SVM with 50 features, test duration, 0.001
colon.mat,model k - nearest with 50 features, train duration, 0.001
colon.mat,model k - nearest with 50 features, test duration, 0.001
colon.mat,model RandomForest with 50 features, train duration, 0.087
colon.mat,model RandomForest with 50 features, test duration, 0.007
colon.mat,model LogisticsRegression with 50 features, train duration, 0.006
colon.mat,model LogisticsRegression with 50 features, test duration, 0.001
colon.mat,model NB with 50 features, train duration, 0.001
colon.mat,model NB with 50 features, test duration, 0.001
colon.mat,model SVM with 100 features, train duration, 0.002
colon.mat,model SVM with 100 features, test duration, 0.001
colon.mat,model k - nearest with 100 features, train duration, 0.001
colon.mat,model k - nearest with 100 features, test duration, 0.001
colon.mat,model RandomForest with 100 features, train duration, 0.098
colon.mat,model RandomForest with 100 features, test duration, 0.009
colon.mat,model LogisticsRegression with 100 features, train duration, 0.008
colon.mat,model LogisticsRegression with 100 features, test duration, 0.001
colon.mat,model NB with 100 features, train duration, 0.002
colon.mat,model NB with 100 features, test duration, 0.001
colon.mat,MMCC,selection runtime, 89.457
colon.mat,model SVM with 1 features, train duration, 0.001
colon.mat,model SVM with 1 features, test duration, 0.001
colon.mat,model k - nearest with 1 features, train duration, 0.001
colon.mat,model k - nearest with 1 features, test duration, 0.001
colon.mat,model RandomForest with 1 features, train duration, 0.081
colon.mat,model RandomForest with 1 features, test duration, 0.007
colon.mat,model LogisticsRegression with 1 features, train duration, 0.002
colon.mat,model LogisticsRegression with 1 features, test duration, 0.001
colon.mat,model NB with 1 features, train duration, 0.001
colon.mat,model NB with 1 features, test duration, 0.001
colon.mat,model SVM with 2 features, train duration, 0.001
colon.mat,model SVM with 2 features, test duration, 0.001
colon.mat,model k - nearest with 2 features, train duration, 0.001
colon.mat,model k - nearest with 2 features, test duration, 0.001
colon.mat,model RandomForest with 2 features, train duration, 0.094
colon.mat,model RandomForest with 2 features, test duration, 0.009
colon.mat,model LogisticsRegression with 2 features, train duration, 0.002
colon.mat,model LogisticsRegression with 2 features, test duration, 0.001
colon.mat,model NB with 2 features, train duration, 0.001
colon.mat,model NB with 2 features, test duration, 0.001
colon.mat,model SVM with 3 features, train duration, 0.001
colon.mat,model SVM with 3 features, test duration, 0.001
colon.mat,model k - nearest with 3 features, train duration, 0.001
colon.mat,model k - nearest with 3 features, test duration, 0.001
colon.mat,model RandomForest with 3 features, train duration, 0.084
colon.mat,model RandomForest with 3 features, test duration, 0.008
colon.mat,model LogisticsRegression with 3 features, train duration, 0.002
colon.mat,model LogisticsRegression with 3 features, test duration, 0.001
colon.mat,model NB with 3 features, train duration, 0.001
colon.mat,model NB with 3 features, test duration, 0.001
colon.mat,model SVM with 4 features, train duration, 0.002
colon.mat,model SVM with 4 features, test duration, 0.001
colon.mat,model k - nearest with 4 features, train duration, 0.001
colon.mat,model k - nearest with 4 features, test duration, 0.001
colon.mat,model RandomForest with 4 features, train duration, 0.083
colon.mat,model RandomForest with 4 features, test duration, 0.007
colon.mat,model LogisticsRegression with 4 features, train duration, 0.002
colon.mat,model LogisticsRegression with 4 features, test duration, 0.001
colon.mat,model NB with 4 features, train duration, 0.001
colon.mat,model NB with 4 features, test duration, 0.001
colon.mat,model SVM with 5 features, train duration, 0.001
colon.mat,model SVM with 5 features, test duration, 0.001
colon.mat,model k - nearest with 5 features, train duration, 0.001
colon.mat,model k - nearest with 5 features, test duration, 0.001
colon.mat,model RandomForest with 5 features, train duration, 0.097
colon.mat,model RandomForest with 5 features, test duration, 0.009
colon.mat,model LogisticsRegression with 5 features, train duration, 0.002
colon.mat,model LogisticsRegression with 5 features, test duration, 0.001
colon.mat,model NB with 5 features, train duration, 0.001
colon.mat,model NB with 5 features, test duration, 0.001
colon.mat,model SVM with 10 features, train duration, 0.002
colon.mat,model SVM with 10 features, test duration, 0.001
colon.mat,model k - nearest with 10 features, train duration, 0.001
colon.mat,model k - nearest with 10 features, test duration, 0.001
colon.mat,model RandomForest with 10 features, train duration, 0.101
colon.mat,model RandomForest with 10 features, test duration, 0.008
colon.mat,model LogisticsRegression with 10 features, train duration, 0.003
colon.mat,model LogisticsRegression with 10 features, test duration, 0.001
colon.mat,model NB with 10 features, train duration, 0.001
colon.mat,model NB with 10 features, test duration, 0.001
colon.mat,model SVM with 15 features, train duration, 0.002
colon.mat,model SVM with 15 features, test duration, 0.001
colon.mat,model k - nearest with 15 features, train duration, 0.001
colon.mat,model k - nearest with 15 features, test duration, 0.001
colon.mat,model RandomForest with 15 features, train duration, 0.083
colon.mat,model RandomForest with 15 features, test duration, 0.008
colon.mat,model LogisticsRegression with 15 features, train duration, 0.003
colon.mat,model LogisticsRegression with 15 features, test duration, 0.001
colon.mat,model NB with 15 features, train duration, 0.001
colon.mat,model NB with 15 features, test duration, 0.001
colon.mat,model SVM with 20 features, train duration, 0.002
colon.mat,model SVM with 20 features, test duration, 0.001
colon.mat,model k - nearest with 20 features, train duration, 0.001
colon.mat,model k - nearest with 20 features, test duration, 0.001
colon.mat,model RandomForest with 20 features, train duration, 0.083
colon.mat,model RandomForest with 20 features, test duration, 0.007
colon.mat,model LogisticsRegression with 20 features, train duration, 0.004
colon.mat,model LogisticsRegression with 20 features, test duration, 0.001
colon.mat,model NB with 20 features, train duration, 0.001
colon.mat,model NB with 20 features, test duration, 0.001
colon.mat,model SVM with 25 features, train duration, 0.002
colon.mat,model SVM with 25 features, test duration, 0.001
colon.mat,model k - nearest with 25 features, train duration, 0.001
colon.mat,model k - nearest with 25 features, test duration, 0.001
colon.mat,model RandomForest with 25 features, train duration, 0.084
colon.mat,model RandomForest with 25 features, test duration, 0.007
colon.mat,model LogisticsRegression with 25 features, train duration, 0.004
colon.mat,model LogisticsRegression with 25 features, test duration, 0.001
colon.mat,model NB with 25 features, train duration, 0.001
colon.mat,model NB with 25 features, test duration, 0.001
colon.mat,model SVM with 30 features, train duration, 0.002
colon.mat,model SVM with 30 features, test duration, 0.001
colon.mat,model k - nearest with 30 features, train duration, 0.001
colon.mat,model k - nearest with 30 features, test duration, 0.001
colon.mat,model RandomForest with 30 features, train duration, 0.086
colon.mat,model RandomForest with 30 features, test duration, 0.008
colon.mat,model LogisticsRegression with 30 features, train duration, 0.005
colon.mat,model LogisticsRegression with 30 features, test duration, 0.001
colon.mat,model NB with 30 features, train duration, 0.001
colon.mat,model NB with 30 features, test duration, 0.001
colon.mat,model SVM with 50 features, train duration, 0.004
colon.mat,model SVM with 50 features, test duration, 0.001
colon.mat,model k - nearest with 50 features, train duration, 0.001
colon.mat,model k - nearest with 50 features, test duration, 0.001
colon.mat,model RandomForest with 50 features, train duration, 0.085
colon.mat,model RandomForest with 50 features, test duration, 0.008
colon.mat,model LogisticsRegression with 50 features, train duration, 0.006
colon.mat,model LogisticsRegression with 50 features, test duration, 0.001
colon.mat,model NB with 50 features, train duration, 0.001
colon.mat,model NB with 50 features, test duration, 0.001
colon.mat,model SVM with 100 features, train duration, 0.004
colon.mat,model SVM with 100 features, test duration, 0.001
colon.mat,model k - nearest with 100 features, train duration, 0.001
colon.mat,model k - nearest with 100 features, test duration, 0.001
colon.mat,model RandomForest with 100 features, train duration, 0.086
colon.mat,model RandomForest with 100 features, test duration, 0.008
colon.mat,model LogisticsRegression with 100 features, train duration, 0.006
colon.mat,model LogisticsRegression with 100 features, test duration, 0.001
colon.mat,model NB with 100 features, train duration, 0.001
colon.mat,model NB with 100 features, test duration, 0.001
