Breast.arff,reliefF,selection runtime, 0.055
Breast.arff,model SVM with 1 features, train duration, 0.001
Breast.arff,model SVM with 1 features, test duration, 0.001
Breast.arff,model k - nearest with 1 features, train duration, 0.001
Breast.arff,model k - nearest with 1 features, test duration, 0.001
Breast.arff,model RandomForest with 1 features, train duration, 0.100
Breast.arff,model RandomForest with 1 features, test duration, 0.009
Breast.arff,model LogisticsRegression with 1 features, train duration, 0.002
Breast.arff,model LogisticsRegression with 1 features, test duration, 0.001
Breast.arff,model NB with 1 features, train duration, 0.001
Breast.arff,model NB with 1 features, test duration, 0.001
Breast.arff,model SVM with 2 features, train duration, 0.001
Breast.arff,model SVM with 2 features, test duration, 0.001
Breast.arff,model k - nearest with 2 features, train duration, 0.001
Breast.arff,model k - nearest with 2 features, test duration, 0.001
Breast.arff,model RandomForest with 2 features, train duration, 0.122
Breast.arff,model RandomForest with 2 features, test duration, 0.011
Breast.arff,model LogisticsRegression with 2 features, train duration, 0.003
Breast.arff,model LogisticsRegression with 2 features, test duration, 0.001
Breast.arff,model NB with 2 features, train duration, 0.001
Breast.arff,model NB with 2 features, test duration, 0.001
Breast.arff,model SVM with 3 features, train duration, 0.001
Breast.arff,model SVM with 3 features, test duration, 0.001
Breast.arff,model k - nearest with 3 features, train duration, 0.001
Breast.arff,model k - nearest with 3 features, test duration, 0.001
Breast.arff,model RandomForest with 3 features, train duration, 0.111
Breast.arff,model RandomForest with 3 features, test duration, 0.009
Breast.arff,model LogisticsRegression with 3 features, train duration, 0.002
Breast.arff,model LogisticsRegression with 3 features, test duration, 0.001
Breast.arff,model NB with 3 features, train duration, 0.001
Breast.arff,model NB with 3 features, test duration, 0.001
Breast.arff,model SVM with 4 features, train duration, 0.001
Breast.arff,model SVM with 4 features, test duration, 0.001
Breast.arff,model k - nearest with 4 features, train duration, 0.001
Breast.arff,model k - nearest with 4 features, test duration, 0.001
Breast.arff,model RandomForest with 4 features, train duration, 0.109
Breast.arff,model RandomForest with 4 features, test duration, 0.016
Breast.arff,model LogisticsRegression with 4 features, train duration, 0.004
Breast.arff,model LogisticsRegression with 4 features, test duration, 0.004
Breast.arff,model NB with 4 features, train duration, 0.001
Breast.arff,model NB with 4 features, test duration, 0.001
Breast.arff,model SVM with 5 features, train duration, 0.001
Breast.arff,model SVM with 5 features, test duration, 0.001
Breast.arff,model k - nearest with 5 features, train duration, 0.001
Breast.arff,model k - nearest with 5 features, test duration, 0.001
Breast.arff,model RandomForest with 5 features, train duration, 0.102
Breast.arff,model RandomForest with 5 features, test duration, 0.009
Breast.arff,model LogisticsRegression with 5 features, train duration, 0.002
Breast.arff,model LogisticsRegression with 5 features, test duration, 0.001
Breast.arff,model NB with 5 features, train duration, 0.001
Breast.arff,model NB with 5 features, test duration, 0.001
Breast.arff,model SVM with 10 features, train duration, 0.001
Breast.arff,model SVM with 10 features, test duration, 0.001
Breast.arff,model k - nearest with 10 features, train duration, 0.001
Breast.arff,model k - nearest with 10 features, test duration, 0.001
Breast.arff,model RandomForest with 10 features, train duration, 0.103
Breast.arff,model RandomForest with 10 features, test duration, 0.009
Breast.arff,model LogisticsRegression with 10 features, train duration, 0.002
Breast.arff,model LogisticsRegression with 10 features, test duration, 0.001
Breast.arff,model NB with 10 features, train duration, 0.001
Breast.arff,model NB with 10 features, test duration, 0.001
Breast.arff,model SVM with 15 features, train duration, 0.001
Breast.arff,model SVM with 15 features, test duration, 0.001
Breast.arff,model k - nearest with 15 features, train duration, 0.001
Breast.arff,model k - nearest with 15 features, test duration, 0.001
Breast.arff,model RandomForest with 15 features, train duration, 0.088
Breast.arff,model RandomForest with 15 features, test duration, 0.012
Breast.arff,model LogisticsRegression with 15 features, train duration, 0.002
Breast.arff,model LogisticsRegression with 15 features, test duration, 0.001
Breast.arff,model NB with 15 features, train duration, 0.002
Breast.arff,model NB with 15 features, test duration, 0.002
Breast.arff,model SVM with 20 features, train duration, 0.002
Breast.arff,model SVM with 20 features, test duration, 0.001
Breast.arff,model k - nearest with 20 features, train duration, 0.001
Breast.arff,model k - nearest with 20 features, test duration, 0.001
Breast.arff,model RandomForest with 20 features, train duration, 0.129
Breast.arff,model RandomForest with 20 features, test duration, 0.012
Breast.arff,model LogisticsRegression with 20 features, train duration, 0.004
Breast.arff,model LogisticsRegression with 20 features, test duration, 0.001
Breast.arff,model NB with 20 features, train duration, 0.001
Breast.arff,model NB with 20 features, test duration, 0.001
Breast.arff,model SVM with 25 features, train duration, 0.001
Breast.arff,model SVM with 25 features, test duration, 0.001
Breast.arff,model k - nearest with 25 features, train duration, 0.001
Breast.arff,model k - nearest with 25 features, test duration, 0.001
Breast.arff,model RandomForest with 25 features, train duration, 0.108
Breast.arff,model RandomForest with 25 features, test duration, 0.010
Breast.arff,model LogisticsRegression with 25 features, train duration, 0.003
Breast.arff,model LogisticsRegression with 25 features, test duration, 0.001
Breast.arff,model NB with 25 features, train duration, 0.001
Breast.arff,model NB with 25 features, test duration, 0.001
Breast.arff,model SVM with 30 features, train duration, 0.001
Breast.arff,model SVM with 30 features, test duration, 0.001
Breast.arff,model k - nearest with 30 features, train duration, 0.001
Breast.arff,model k - nearest with 30 features, test duration, 0.001
Breast.arff,model RandomForest with 30 features, train duration, 0.106
Breast.arff,model RandomForest with 30 features, test duration, 0.009
Breast.arff,model LogisticsRegression with 30 features, train duration, 0.003
Breast.arff,model LogisticsRegression with 30 features, test duration, 0.001
Breast.arff,model NB with 30 features, train duration, 0.001
Breast.arff,model NB with 30 features, test duration, 0.001
Breast.arff,model SVM with 50 features, train duration, 0.002
Breast.arff,model SVM with 50 features, test duration, 0.001
Breast.arff,model k - nearest with 50 features, train duration, 0.001
Breast.arff,model k - nearest with 50 features, test duration, 0.001
Breast.arff,model RandomForest with 50 features, train duration, 0.110
Breast.arff,model RandomForest with 50 features, test duration, 0.010
Breast.arff,model LogisticsRegression with 50 features, train duration, 0.003
Breast.arff,model LogisticsRegression with 50 features, test duration, 0.001
Breast.arff,model NB with 50 features, train duration, 0.003
Breast.arff,model NB with 50 features, test duration, 0.001
Breast.arff,model SVM with 100 features, train duration, 0.003
Breast.arff,model SVM with 100 features, test duration, 0.002
Breast.arff,model k - nearest with 100 features, train duration, 0.001
Breast.arff,model k - nearest with 100 features, test duration, 0.001
Breast.arff,model RandomForest with 100 features, train duration, 0.147
Breast.arff,model RandomForest with 100 features, test duration, 0.011
Breast.arff,model LogisticsRegression with 100 features, train duration, 0.004
Breast.arff,model LogisticsRegression with 100 features, test duration, 0.001
Breast.arff,model NB with 100 features, train duration, 0.002
Breast.arff,model NB with 100 features, test duration, 0.001
Breast.arff,rfe,selection runtime, 1.804
Breast.arff,model SVM with 1 features, train duration, 0.001
Breast.arff,model SVM with 1 features, test duration, 0.001
Breast.arff,model k - nearest with 1 features, train duration, 0.001
Breast.arff,model k - nearest with 1 features, test duration, 0.001
Breast.arff,model RandomForest with 1 features, train duration, 0.100
Breast.arff,model RandomForest with 1 features, test duration, 0.009
Breast.arff,model LogisticsRegression with 1 features, train duration, 0.002
Breast.arff,model LogisticsRegression with 1 features, test duration, 0.001
Breast.arff,model NB with 1 features, train duration, 0.001
Breast.arff,model NB with 1 features, test duration, 0.001
Breast.arff,model SVM with 2 features, train duration, 0.001
Breast.arff,model SVM with 2 features, test duration, 0.001
Breast.arff,model k - nearest with 2 features, train duration, 0.001
Breast.arff,model k - nearest with 2 features, test duration, 0.001
Breast.arff,model RandomForest with 2 features, train duration, 0.100
Breast.arff,model RandomForest with 2 features, test duration, 0.010
Breast.arff,model LogisticsRegression with 2 features, train duration, 0.002
Breast.arff,model LogisticsRegression with 2 features, test duration, 0.001
Breast.arff,model NB with 2 features, train duration, 0.001
Breast.arff,model NB with 2 features, test duration, 0.001
Breast.arff,model SVM with 3 features, train duration, 0.001
Breast.arff,model SVM with 3 features, test duration, 0.001
Breast.arff,model k - nearest with 3 features, train duration, 0.001
Breast.arff,model k - nearest with 3 features, test duration, 0.001
Breast.arff,model RandomForest with 3 features, train duration, 0.099
Breast.arff,model RandomForest with 3 features, test duration, 0.009
Breast.arff,model LogisticsRegression with 3 features, train duration, 0.002
Breast.arff,model LogisticsRegression with 3 features, test duration, 0.001
Breast.arff,model NB with 3 features, train duration, 0.001
Breast.arff,model NB with 3 features, test duration, 0.001
Breast.arff,model SVM with 4 features, train duration, 0.001
Breast.arff,model SVM with 4 features, test duration, 0.001
Breast.arff,model k - nearest with 4 features, train duration, 0.001
Breast.arff,model k - nearest with 4 features, test duration, 0.001
Breast.arff,model RandomForest with 4 features, train duration, 0.107
Breast.arff,model RandomForest with 4 features, test duration, 0.009
Breast.arff,model LogisticsRegression with 4 features, train duration, 0.003
Breast.arff,model LogisticsRegression with 4 features, test duration, 0.001
Breast.arff,model NB with 4 features, train duration, 0.001
Breast.arff,model NB with 4 features, test duration, 0.001
Breast.arff,model SVM with 5 features, train duration, 0.001
Breast.arff,model SVM with 5 features, test duration, 0.001
Breast.arff,model k - nearest with 5 features, train duration, 0.001
Breast.arff,model k - nearest with 5 features, test duration, 0.001
Breast.arff,model RandomForest with 5 features, train duration, 0.132
Breast.arff,model RandomForest with 5 features, test duration, 0.011
Breast.arff,model LogisticsRegression with 5 features, train duration, 0.003
Breast.arff,model LogisticsRegression with 5 features, test duration, 0.001
Breast.arff,model NB with 5 features, train duration, 0.001
Breast.arff,model NB with 5 features, test duration, 0.001
Breast.arff,model SVM with 10 features, train duration, 0.001
Breast.arff,model SVM with 10 features, test duration, 0.001
Breast.arff,model k - nearest with 10 features, train duration, 0.001
Breast.arff,model k - nearest with 10 features, test duration, 0.001
Breast.arff,model RandomForest with 10 features, train duration, 0.126
Breast.arff,model RandomForest with 10 features, test duration, 0.011
Breast.arff,model LogisticsRegression with 10 features, train duration, 0.004
Breast.arff,model LogisticsRegression with 10 features, test duration, 0.002
Breast.arff,model NB with 10 features, train duration, 0.001
Breast.arff,model NB with 10 features, test duration, 0.001
Breast.arff,model SVM with 15 features, train duration, 0.002
Breast.arff,model SVM with 15 features, test duration, 0.001
Breast.arff,model k - nearest with 15 features, train duration, 0.001
Breast.arff,model k - nearest with 15 features, test duration, 0.001
Breast.arff,model RandomForest with 15 features, train duration, 0.101
Breast.arff,model RandomForest with 15 features, test duration, 0.009
Breast.arff,model LogisticsRegression with 15 features, train duration, 0.003
Breast.arff,model LogisticsRegression with 15 features, test duration, 0.001
Breast.arff,model NB with 15 features, train duration, 0.001
Breast.arff,model NB with 15 features, test duration, 0.001
Breast.arff,model SVM with 20 features, train duration, 0.002
Breast.arff,model SVM with 20 features, test duration, 0.001
Breast.arff,model k - nearest with 20 features, train duration, 0.001
Breast.arff,model k - nearest with 20 features, test duration, 0.001
Breast.arff,model RandomForest with 20 features, train duration, 0.100
Breast.arff,model RandomForest with 20 features, test duration, 0.009
Breast.arff,model LogisticsRegression with 20 features, train duration, 0.003
Breast.arff,model LogisticsRegression with 20 features, test duration, 0.001
Breast.arff,model NB with 20 features, train duration, 0.001
Breast.arff,model NB with 20 features, test duration, 0.001
Breast.arff,model SVM with 25 features, train duration, 0.002
Breast.arff,model SVM with 25 features, test duration, 0.001
Breast.arff,model k - nearest with 25 features, train duration, 0.001
Breast.arff,model k - nearest with 25 features, test duration, 0.001
Breast.arff,model RandomForest with 25 features, train duration, 0.091
Breast.arff,model RandomForest with 25 features, test duration, 0.007
Breast.arff,model LogisticsRegression with 25 features, train duration, 0.003
Breast.arff,model LogisticsRegression with 25 features, test duration, 0.001
Breast.arff,model NB with 25 features, train duration, 0.001
Breast.arff,model NB with 25 features, test duration, 0.001
Breast.arff,model SVM with 30 features, train duration, 0.002
Breast.arff,model SVM with 30 features, test duration, 0.001
Breast.arff,model k - nearest with 30 features, train duration, 0.001
Breast.arff,model k - nearest with 30 features, test duration, 0.001
Breast.arff,model RandomForest with 30 features, train duration, 0.106
Breast.arff,model RandomForest with 30 features, test duration, 0.009
Breast.arff,model LogisticsRegression with 30 features, train duration, 0.004
Breast.arff,model LogisticsRegression with 30 features, test duration, 0.001
Breast.arff,model NB with 30 features, train duration, 0.001
Breast.arff,model NB with 30 features, test duration, 0.001
Breast.arff,model SVM with 50 features, train duration, 0.002
Breast.arff,model SVM with 50 features, test duration, 0.001
Breast.arff,model k - nearest with 50 features, train duration, 0.001
Breast.arff,model k - nearest with 50 features, test duration, 0.001
Breast.arff,model RandomForest with 50 features, train duration, 0.140
Breast.arff,model RandomForest with 50 features, test duration, 0.011
Breast.arff,model LogisticsRegression with 50 features, train duration, 0.004
Breast.arff,model LogisticsRegression with 50 features, test duration, 0.001
Breast.arff,model NB with 50 features, train duration, 0.001
Breast.arff,model NB with 50 features, test duration, 0.001
Breast.arff,model SVM with 100 features, train duration, 0.003
Breast.arff,model SVM with 100 features, test duration, 0.001
Breast.arff,model k - nearest with 100 features, train duration, 0.001
Breast.arff,model k - nearest with 100 features, test duration, 0.001
Breast.arff,model RandomForest with 100 features, train duration, 0.123
Breast.arff,model RandomForest with 100 features, test duration, 0.009
Breast.arff,model LogisticsRegression with 100 features, train duration, 0.005
Breast.arff,model LogisticsRegression with 100 features, test duration, 0.001
Breast.arff,model NB with 100 features, train duration, 0.002
Breast.arff,model NB with 100 features, test duration, 0.001
Breast.arff,Fdr_f_classif,selection runtime, 0.008
Breast.arff,model SVM with 1 features, train duration, 0.001
Breast.arff,model SVM with 1 features, test duration, 0.001
Breast.arff,model k - nearest with 1 features, train duration, 0.001
Breast.arff,model k - nearest with 1 features, test duration, 0.001
Breast.arff,model RandomForest with 1 features, train duration, 0.103
Breast.arff,model RandomForest with 1 features, test duration, 0.011
Breast.arff,model LogisticsRegression with 1 features, train duration, 0.002
Breast.arff,model LogisticsRegression with 1 features, test duration, 0.001
Breast.arff,model NB with 1 features, train duration, 0.001
Breast.arff,model NB with 1 features, test duration, 0.001
Breast.arff,model SVM with 2 features, train duration, 0.001
Breast.arff,model SVM with 2 features, test duration, 0.001
Breast.arff,model k - nearest with 2 features, train duration, 0.001
Breast.arff,model k - nearest with 2 features, test duration, 0.001
Breast.arff,model RandomForest with 2 features, train duration, 0.103
Breast.arff,model RandomForest with 2 features, test duration, 0.009
Breast.arff,model LogisticsRegression with 2 features, train duration, 0.002
Breast.arff,model LogisticsRegression with 2 features, test duration, 0.001
Breast.arff,model NB with 2 features, train duration, 0.001
Breast.arff,model NB with 2 features, test duration, 0.001
Breast.arff,model SVM with 3 features, train duration, 0.002
Breast.arff,model SVM with 3 features, test duration, 0.002
Breast.arff,model k - nearest with 3 features, train duration, 0.001
Breast.arff,model k - nearest with 3 features, test duration, 0.001
Breast.arff,model RandomForest with 3 features, train duration, 0.087
Breast.arff,model RandomForest with 3 features, test duration, 0.008
Breast.arff,model LogisticsRegression with 3 features, train duration, 0.002
Breast.arff,model LogisticsRegression with 3 features, test duration, 0.001
Breast.arff,model NB with 3 features, train duration, 0.001
Breast.arff,model NB with 3 features, test duration, 0.001
Breast.arff,model SVM with 4 features, train duration, 0.001
Breast.arff,model SVM with 4 features, test duration, 0.001
Breast.arff,model k - nearest with 4 features, train duration, 0.001
Breast.arff,model k - nearest with 4 features, test duration, 0.001
Breast.arff,model RandomForest with 4 features, train duration, 0.099
Breast.arff,model RandomForest with 4 features, test duration, 0.009
Breast.arff,model LogisticsRegression with 4 features, train duration, 0.002
Breast.arff,model LogisticsRegression with 4 features, test duration, 0.001
Breast.arff,model NB with 4 features, train duration, 0.001
Breast.arff,model NB with 4 features, test duration, 0.001
Breast.arff,model SVM with 5 features, train duration, 0.001
Breast.arff,model SVM with 5 features, test duration, 0.001
Breast.arff,model k - nearest with 5 features, train duration, 0.001
Breast.arff,model k - nearest with 5 features, test duration, 0.001
Breast.arff,model RandomForest with 5 features, train duration, 0.091
Breast.arff,model RandomForest with 5 features, test duration, 0.008
Breast.arff,model LogisticsRegression with 5 features, train duration, 0.002
Breast.arff,model LogisticsRegression with 5 features, test duration, 0.001
Breast.arff,model NB with 5 features, train duration, 0.001
Breast.arff,model NB with 5 features, test duration, 0.001
Breast.arff,model SVM with 10 features, train duration, 0.002
Breast.arff,model SVM with 10 features, test duration, 0.001
Breast.arff,model k - nearest with 10 features, train duration, 0.001
Breast.arff,model k - nearest with 10 features, test duration, 0.001
Breast.arff,model RandomForest with 10 features, train duration, 0.103
Breast.arff,model RandomForest with 10 features, test duration, 0.009
Breast.arff,model LogisticsRegression with 10 features, train duration, 0.004
Breast.arff,model LogisticsRegression with 10 features, test duration, 0.001
Breast.arff,model NB with 10 features, train duration, 0.001
Breast.arff,model NB with 10 features, test duration, 0.001
Breast.arff,model SVM with 15 features, train duration, 0.001
Breast.arff,model SVM with 15 features, test duration, 0.001
Breast.arff,model k - nearest with 15 features, train duration, 0.001
Breast.arff,model k - nearest with 15 features, test duration, 0.001
Breast.arff,model RandomForest with 15 features, train duration, 0.100
Breast.arff,model RandomForest with 15 features, test duration, 0.009
Breast.arff,model LogisticsRegression with 15 features, train duration, 0.004
Breast.arff,model LogisticsRegression with 15 features, test duration, 0.001
Breast.arff,model NB with 15 features, train duration, 0.001
Breast.arff,model NB with 15 features, test duration, 0.001
Breast.arff,model SVM with 20 features, train duration, 0.002
Breast.arff,model SVM with 20 features, test duration, 0.001
Breast.arff,model k - nearest with 20 features, train duration, 0.001
Breast.arff,model k - nearest with 20 features, test duration, 0.001
Breast.arff,model RandomForest with 20 features, train duration, 0.089
Breast.arff,model RandomForest with 20 features, test duration, 0.008
Breast.arff,model LogisticsRegression with 20 features, train duration, 0.002
Breast.arff,model LogisticsRegression with 20 features, test duration, 0.001
Breast.arff,model NB with 20 features, train duration, 0.001
Breast.arff,model NB with 20 features, test duration, 0.001
Breast.arff,model SVM with 25 features, train duration, 0.001
Breast.arff,model SVM with 25 features, test duration, 0.001
Breast.arff,model k - nearest with 25 features, train duration, 0.001
Breast.arff,model k - nearest with 25 features, test duration, 0.001
Breast.arff,model RandomForest with 25 features, train duration, 0.092
Breast.arff,model RandomForest with 25 features, test duration, 0.008
Breast.arff,model LogisticsRegression with 25 features, train duration, 0.003
Breast.arff,model LogisticsRegression with 25 features, test duration, 0.001
Breast.arff,model NB with 25 features, train duration, 0.001
Breast.arff,model NB with 25 features, test duration, 0.001
Breast.arff,model SVM with 30 features, train duration, 0.002
Breast.arff,model SVM with 30 features, test duration, 0.001
Breast.arff,model k - nearest with 30 features, train duration, 0.001
Breast.arff,model k - nearest with 30 features, test duration, 0.001
Breast.arff,model RandomForest with 30 features, train duration, 0.088
Breast.arff,model RandomForest with 30 features, test duration, 0.008
Breast.arff,model LogisticsRegression with 30 features, train duration, 0.003
Breast.arff,model LogisticsRegression with 30 features, test duration, 0.001
Breast.arff,model NB with 30 features, train duration, 0.001
Breast.arff,model NB with 30 features, test duration, 0.001
Breast.arff,model SVM with 50 features, train duration, 0.002
Breast.arff,model SVM with 50 features, test duration, 0.002
Breast.arff,model k - nearest with 50 features, train duration, 0.001
Breast.arff,model k - nearest with 50 features, test duration, 0.001
Breast.arff,model RandomForest with 50 features, train duration, 0.105
Breast.arff,model RandomForest with 50 features, test duration, 0.009
Breast.arff,model LogisticsRegression with 50 features, train duration, 0.004
Breast.arff,model LogisticsRegression with 50 features, test duration, 0.001
Breast.arff,model NB with 50 features, train duration, 0.001
Breast.arff,model NB with 50 features, test duration, 0.001
Breast.arff,model SVM with 100 features, train duration, 0.003
Breast.arff,model SVM with 100 features, test duration, 0.001
Breast.arff,model k - nearest with 100 features, train duration, 0.002
Breast.arff,model k - nearest with 100 features, test duration, 0.001
Breast.arff,model RandomForest with 100 features, train duration, 0.109
Breast.arff,model RandomForest with 100 features, test duration, 0.010
Breast.arff,model LogisticsRegression with 100 features, train duration, 0.005
Breast.arff,model LogisticsRegression with 100 features, test duration, 0.001
Breast.arff,model NB with 100 features, train duration, 0.002
Breast.arff,model NB with 100 features, test duration, 0.001
Breast.arff,mrmr,selection runtime, 12.353
Breast.arff,model SVM with 1 features, train duration, 0.001
Breast.arff,model SVM with 1 features, test duration, 0.001
Breast.arff,model k - nearest with 1 features, train duration, 0.001
Breast.arff,model k - nearest with 1 features, test duration, 0.001
Breast.arff,model RandomForest with 1 features, train duration, 0.101
Breast.arff,model RandomForest with 1 features, test duration, 0.009
Breast.arff,model LogisticsRegression with 1 features, train duration, 0.002
Breast.arff,model LogisticsRegression with 1 features, test duration, 0.001
Breast.arff,model NB with 1 features, train duration, 0.001
Breast.arff,model NB with 1 features, test duration, 0.001
Breast.arff,model SVM with 2 features, train duration, 0.001
Breast.arff,model SVM with 2 features, test duration, 0.001
Breast.arff,model k - nearest with 2 features, train duration, 0.001
Breast.arff,model k - nearest with 2 features, test duration, 0.001
Breast.arff,model RandomForest with 2 features, train duration, 0.099
Breast.arff,model RandomForest with 2 features, test duration, 0.009
Breast.arff,model LogisticsRegression with 2 features, train duration, 0.002
Breast.arff,model LogisticsRegression with 2 features, test duration, 0.001
Breast.arff,model NB with 2 features, train duration, 0.001
Breast.arff,model NB with 2 features, test duration, 0.001
Breast.arff,model SVM with 3 features, train duration, 0.001
Breast.arff,model SVM with 3 features, test duration, 0.001
Breast.arff,model k - nearest with 3 features, train duration, 0.001
Breast.arff,model k - nearest with 3 features, test duration, 0.001
Breast.arff,model RandomForest with 3 features, train duration, 0.098
Breast.arff,model RandomForest with 3 features, test duration, 0.009
Breast.arff,model LogisticsRegression with 3 features, train duration, 0.003
Breast.arff,model LogisticsRegression with 3 features, test duration, 0.001
Breast.arff,model NB with 3 features, train duration, 0.001
Breast.arff,model NB with 3 features, test duration, 0.001
Breast.arff,model SVM with 4 features, train duration, 0.001
Breast.arff,model SVM with 4 features, test duration, 0.001
Breast.arff,model k - nearest with 4 features, train duration, 0.001
Breast.arff,model k - nearest with 4 features, test duration, 0.001
Breast.arff,model RandomForest with 4 features, train duration, 0.102
Breast.arff,model RandomForest with 4 features, test duration, 0.009
Breast.arff,model LogisticsRegression with 4 features, train duration, 0.002
Breast.arff,model LogisticsRegression with 4 features, test duration, 0.001
Breast.arff,model NB with 4 features, train duration, 0.001
Breast.arff,model NB with 4 features, test duration, 0.001
Breast.arff,model SVM with 5 features, train duration, 0.001
Breast.arff,model SVM with 5 features, test duration, 0.001
Breast.arff,model k - nearest with 5 features, train duration, 0.001
Breast.arff,model k - nearest with 5 features, test duration, 0.001
Breast.arff,model RandomForest with 5 features, train duration, 0.101
Breast.arff,model RandomForest with 5 features, test duration, 0.010
Breast.arff,model LogisticsRegression with 5 features, train duration, 0.002
Breast.arff,model LogisticsRegression with 5 features, test duration, 0.001
Breast.arff,model NB with 5 features, train duration, 0.001
Breast.arff,model NB with 5 features, test duration, 0.001
Breast.arff,model SVM with 10 features, train duration, 0.001
Breast.arff,model SVM with 10 features, test duration, 0.001
Breast.arff,model k - nearest with 10 features, train duration, 0.001
Breast.arff,model k - nearest with 10 features, test duration, 0.001
Breast.arff,model RandomForest with 10 features, train duration, 0.104
Breast.arff,model RandomForest with 10 features, test duration, 0.009
Breast.arff,model LogisticsRegression with 10 features, train duration, 0.002
Breast.arff,model LogisticsRegression with 10 features, test duration, 0.001
Breast.arff,model NB with 10 features, train duration, 0.001
Breast.arff,model NB with 10 features, test duration, 0.001
Breast.arff,model SVM with 15 features, train duration, 0.001
Breast.arff,model SVM with 15 features, test duration, 0.001
Breast.arff,model k - nearest with 15 features, train duration, 0.001
Breast.arff,model k - nearest with 15 features, test duration, 0.001
Breast.arff,model RandomForest with 15 features, train duration, 0.087
Breast.arff,model RandomForest with 15 features, test duration, 0.008
Breast.arff,model LogisticsRegression with 15 features, train duration, 0.002
Breast.arff,model LogisticsRegression with 15 features, test duration, 0.001
Breast.arff,model NB with 15 features, train duration, 0.001
Breast.arff,model NB with 15 features, test duration, 0.001
Breast.arff,model SVM with 20 features, train duration, 0.001
Breast.arff,model SVM with 20 features, test duration, 0.001
Breast.arff,model k - nearest with 20 features, train duration, 0.001
Breast.arff,model k - nearest with 20 features, test duration, 0.001
Breast.arff,model RandomForest with 20 features, train duration, 0.103
Breast.arff,model RandomForest with 20 features, test duration, 0.009
Breast.arff,model LogisticsRegression with 20 features, train duration, 0.002
Breast.arff,model LogisticsRegression with 20 features, test duration, 0.001
Breast.arff,model NB with 20 features, train duration, 0.002
Breast.arff,model NB with 20 features, test duration, 0.001
Breast.arff,model SVM with 25 features, train duration, 0.001
Breast.arff,model SVM with 25 features, test duration, 0.001
Breast.arff,model k - nearest with 25 features, train duration, 0.001
Breast.arff,model k - nearest with 25 features, test duration, 0.001
Breast.arff,model RandomForest with 25 features, train duration, 0.105
Breast.arff,model RandomForest with 25 features, test duration, 0.009
Breast.arff,model LogisticsRegression with 25 features, train duration, 0.003
Breast.arff,model LogisticsRegression with 25 features, test duration, 0.001
Breast.arff,model NB with 25 features, train duration, 0.001
Breast.arff,model NB with 25 features, test duration, 0.001
Breast.arff,model SVM with 30 features, train duration, 0.001
Breast.arff,model SVM with 30 features, test duration, 0.001
Breast.arff,model k - nearest with 30 features, train duration, 0.001
Breast.arff,model k - nearest with 30 features, test duration, 0.001
Breast.arff,model RandomForest with 30 features, train duration, 0.109
Breast.arff,model RandomForest with 30 features, test duration, 0.014
Breast.arff,model LogisticsRegression with 30 features, train duration, 0.003
Breast.arff,model LogisticsRegression with 30 features, test duration, 0.001
Breast.arff,model NB with 30 features, train duration, 0.001
Breast.arff,model NB with 30 features, test duration, 0.001
Breast.arff,model SVM with 50 features, train duration, 0.002
Breast.arff,model SVM with 50 features, test duration, 0.001
Breast.arff,model k - nearest with 50 features, train duration, 0.001
Breast.arff,model k - nearest with 50 features, test duration, 0.001
Breast.arff,model RandomForest with 50 features, train duration, 0.090
Breast.arff,model RandomForest with 50 features, test duration, 0.008
Breast.arff,model LogisticsRegression with 50 features, train duration, 0.004
Breast.arff,model LogisticsRegression with 50 features, test duration, 0.001
Breast.arff,model NB with 50 features, train duration, 0.001
Breast.arff,model NB with 50 features, test duration, 0.001
Breast.arff,model SVM with 100 features, train duration, 0.002
Breast.arff,model SVM with 100 features, test duration, 0.001
Breast.arff,model k - nearest with 100 features, train duration, 0.001
Breast.arff,model k - nearest with 100 features, test duration, 0.001
Breast.arff,model RandomForest with 100 features, train duration, 0.095
Breast.arff,model RandomForest with 100 features, test duration, 0.008
Breast.arff,model LogisticsRegression with 100 features, train duration, 0.005
Breast.arff,model LogisticsRegression with 100 features, test duration, 0.002
Breast.arff,model NB with 100 features, train duration, 0.002
Breast.arff,model NB with 100 features, test duration, 0.001
Breast.arff,MMCC,selection runtime, 80.869
Breast.arff,model SVM with 1 features, train duration, 0.001
Breast.arff,model SVM with 1 features, test duration, 0.001
Breast.arff,model k - nearest with 1 features, train duration, 0.001
Breast.arff,model k - nearest with 1 features, test duration, 0.001
Breast.arff,model RandomForest with 1 features, train duration, 0.097
Breast.arff,model RandomForest with 1 features, test duration, 0.009
Breast.arff,model LogisticsRegression with 1 features, train duration, 0.002
Breast.arff,model LogisticsRegression with 1 features, test duration, 0.001
Breast.arff,model NB with 1 features, train duration, 0.001
Breast.arff,model NB with 1 features, test duration, 0.001
Breast.arff,model SVM with 2 features, train duration, 0.001
Breast.arff,model SVM with 2 features, test duration, 0.001
Breast.arff,model k - nearest with 2 features, train duration, 0.001
Breast.arff,model k - nearest with 2 features, test duration, 0.001
Breast.arff,model RandomForest with 2 features, train duration, 0.099
Breast.arff,model RandomForest with 2 features, test duration, 0.009
Breast.arff,model LogisticsRegression with 2 features, train duration, 0.002
Breast.arff,model LogisticsRegression with 2 features, test duration, 0.001
Breast.arff,model NB with 2 features, train duration, 0.001
Breast.arff,model NB with 2 features, test duration, 0.001
Breast.arff,model SVM with 3 features, train duration, 0.001
Breast.arff,model SVM with 3 features, test duration, 0.001
Breast.arff,model k - nearest with 3 features, train duration, 0.001
Breast.arff,model k - nearest with 3 features, test duration, 0.001
Breast.arff,model RandomForest with 3 features, train duration, 0.098
Breast.arff,model RandomForest with 3 features, test duration, 0.009
Breast.arff,model LogisticsRegression with 3 features, train duration, 0.002
Breast.arff,model LogisticsRegression with 3 features, test duration, 0.001
Breast.arff,model NB with 3 features, train duration, 0.001
Breast.arff,model NB with 3 features, test duration, 0.001
Breast.arff,model SVM with 4 features, train duration, 0.001
Breast.arff,model SVM with 4 features, test duration, 0.001
Breast.arff,model k - nearest with 4 features, train duration, 0.001
Breast.arff,model k - nearest with 4 features, test duration, 0.001
Breast.arff,model RandomForest with 4 features, train duration, 0.100
Breast.arff,model RandomForest with 4 features, test duration, 0.009
Breast.arff,model LogisticsRegression with 4 features, train duration, 0.002
Breast.arff,model LogisticsRegression with 4 features, test duration, 0.001
Breast.arff,model NB with 4 features, train duration, 0.001
Breast.arff,model NB with 4 features, test duration, 0.001
Breast.arff,model SVM with 5 features, train duration, 0.001
Breast.arff,model SVM with 5 features, test duration, 0.001
Breast.arff,model k - nearest with 5 features, train duration, 0.001
Breast.arff,model k - nearest with 5 features, test duration, 0.001
Breast.arff,model RandomForest with 5 features, train duration, 0.099
Breast.arff,model RandomForest with 5 features, test duration, 0.009
Breast.arff,model LogisticsRegression with 5 features, train duration, 0.003
Breast.arff,model LogisticsRegression with 5 features, test duration, 0.001
Breast.arff,model NB with 5 features, train duration, 0.001
Breast.arff,model NB with 5 features, test duration, 0.001
Breast.arff,model SVM with 10 features, train duration, 0.001
Breast.arff,model SVM with 10 features, test duration, 0.001
Breast.arff,model k - nearest with 10 features, train duration, 0.001
Breast.arff,model k - nearest with 10 features, test duration, 0.001
Breast.arff,model RandomForest with 10 features, train duration, 0.104
Breast.arff,model RandomForest with 10 features, test duration, 0.010
Breast.arff,model LogisticsRegression with 10 features, train duration, 0.003
Breast.arff,model LogisticsRegression with 10 features, test duration, 0.001
Breast.arff,model NB with 10 features, train duration, 0.001
Breast.arff,model NB with 10 features, test duration, 0.001
Breast.arff,model SVM with 15 features, train duration, 0.001
Breast.arff,model SVM with 15 features, test duration, 0.001
Breast.arff,model k - nearest with 15 features, train duration, 0.001
Breast.arff,model k - nearest with 15 features, test duration, 0.001
Breast.arff,model RandomForest with 15 features, train duration, 0.102
Breast.arff,model RandomForest with 15 features, test duration, 0.010
Breast.arff,model LogisticsRegression with 15 features, train duration, 0.003
Breast.arff,model LogisticsRegression with 15 features, test duration, 0.001
Breast.arff,model NB with 15 features, train duration, 0.001
Breast.arff,model NB with 15 features, test duration, 0.001
Breast.arff,model SVM with 20 features, train duration, 0.001
Breast.arff,model SVM with 20 features, test duration, 0.001
Breast.arff,model k - nearest with 20 features, train duration, 0.001
Breast.arff,model k - nearest with 20 features, test duration, 0.001
Breast.arff,model RandomForest with 20 features, train duration, 0.104
Breast.arff,model RandomForest with 20 features, test duration, 0.009
Breast.arff,model LogisticsRegression with 20 features, train duration, 0.003
Breast.arff,model LogisticsRegression with 20 features, test duration, 0.001
Breast.arff,model NB with 20 features, train duration, 0.001
Breast.arff,model NB with 20 features, test duration, 0.001
Breast.arff,model SVM with 25 features, train duration, 0.002
Breast.arff,model SVM with 25 features, test duration, 0.001
Breast.arff,model k - nearest with 25 features, train duration, 0.001
Breast.arff,model k - nearest with 25 features, test duration, 0.001
Breast.arff,model RandomForest with 25 features, train duration, 0.092
Breast.arff,model RandomForest with 25 features, test duration, 0.008
Breast.arff,model LogisticsRegression with 25 features, train duration, 0.003
Breast.arff,model LogisticsRegression with 25 features, test duration, 0.001
Breast.arff,model NB with 25 features, train duration, 0.002
Breast.arff,model NB with 25 features, test duration, 0.001
Breast.arff,model SVM with 30 features, train duration, 0.003
Breast.arff,model SVM with 30 features, test duration, 0.001
Breast.arff,model k - nearest with 30 features, train duration, 0.001
Breast.arff,model k - nearest with 30 features, test duration, 0.001
Breast.arff,model RandomForest with 30 features, train duration, 0.104
Breast.arff,model RandomForest with 30 features, test duration, 0.009
Breast.arff,model LogisticsRegression with 30 features, train duration, 0.004
Breast.arff,model LogisticsRegression with 30 features, test duration, 0.001
Breast.arff,model NB with 30 features, train duration, 0.001
Breast.arff,model NB with 30 features, test duration, 0.001
Breast.arff,model SVM with 50 features, train duration, 0.002
Breast.arff,model SVM with 50 features, test duration, 0.001
Breast.arff,model k - nearest with 50 features, train duration, 0.001
Breast.arff,model k - nearest with 50 features, test duration, 0.001
Breast.arff,model RandomForest with 50 features, train duration, 0.108
Breast.arff,model RandomForest with 50 features, test duration, 0.010
Breast.arff,model LogisticsRegression with 50 features, train duration, 0.003
Breast.arff,model LogisticsRegression with 50 features, test duration, 0.001
Breast.arff,model NB with 50 features, train duration, 0.001
Breast.arff,model NB with 50 features, test duration, 0.001
Breast.arff,model SVM with 100 features, train duration, 0.003
Breast.arff,model SVM with 100 features, test duration, 0.001
Breast.arff,model k - nearest with 100 features, train duration, 0.001
Breast.arff,model k - nearest with 100 features, test duration, 0.001
Breast.arff,model RandomForest with 100 features, train duration, 0.112
Breast.arff,model RandomForest with 100 features, test duration, 0.010
Breast.arff,model LogisticsRegression with 100 features, train duration, 0.006
Breast.arff,model LogisticsRegression with 100 features, test duration, 0.001
Breast.arff,model NB with 100 features, train duration, 0.002
Breast.arff,model NB with 100 features, test duration, 0.001
