ayeastCC.csv,reliefF,selection runtime, 0.016
ayeastCC.csv,model SVM with 1 features, train duration, 0.001
ayeastCC.csv,model SVM with 1 features, test duration, 0.001
ayeastCC.csv,model k - nearest with 1 features, train duration, 0.001
ayeastCC.csv,model k - nearest with 1 features, test duration, 0.001
ayeastCC.csv,model RandomForest with 1 features, train duration, 0.090
ayeastCC.csv,model RandomForest with 1 features, test duration, 0.008
ayeastCC.csv,model LogisticsRegression with 1 features, train duration, 0.002
ayeastCC.csv,model LogisticsRegression with 1 features, test duration, 0.001
ayeastCC.csv,model NB with 1 features, train duration, 0.001
ayeastCC.csv,model NB with 1 features, test duration, 0.001
ayeastCC.csv,model SVM with 2 features, train duration, 0.001
ayeastCC.csv,model SVM with 2 features, test duration, 0.001
ayeastCC.csv,model k - nearest with 2 features, train duration, 0.001
ayeastCC.csv,model k - nearest with 2 features, test duration, 0.001
ayeastCC.csv,model RandomForest with 2 features, train duration, 0.082
ayeastCC.csv,model RandomForest with 2 features, test duration, 0.007
ayeastCC.csv,model LogisticsRegression with 2 features, train duration, 0.002
ayeastCC.csv,model LogisticsRegression with 2 features, test duration, 0.001
ayeastCC.csv,model NB with 2 features, train duration, 0.001
ayeastCC.csv,model NB with 2 features, test duration, 0.001
ayeastCC.csv,model SVM with 3 features, train duration, 0.001
ayeastCC.csv,model SVM with 3 features, test duration, 0.001
ayeastCC.csv,model k - nearest with 3 features, train duration, 0.001
ayeastCC.csv,model k - nearest with 3 features, test duration, 0.001
ayeastCC.csv,model RandomForest with 3 features, train duration, 0.083
ayeastCC.csv,model RandomForest with 3 features, test duration, 0.008
ayeastCC.csv,model LogisticsRegression with 3 features, train duration, 0.002
ayeastCC.csv,model LogisticsRegression with 3 features, test duration, 0.001
ayeastCC.csv,model NB with 3 features, train duration, 0.001
ayeastCC.csv,model NB with 3 features, test duration, 0.001
ayeastCC.csv,model SVM with 4 features, train duration, 0.001
ayeastCC.csv,model SVM with 4 features, test duration, 0.001
ayeastCC.csv,model k - nearest with 4 features, train duration, 0.001
ayeastCC.csv,model k - nearest with 4 features, test duration, 0.001
ayeastCC.csv,model RandomForest with 4 features, train duration, 0.085
ayeastCC.csv,model RandomForest with 4 features, test duration, 0.008
ayeastCC.csv,model LogisticsRegression with 4 features, train duration, 0.002
ayeastCC.csv,model LogisticsRegression with 4 features, test duration, 0.001
ayeastCC.csv,model NB with 4 features, train duration, 0.001
ayeastCC.csv,model NB with 4 features, test duration, 0.001
ayeastCC.csv,model SVM with 5 features, train duration, 0.001
ayeastCC.csv,model SVM with 5 features, test duration, 0.001
ayeastCC.csv,model k - nearest with 5 features, train duration, 0.001
ayeastCC.csv,model k - nearest with 5 features, test duration, 0.001
ayeastCC.csv,model RandomForest with 5 features, train duration, 0.100
ayeastCC.csv,model RandomForest with 5 features, test duration, 0.009
ayeastCC.csv,model LogisticsRegression with 5 features, train duration, 0.002
ayeastCC.csv,model LogisticsRegression with 5 features, test duration, 0.001
ayeastCC.csv,model NB with 5 features, train duration, 0.001
ayeastCC.csv,model NB with 5 features, test duration, 0.001
ayeastCC.csv,model SVM with 10 features, train duration, 0.001
ayeastCC.csv,model SVM with 10 features, test duration, 0.001
ayeastCC.csv,model k - nearest with 10 features, train duration, 0.001
ayeastCC.csv,model k - nearest with 10 features, test duration, 0.001
ayeastCC.csv,model RandomForest with 10 features, train duration, 0.091
ayeastCC.csv,model RandomForest with 10 features, test duration, 0.008
ayeastCC.csv,model LogisticsRegression with 10 features, train duration, 0.002
ayeastCC.csv,model LogisticsRegression with 10 features, test duration, 0.001
ayeastCC.csv,model NB with 10 features, train duration, 0.001
ayeastCC.csv,model NB with 10 features, test duration, 0.001
ayeastCC.csv,model SVM with 15 features, train duration, 0.001
ayeastCC.csv,model SVM with 15 features, test duration, 0.001
ayeastCC.csv,model k - nearest with 15 features, train duration, 0.001
ayeastCC.csv,model k - nearest with 15 features, test duration, 0.001
ayeastCC.csv,model RandomForest with 15 features, train duration, 0.107
ayeastCC.csv,model RandomForest with 15 features, test duration, 0.010
ayeastCC.csv,model LogisticsRegression with 15 features, train duration, 0.002
ayeastCC.csv,model LogisticsRegression with 15 features, test duration, 0.001
ayeastCC.csv,model NB with 15 features, train duration, 0.001
ayeastCC.csv,model NB with 15 features, test duration, 0.001
ayeastCC.csv,model SVM with 20 features, train duration, 0.001
ayeastCC.csv,model SVM with 20 features, test duration, 0.001
ayeastCC.csv,model k - nearest with 20 features, train duration, 0.001
ayeastCC.csv,model k - nearest with 20 features, test duration, 0.001
ayeastCC.csv,model RandomForest with 20 features, train duration, 0.124
ayeastCC.csv,model RandomForest with 20 features, test duration, 0.010
ayeastCC.csv,model LogisticsRegression with 20 features, train duration, 0.003
ayeastCC.csv,model LogisticsRegression with 20 features, test duration, 0.001
ayeastCC.csv,model NB with 20 features, train duration, 0.002
ayeastCC.csv,model NB with 20 features, test duration, 0.001
ayeastCC.csv,model SVM with 25 features, train duration, 0.001
ayeastCC.csv,model SVM with 25 features, test duration, 0.001
ayeastCC.csv,model k - nearest with 25 features, train duration, 0.001
ayeastCC.csv,model k - nearest with 25 features, test duration, 0.001
ayeastCC.csv,model RandomForest with 25 features, train duration, 0.083
ayeastCC.csv,model RandomForest with 25 features, test duration, 0.009
ayeastCC.csv,model LogisticsRegression with 25 features, train duration, 0.002
ayeastCC.csv,model LogisticsRegression with 25 features, test duration, 0.001
ayeastCC.csv,model NB with 25 features, train duration, 0.001
ayeastCC.csv,model NB with 25 features, test duration, 0.001
ayeastCC.csv,model SVM with 30 features, train duration, 0.001
ayeastCC.csv,model SVM with 30 features, test duration, 0.001
ayeastCC.csv,model k - nearest with 30 features, train duration, 0.001
ayeastCC.csv,model k - nearest with 30 features, test duration, 0.001
ayeastCC.csv,model RandomForest with 30 features, train duration, 0.102
ayeastCC.csv,model RandomForest with 30 features, test duration, 0.009
ayeastCC.csv,model LogisticsRegression with 30 features, train duration, 0.004
ayeastCC.csv,model LogisticsRegression with 30 features, test duration, 0.001
ayeastCC.csv,model NB with 30 features, train duration, 0.001
ayeastCC.csv,model NB with 30 features, test duration, 0.001
ayeastCC.csv,model SVM with 50 features, train duration, 0.002
ayeastCC.csv,model SVM with 50 features, test duration, 0.001
ayeastCC.csv,model k - nearest with 50 features, train duration, 0.001
ayeastCC.csv,model k - nearest with 50 features, test duration, 0.001
ayeastCC.csv,model RandomForest with 50 features, train duration, 0.100
ayeastCC.csv,model RandomForest with 50 features, test duration, 0.009
ayeastCC.csv,model LogisticsRegression with 50 features, train duration, 0.003
ayeastCC.csv,model LogisticsRegression with 50 features, test duration, 0.001
ayeastCC.csv,model NB with 50 features, train duration, 0.002
ayeastCC.csv,model NB with 50 features, test duration, 0.001
ayeastCC.csv,model SVM with 100 features, train duration, 0.002
ayeastCC.csv,model SVM with 100 features, test duration, 0.002
ayeastCC.csv,model k - nearest with 100 features, train duration, 0.002
ayeastCC.csv,model k - nearest with 100 features, test duration, 0.002
ayeastCC.csv,model RandomForest with 100 features, train duration, 0.101
ayeastCC.csv,model RandomForest with 100 features, test duration, 0.009
ayeastCC.csv,model LogisticsRegression with 100 features, train duration, 0.003
ayeastCC.csv,model LogisticsRegression with 100 features, test duration, 0.001
ayeastCC.csv,model NB with 100 features, train duration, 0.002
ayeastCC.csv,model NB with 100 features, test duration, 0.001
ayeastCC.csv,rfe,selection runtime, 0.479
ayeastCC.csv,model SVM with 1 features, train duration, 0.001
ayeastCC.csv,model SVM with 1 features, test duration, 0.001
ayeastCC.csv,model k - nearest with 1 features, train duration, 0.001
ayeastCC.csv,model k - nearest with 1 features, test duration, 0.001
ayeastCC.csv,model RandomForest with 1 features, train duration, 0.097
ayeastCC.csv,model RandomForest with 1 features, test duration, 0.009
ayeastCC.csv,model LogisticsRegression with 1 features, train duration, 0.002
ayeastCC.csv,model LogisticsRegression with 1 features, test duration, 0.001
ayeastCC.csv,model NB with 1 features, train duration, 0.001
ayeastCC.csv,model NB with 1 features, test duration, 0.001
ayeastCC.csv,model SVM with 2 features, train duration, 0.001
ayeastCC.csv,model SVM with 2 features, test duration, 0.001
ayeastCC.csv,model k - nearest with 2 features, train duration, 0.001
ayeastCC.csv,model k - nearest with 2 features, test duration, 0.001
ayeastCC.csv,model RandomForest with 2 features, train duration, 0.099
ayeastCC.csv,model RandomForest with 2 features, test duration, 0.010
ayeastCC.csv,model LogisticsRegression with 2 features, train duration, 0.003
ayeastCC.csv,model LogisticsRegression with 2 features, test duration, 0.001
ayeastCC.csv,model NB with 2 features, train duration, 0.001
ayeastCC.csv,model NB with 2 features, test duration, 0.001
ayeastCC.csv,model SVM with 3 features, train duration, 0.001
ayeastCC.csv,model SVM with 3 features, test duration, 0.001
ayeastCC.csv,model k - nearest with 3 features, train duration, 0.001
ayeastCC.csv,model k - nearest with 3 features, test duration, 0.001
ayeastCC.csv,model RandomForest with 3 features, train duration, 0.094
ayeastCC.csv,model RandomForest with 3 features, test duration, 0.009
ayeastCC.csv,model LogisticsRegression with 3 features, train duration, 0.002
ayeastCC.csv,model LogisticsRegression with 3 features, test duration, 0.001
ayeastCC.csv,model NB with 3 features, train duration, 0.001
ayeastCC.csv,model NB with 3 features, test duration, 0.001
ayeastCC.csv,model SVM with 4 features, train duration, 0.001
ayeastCC.csv,model SVM with 4 features, test duration, 0.001
ayeastCC.csv,model k - nearest with 4 features, train duration, 0.001
ayeastCC.csv,model k - nearest with 4 features, test duration, 0.001
ayeastCC.csv,model RandomForest with 4 features, train duration, 0.093
ayeastCC.csv,model RandomForest with 4 features, test duration, 0.010
ayeastCC.csv,model LogisticsRegression with 4 features, train duration, 0.002
ayeastCC.csv,model LogisticsRegression with 4 features, test duration, 0.001
ayeastCC.csv,model NB with 4 features, train duration, 0.001
ayeastCC.csv,model NB with 4 features, test duration, 0.001
ayeastCC.csv,model SVM with 5 features, train duration, 0.001
ayeastCC.csv,model SVM with 5 features, test duration, 0.001
ayeastCC.csv,model k - nearest with 5 features, train duration, 0.001
ayeastCC.csv,model k - nearest with 5 features, test duration, 0.001
ayeastCC.csv,model RandomForest with 5 features, train duration, 0.093
ayeastCC.csv,model RandomForest with 5 features, test duration, 0.009
ayeastCC.csv,model LogisticsRegression with 5 features, train duration, 0.002
ayeastCC.csv,model LogisticsRegression with 5 features, test duration, 0.001
ayeastCC.csv,model NB with 5 features, train duration, 0.001
ayeastCC.csv,model NB with 5 features, test duration, 0.001
ayeastCC.csv,model SVM with 10 features, train duration, 0.001
ayeastCC.csv,model SVM with 10 features, test duration, 0.001
ayeastCC.csv,model k - nearest with 10 features, train duration, 0.001
ayeastCC.csv,model k - nearest with 10 features, test duration, 0.001
ayeastCC.csv,model RandomForest with 10 features, train duration, 0.099
ayeastCC.csv,model RandomForest with 10 features, test duration, 0.010
ayeastCC.csv,model LogisticsRegression with 10 features, train duration, 0.003
ayeastCC.csv,model LogisticsRegression with 10 features, test duration, 0.001
ayeastCC.csv,model NB with 10 features, train duration, 0.001
ayeastCC.csv,model NB with 10 features, test duration, 0.001
ayeastCC.csv,model SVM with 15 features, train duration, 0.001
ayeastCC.csv,model SVM with 15 features, test duration, 0.001
ayeastCC.csv,model k - nearest with 15 features, train duration, 0.001
ayeastCC.csv,model k - nearest with 15 features, test duration, 0.001
ayeastCC.csv,model RandomForest with 15 features, train duration, 0.095
ayeastCC.csv,model RandomForest with 15 features, test duration, 0.009
ayeastCC.csv,model LogisticsRegression with 15 features, train duration, 0.002
ayeastCC.csv,model LogisticsRegression with 15 features, test duration, 0.001
ayeastCC.csv,model NB with 15 features, train duration, 0.001
ayeastCC.csv,model NB with 15 features, test duration, 0.001
ayeastCC.csv,model SVM with 20 features, train duration, 0.001
ayeastCC.csv,model SVM with 20 features, test duration, 0.001
ayeastCC.csv,model k - nearest with 20 features, train duration, 0.001
ayeastCC.csv,model k - nearest with 20 features, test duration, 0.001
ayeastCC.csv,model RandomForest with 20 features, train duration, 0.098
ayeastCC.csv,model RandomForest with 20 features, test duration, 0.009
ayeastCC.csv,model LogisticsRegression with 20 features, train duration, 0.003
ayeastCC.csv,model LogisticsRegression with 20 features, test duration, 0.001
ayeastCC.csv,model NB with 20 features, train duration, 0.001
ayeastCC.csv,model NB with 20 features, test duration, 0.001
ayeastCC.csv,model SVM with 25 features, train duration, 0.001
ayeastCC.csv,model SVM with 25 features, test duration, 0.001
ayeastCC.csv,model k - nearest with 25 features, train duration, 0.001
ayeastCC.csv,model k - nearest with 25 features, test duration, 0.001
ayeastCC.csv,model RandomForest with 25 features, train duration, 0.099
ayeastCC.csv,model RandomForest with 25 features, test duration, 0.010
ayeastCC.csv,model LogisticsRegression with 25 features, train duration, 0.002
ayeastCC.csv,model LogisticsRegression with 25 features, test duration, 0.001
ayeastCC.csv,model NB with 25 features, train duration, 0.001
ayeastCC.csv,model NB with 25 features, test duration, 0.001
ayeastCC.csv,model SVM with 30 features, train duration, 0.001
ayeastCC.csv,model SVM with 30 features, test duration, 0.001
ayeastCC.csv,model k - nearest with 30 features, train duration, 0.001
ayeastCC.csv,model k - nearest with 30 features, test duration, 0.001
ayeastCC.csv,model RandomForest with 30 features, train duration, 0.098
ayeastCC.csv,model RandomForest with 30 features, test duration, 0.009
ayeastCC.csv,model LogisticsRegression with 30 features, train duration, 0.003
ayeastCC.csv,model LogisticsRegression with 30 features, test duration, 0.001
ayeastCC.csv,model NB with 30 features, train duration, 0.001
ayeastCC.csv,model NB with 30 features, test duration, 0.001
ayeastCC.csv,model SVM with 50 features, train duration, 0.001
ayeastCC.csv,model SVM with 50 features, test duration, 0.001
ayeastCC.csv,model k - nearest with 50 features, train duration, 0.001
ayeastCC.csv,model k - nearest with 50 features, test duration, 0.001
ayeastCC.csv,model RandomForest with 50 features, train duration, 0.099
ayeastCC.csv,model RandomForest with 50 features, test duration, 0.010
ayeastCC.csv,model LogisticsRegression with 50 features, train duration, 0.003
ayeastCC.csv,model LogisticsRegression with 50 features, test duration, 0.001
ayeastCC.csv,model NB with 50 features, train duration, 0.002
ayeastCC.csv,model NB with 50 features, test duration, 0.001
ayeastCC.csv,model SVM with 100 features, train duration, 0.002
ayeastCC.csv,model SVM with 100 features, test duration, 0.002
ayeastCC.csv,model k - nearest with 100 features, train duration, 0.002
ayeastCC.csv,model k - nearest with 100 features, test duration, 0.002
ayeastCC.csv,model RandomForest with 100 features, train duration, 0.102
ayeastCC.csv,model RandomForest with 100 features, test duration, 0.010
ayeastCC.csv,model LogisticsRegression with 100 features, train duration, 0.004
ayeastCC.csv,model LogisticsRegression with 100 features, test duration, 0.002
ayeastCC.csv,model NB with 100 features, train duration, 0.002
ayeastCC.csv,model NB with 100 features, test duration, 0.001
ayeastCC.csv,Fdr_f_classif,selection runtime, 0.007
ayeastCC.csv,model SVM with 1 features, train duration, 0.001
ayeastCC.csv,model SVM with 1 features, test duration, 0.001
ayeastCC.csv,model k - nearest with 1 features, train duration, 0.001
ayeastCC.csv,model k - nearest with 1 features, test duration, 0.001
ayeastCC.csv,model RandomForest with 1 features, train duration, 0.097
ayeastCC.csv,model RandomForest with 1 features, test duration, 0.009
ayeastCC.csv,model LogisticsRegression with 1 features, train duration, 0.002
ayeastCC.csv,model LogisticsRegression with 1 features, test duration, 0.001
ayeastCC.csv,model NB with 1 features, train duration, 0.001
ayeastCC.csv,model NB with 1 features, test duration, 0.001
ayeastCC.csv,model SVM with 2 features, train duration, 0.001
ayeastCC.csv,model SVM with 2 features, test duration, 0.001
ayeastCC.csv,model k - nearest with 2 features, train duration, 0.001
ayeastCC.csv,model k - nearest with 2 features, test duration, 0.001
ayeastCC.csv,model RandomForest with 2 features, train duration, 0.098
ayeastCC.csv,model RandomForest with 2 features, test duration, 0.009
ayeastCC.csv,model LogisticsRegression with 2 features, train duration, 0.003
ayeastCC.csv,model LogisticsRegression with 2 features, test duration, 0.001
ayeastCC.csv,model NB with 2 features, train duration, 0.001
ayeastCC.csv,model NB with 2 features, test duration, 0.001
ayeastCC.csv,model SVM with 3 features, train duration, 0.001
ayeastCC.csv,model SVM with 3 features, test duration, 0.001
ayeastCC.csv,model k - nearest with 3 features, train duration, 0.001
ayeastCC.csv,model k - nearest with 3 features, test duration, 0.001
ayeastCC.csv,model RandomForest with 3 features, train duration, 0.100
ayeastCC.csv,model RandomForest with 3 features, test duration, 0.009
ayeastCC.csv,model LogisticsRegression with 3 features, train duration, 0.002
ayeastCC.csv,model LogisticsRegression with 3 features, test duration, 0.001
ayeastCC.csv,model NB with 3 features, train duration, 0.001
ayeastCC.csv,model NB with 3 features, test duration, 0.001
ayeastCC.csv,model SVM with 4 features, train duration, 0.001
ayeastCC.csv,model SVM with 4 features, test duration, 0.001
ayeastCC.csv,model k - nearest with 4 features, train duration, 0.001
ayeastCC.csv,model k - nearest with 4 features, test duration, 0.001
ayeastCC.csv,model RandomForest with 4 features, train duration, 0.100
ayeastCC.csv,model RandomForest with 4 features, test duration, 0.009
ayeastCC.csv,model LogisticsRegression with 4 features, train duration, 0.002
ayeastCC.csv,model LogisticsRegression with 4 features, test duration, 0.001
ayeastCC.csv,model NB with 4 features, train duration, 0.001
ayeastCC.csv,model NB with 4 features, test duration, 0.001
ayeastCC.csv,model SVM with 5 features, train duration, 0.001
ayeastCC.csv,model SVM with 5 features, test duration, 0.001
ayeastCC.csv,model k - nearest with 5 features, train duration, 0.001
ayeastCC.csv,model k - nearest with 5 features, test duration, 0.001
ayeastCC.csv,model RandomForest with 5 features, train duration, 0.089
ayeastCC.csv,model RandomForest with 5 features, test duration, 0.008
ayeastCC.csv,model LogisticsRegression with 5 features, train duration, 0.002
ayeastCC.csv,model LogisticsRegression with 5 features, test duration, 0.001
ayeastCC.csv,model NB with 5 features, train duration, 0.001
ayeastCC.csv,model NB with 5 features, test duration, 0.001
ayeastCC.csv,model SVM with 10 features, train duration, 0.001
ayeastCC.csv,model SVM with 10 features, test duration, 0.001
ayeastCC.csv,model k - nearest with 10 features, train duration, 0.001
ayeastCC.csv,model k - nearest with 10 features, test duration, 0.001
ayeastCC.csv,model RandomForest with 10 features, train duration, 0.081
ayeastCC.csv,model RandomForest with 10 features, test duration, 0.012
ayeastCC.csv,model LogisticsRegression with 10 features, train duration, 0.002
ayeastCC.csv,model LogisticsRegression with 10 features, test duration, 0.001
ayeastCC.csv,model NB with 10 features, train duration, 0.001
ayeastCC.csv,model NB with 10 features, test duration, 0.001
ayeastCC.csv,model SVM with 15 features, train duration, 0.001
ayeastCC.csv,model SVM with 15 features, test duration, 0.001
ayeastCC.csv,model k - nearest with 15 features, train duration, 0.001
ayeastCC.csv,model k - nearest with 15 features, test duration, 0.001
ayeastCC.csv,model RandomForest with 15 features, train duration, 0.095
ayeastCC.csv,model RandomForest with 15 features, test duration, 0.008
ayeastCC.csv,model LogisticsRegression with 15 features, train duration, 0.002
ayeastCC.csv,model LogisticsRegression with 15 features, test duration, 0.001
ayeastCC.csv,model NB with 15 features, train duration, 0.001
ayeastCC.csv,model NB with 15 features, test duration, 0.001
ayeastCC.csv,model SVM with 20 features, train duration, 0.001
ayeastCC.csv,model SVM with 20 features, test duration, 0.001
ayeastCC.csv,model k - nearest with 20 features, train duration, 0.001
ayeastCC.csv,model k - nearest with 20 features, test duration, 0.001
ayeastCC.csv,model RandomForest with 20 features, train duration, 0.108
ayeastCC.csv,model RandomForest with 20 features, test duration, 0.009
ayeastCC.csv,model LogisticsRegression with 20 features, train duration, 0.002
ayeastCC.csv,model LogisticsRegression with 20 features, test duration, 0.001
ayeastCC.csv,model NB with 20 features, train duration, 0.001
ayeastCC.csv,model NB with 20 features, test duration, 0.001
ayeastCC.csv,model SVM with 25 features, train duration, 0.001
ayeastCC.csv,model SVM with 25 features, test duration, 0.001
ayeastCC.csv,model k - nearest with 25 features, train duration, 0.001
ayeastCC.csv,model k - nearest with 25 features, test duration, 0.001
ayeastCC.csv,model RandomForest with 25 features, train duration, 0.083
ayeastCC.csv,model RandomForest with 25 features, test duration, 0.007
ayeastCC.csv,model LogisticsRegression with 25 features, train duration, 0.002
ayeastCC.csv,model LogisticsRegression with 25 features, test duration, 0.001
ayeastCC.csv,model NB with 25 features, train duration, 0.001
ayeastCC.csv,model NB with 25 features, test duration, 0.001
ayeastCC.csv,model SVM with 30 features, train duration, 0.001
ayeastCC.csv,model SVM with 30 features, test duration, 0.001
ayeastCC.csv,model k - nearest with 30 features, train duration, 0.001
ayeastCC.csv,model k - nearest with 30 features, test duration, 0.001
ayeastCC.csv,model RandomForest with 30 features, train duration, 0.091
ayeastCC.csv,model RandomForest with 30 features, test duration, 0.009
ayeastCC.csv,model LogisticsRegression with 30 features, train duration, 0.002
ayeastCC.csv,model LogisticsRegression with 30 features, test duration, 0.001
ayeastCC.csv,model NB with 30 features, train duration, 0.001
ayeastCC.csv,model NB with 30 features, test duration, 0.001
ayeastCC.csv,model SVM with 50 features, train duration, 0.001
ayeastCC.csv,model SVM with 50 features, test duration, 0.001
ayeastCC.csv,model k - nearest with 50 features, train duration, 0.001
ayeastCC.csv,model k - nearest with 50 features, test duration, 0.001
ayeastCC.csv,model RandomForest with 50 features, train duration, 0.087
ayeastCC.csv,model RandomForest with 50 features, test duration, 0.008
ayeastCC.csv,model LogisticsRegression with 50 features, train duration, 0.003
ayeastCC.csv,model LogisticsRegression with 50 features, test duration, 0.001
ayeastCC.csv,model NB with 50 features, train duration, 0.001
ayeastCC.csv,model NB with 50 features, test duration, 0.001
ayeastCC.csv,model SVM with 100 features, train duration, 0.002
ayeastCC.csv,model SVM with 100 features, test duration, 0.001
ayeastCC.csv,model k - nearest with 100 features, train duration, 0.002
ayeastCC.csv,model k - nearest with 100 features, test duration, 0.001
ayeastCC.csv,model RandomForest with 100 features, train duration, 0.107
ayeastCC.csv,model RandomForest with 100 features, test duration, 0.013
ayeastCC.csv,model LogisticsRegression with 100 features, train duration, 0.004
ayeastCC.csv,model LogisticsRegression with 100 features, test duration, 0.002
ayeastCC.csv,model NB with 100 features, train duration, 0.002
ayeastCC.csv,model NB with 100 features, test duration, 0.002
ayeastCC.csv,mrmr,selection runtime, 12.052
ayeastCC.csv,model SVM with 1 features, train duration, 0.001
ayeastCC.csv,model SVM with 1 features, test duration, 0.001
ayeastCC.csv,model k - nearest with 1 features, train duration, 0.001
ayeastCC.csv,model k - nearest with 1 features, test duration, 0.001
ayeastCC.csv,model RandomForest with 1 features, train duration, 0.097
ayeastCC.csv,model RandomForest with 1 features, test duration, 0.008
ayeastCC.csv,model LogisticsRegression with 1 features, train duration, 0.002
ayeastCC.csv,model LogisticsRegression with 1 features, test duration, 0.001
ayeastCC.csv,model NB with 1 features, train duration, 0.001
ayeastCC.csv,model NB with 1 features, test duration, 0.001
ayeastCC.csv,model SVM with 2 features, train duration, 0.001
ayeastCC.csv,model SVM with 2 features, test duration, 0.001
ayeastCC.csv,model k - nearest with 2 features, train duration, 0.001
ayeastCC.csv,model k - nearest with 2 features, test duration, 0.001
ayeastCC.csv,model RandomForest with 2 features, train duration, 0.085
ayeastCC.csv,model RandomForest with 2 features, test duration, 0.007
ayeastCC.csv,model LogisticsRegression with 2 features, train duration, 0.003
ayeastCC.csv,model LogisticsRegression with 2 features, test duration, 0.001
ayeastCC.csv,model NB with 2 features, train duration, 0.001
ayeastCC.csv,model NB with 2 features, test duration, 0.001
ayeastCC.csv,model SVM with 3 features, train duration, 0.001
ayeastCC.csv,model SVM with 3 features, test duration, 0.001
ayeastCC.csv,model k - nearest with 3 features, train duration, 0.001
ayeastCC.csv,model k - nearest with 3 features, test duration, 0.001
ayeastCC.csv,model RandomForest with 3 features, train duration, 0.088
ayeastCC.csv,model RandomForest with 3 features, test duration, 0.008
ayeastCC.csv,model LogisticsRegression with 3 features, train duration, 0.002
ayeastCC.csv,model LogisticsRegression with 3 features, test duration, 0.001
ayeastCC.csv,model NB with 3 features, train duration, 0.002
ayeastCC.csv,model NB with 3 features, test duration, 0.001
ayeastCC.csv,model SVM with 4 features, train duration, 0.001
ayeastCC.csv,model SVM with 4 features, test duration, 0.001
ayeastCC.csv,model k - nearest with 4 features, train duration, 0.001
ayeastCC.csv,model k - nearest with 4 features, test duration, 0.001
ayeastCC.csv,model RandomForest with 4 features, train duration, 0.091
ayeastCC.csv,model RandomForest with 4 features, test duration, 0.008
ayeastCC.csv,model LogisticsRegression with 4 features, train duration, 0.002
ayeastCC.csv,model LogisticsRegression with 4 features, test duration, 0.001
ayeastCC.csv,model NB with 4 features, train duration, 0.001
ayeastCC.csv,model NB with 4 features, test duration, 0.001
ayeastCC.csv,model SVM with 5 features, train duration, 0.001
ayeastCC.csv,model SVM with 5 features, test duration, 0.001
ayeastCC.csv,model k - nearest with 5 features, train duration, 0.001
ayeastCC.csv,model k - nearest with 5 features, test duration, 0.001
ayeastCC.csv,model RandomForest with 5 features, train duration, 0.082
ayeastCC.csv,model RandomForest with 5 features, test duration, 0.008
ayeastCC.csv,model LogisticsRegression with 5 features, train duration, 0.002
ayeastCC.csv,model LogisticsRegression with 5 features, test duration, 0.001
ayeastCC.csv,model NB with 5 features, train duration, 0.001
ayeastCC.csv,model NB with 5 features, test duration, 0.001
ayeastCC.csv,model SVM with 10 features, train duration, 0.001
ayeastCC.csv,model SVM with 10 features, test duration, 0.001
ayeastCC.csv,model k - nearest with 10 features, train duration, 0.001
ayeastCC.csv,model k - nearest with 10 features, test duration, 0.001
ayeastCC.csv,model RandomForest with 10 features, train duration, 0.087
ayeastCC.csv,model RandomForest with 10 features, test duration, 0.008
ayeastCC.csv,model LogisticsRegression with 10 features, train duration, 0.004
ayeastCC.csv,model LogisticsRegression with 10 features, test duration, 0.001
ayeastCC.csv,model NB with 10 features, train duration, 0.001
ayeastCC.csv,model NB with 10 features, test duration, 0.001
ayeastCC.csv,model SVM with 15 features, train duration, 0.001
ayeastCC.csv,model SVM with 15 features, test duration, 0.001
ayeastCC.csv,model k - nearest with 15 features, train duration, 0.001
ayeastCC.csv,model k - nearest with 15 features, test duration, 0.001
ayeastCC.csv,model RandomForest with 15 features, train duration, 0.090
ayeastCC.csv,model RandomForest with 15 features, test duration, 0.008
ayeastCC.csv,model LogisticsRegression with 15 features, train duration, 0.002
ayeastCC.csv,model LogisticsRegression with 15 features, test duration, 0.001
ayeastCC.csv,model NB with 15 features, train duration, 0.001
ayeastCC.csv,model NB with 15 features, test duration, 0.001
ayeastCC.csv,model SVM with 20 features, train duration, 0.001
ayeastCC.csv,model SVM with 20 features, test duration, 0.001
ayeastCC.csv,model k - nearest with 20 features, train duration, 0.001
ayeastCC.csv,model k - nearest with 20 features, test duration, 0.001
ayeastCC.csv,model RandomForest with 20 features, train duration, 0.086
ayeastCC.csv,model RandomForest with 20 features, test duration, 0.008
ayeastCC.csv,model LogisticsRegression with 20 features, train duration, 0.002
ayeastCC.csv,model LogisticsRegression with 20 features, test duration, 0.001
ayeastCC.csv,model NB with 20 features, train duration, 0.001
ayeastCC.csv,model NB with 20 features, test duration, 0.001
ayeastCC.csv,model SVM with 25 features, train duration, 0.001
ayeastCC.csv,model SVM with 25 features, test duration, 0.001
ayeastCC.csv,model k - nearest with 25 features, train duration, 0.001
ayeastCC.csv,model k - nearest with 25 features, test duration, 0.001
ayeastCC.csv,model RandomForest with 25 features, train duration, 0.085
ayeastCC.csv,model RandomForest with 25 features, test duration, 0.008
ayeastCC.csv,model LogisticsRegression with 25 features, train duration, 0.004
ayeastCC.csv,model LogisticsRegression with 25 features, test duration, 0.001
ayeastCC.csv,model NB with 25 features, train duration, 0.001
ayeastCC.csv,model NB with 25 features, test duration, 0.001
ayeastCC.csv,model SVM with 30 features, train duration, 0.001
ayeastCC.csv,model SVM with 30 features, test duration, 0.001
ayeastCC.csv,model k - nearest with 30 features, train duration, 0.001
ayeastCC.csv,model k - nearest with 30 features, test duration, 0.001
ayeastCC.csv,model RandomForest with 30 features, train duration, 0.084
ayeastCC.csv,model RandomForest with 30 features, test duration, 0.008
ayeastCC.csv,model LogisticsRegression with 30 features, train duration, 0.002
ayeastCC.csv,model LogisticsRegression with 30 features, test duration, 0.001
ayeastCC.csv,model NB with 30 features, train duration, 0.001
ayeastCC.csv,model NB with 30 features, test duration, 0.001
ayeastCC.csv,model SVM with 50 features, train duration, 0.001
ayeastCC.csv,model SVM with 50 features, test duration, 0.001
ayeastCC.csv,model k - nearest with 50 features, train duration, 0.001
ayeastCC.csv,model k - nearest with 50 features, test duration, 0.001
ayeastCC.csv,model RandomForest with 50 features, train duration, 0.089
ayeastCC.csv,model RandomForest with 50 features, test duration, 0.008
ayeastCC.csv,model LogisticsRegression with 50 features, train duration, 0.003
ayeastCC.csv,model LogisticsRegression with 50 features, test duration, 0.001
ayeastCC.csv,model NB with 50 features, train duration, 0.001
ayeastCC.csv,model NB with 50 features, test duration, 0.001
ayeastCC.csv,model SVM with 100 features, train duration, 0.001
ayeastCC.csv,model SVM with 100 features, test duration, 0.001
ayeastCC.csv,model k - nearest with 100 features, train duration, 0.002
ayeastCC.csv,model k - nearest with 100 features, test duration, 0.002
ayeastCC.csv,model RandomForest with 100 features, train duration, 0.084
ayeastCC.csv,model RandomForest with 100 features, test duration, 0.008
ayeastCC.csv,model LogisticsRegression with 100 features, train duration, 0.003
ayeastCC.csv,model LogisticsRegression with 100 features, test duration, 0.001
ayeastCC.csv,model NB with 100 features, train duration, 0.001
ayeastCC.csv,model NB with 100 features, test duration, 0.001
ayeastCC.csv,MMCC,selection runtime, 32.886
ayeastCC.csv,model SVM with 1 features, train duration, 0.001
ayeastCC.csv,model SVM with 1 features, test duration, 0.001
ayeastCC.csv,model k - nearest with 1 features, train duration, 0.001
ayeastCC.csv,model k - nearest with 1 features, test duration, 0.001
ayeastCC.csv,model RandomForest with 1 features, train duration, 0.096
ayeastCC.csv,model RandomForest with 1 features, test duration, 0.009
ayeastCC.csv,model LogisticsRegression with 1 features, train duration, 0.001
ayeastCC.csv,model LogisticsRegression with 1 features, test duration, 0.001
ayeastCC.csv,model NB with 1 features, train duration, 0.001
ayeastCC.csv,model NB with 1 features, test duration, 0.001
ayeastCC.csv,model SVM with 2 features, train duration, 0.001
ayeastCC.csv,model SVM with 2 features, test duration, 0.001
ayeastCC.csv,model k - nearest with 2 features, train duration, 0.001
ayeastCC.csv,model k - nearest with 2 features, test duration, 0.001
ayeastCC.csv,model RandomForest with 2 features, train duration, 0.083
ayeastCC.csv,model RandomForest with 2 features, test duration, 0.007
ayeastCC.csv,model LogisticsRegression with 2 features, train duration, 0.002
ayeastCC.csv,model LogisticsRegression with 2 features, test duration, 0.001
ayeastCC.csv,model NB with 2 features, train duration, 0.001
ayeastCC.csv,model NB with 2 features, test duration, 0.001
ayeastCC.csv,model SVM with 3 features, train duration, 0.001
ayeastCC.csv,model SVM with 3 features, test duration, 0.001
ayeastCC.csv,model k - nearest with 3 features, train duration, 0.001
ayeastCC.csv,model k - nearest with 3 features, test duration, 0.001
ayeastCC.csv,model RandomForest with 3 features, train duration, 0.082
ayeastCC.csv,model RandomForest with 3 features, test duration, 0.008
ayeastCC.csv,model LogisticsRegression with 3 features, train duration, 0.002
ayeastCC.csv,model LogisticsRegression with 3 features, test duration, 0.001
ayeastCC.csv,model NB with 3 features, train duration, 0.001
ayeastCC.csv,model NB with 3 features, test duration, 0.001
ayeastCC.csv,model SVM with 4 features, train duration, 0.001
ayeastCC.csv,model SVM with 4 features, test duration, 0.001
ayeastCC.csv,model k - nearest with 4 features, train duration, 0.001
ayeastCC.csv,model k - nearest with 4 features, test duration, 0.001
ayeastCC.csv,model RandomForest with 4 features, train duration, 0.092
ayeastCC.csv,model RandomForest with 4 features, test duration, 0.009
ayeastCC.csv,model LogisticsRegression with 4 features, train duration, 0.002
ayeastCC.csv,model LogisticsRegression with 4 features, test duration, 0.001
ayeastCC.csv,model NB with 4 features, train duration, 0.001
ayeastCC.csv,model NB with 4 features, test duration, 0.001
ayeastCC.csv,model SVM with 5 features, train duration, 0.001
ayeastCC.csv,model SVM with 5 features, test duration, 0.001
ayeastCC.csv,model k - nearest with 5 features, train duration, 0.001
ayeastCC.csv,model k - nearest with 5 features, test duration, 0.001
ayeastCC.csv,model RandomForest with 5 features, train duration, 0.085
ayeastCC.csv,model RandomForest with 5 features, test duration, 0.008
ayeastCC.csv,model LogisticsRegression with 5 features, train duration, 0.002
ayeastCC.csv,model LogisticsRegression with 5 features, test duration, 0.001
ayeastCC.csv,model NB with 5 features, train duration, 0.001
ayeastCC.csv,model NB with 5 features, test duration, 0.001
ayeastCC.csv,model SVM with 10 features, train duration, 0.001
ayeastCC.csv,model SVM with 10 features, test duration, 0.001
ayeastCC.csv,model k - nearest with 10 features, train duration, 0.001
ayeastCC.csv,model k - nearest with 10 features, test duration, 0.001
ayeastCC.csv,model RandomForest with 10 features, train duration, 0.080
ayeastCC.csv,model RandomForest with 10 features, test duration, 0.007
ayeastCC.csv,model LogisticsRegression with 10 features, train duration, 0.002
ayeastCC.csv,model LogisticsRegression with 10 features, test duration, 0.001
ayeastCC.csv,model NB with 10 features, train duration, 0.001
ayeastCC.csv,model NB with 10 features, test duration, 0.001
ayeastCC.csv,model SVM with 15 features, train duration, 0.001
ayeastCC.csv,model SVM with 15 features, test duration, 0.001
ayeastCC.csv,model k - nearest with 15 features, train duration, 0.001
ayeastCC.csv,model k - nearest with 15 features, test duration, 0.001
ayeastCC.csv,model RandomForest with 15 features, train duration, 0.085
ayeastCC.csv,model RandomForest with 15 features, test duration, 0.008
ayeastCC.csv,model LogisticsRegression with 15 features, train duration, 0.002
ayeastCC.csv,model LogisticsRegression with 15 features, test duration, 0.001
ayeastCC.csv,model NB with 15 features, train duration, 0.001
ayeastCC.csv,model NB with 15 features, test duration, 0.001
ayeastCC.csv,model SVM with 20 features, train duration, 0.001
ayeastCC.csv,model SVM with 20 features, test duration, 0.001
ayeastCC.csv,model k - nearest with 20 features, train duration, 0.001
ayeastCC.csv,model k - nearest with 20 features, test duration, 0.001
ayeastCC.csv,model RandomForest with 20 features, train duration, 0.086
ayeastCC.csv,model RandomForest with 20 features, test duration, 0.008
ayeastCC.csv,model LogisticsRegression with 20 features, train duration, 0.003
ayeastCC.csv,model LogisticsRegression with 20 features, test duration, 0.001
ayeastCC.csv,model NB with 20 features, train duration, 0.001
ayeastCC.csv,model NB with 20 features, test duration, 0.001
ayeastCC.csv,model SVM with 25 features, train duration, 0.001
ayeastCC.csv,model SVM with 25 features, test duration, 0.001
ayeastCC.csv,model k - nearest with 25 features, train duration, 0.001
ayeastCC.csv,model k - nearest with 25 features, test duration, 0.001
ayeastCC.csv,model RandomForest with 25 features, train duration, 0.085
ayeastCC.csv,model RandomForest with 25 features, test duration, 0.008
ayeastCC.csv,model LogisticsRegression with 25 features, train duration, 0.002
ayeastCC.csv,model LogisticsRegression with 25 features, test duration, 0.001
ayeastCC.csv,model NB with 25 features, train duration, 0.001
ayeastCC.csv,model NB with 25 features, test duration, 0.001
ayeastCC.csv,model SVM with 30 features, train duration, 0.001
ayeastCC.csv,model SVM with 30 features, test duration, 0.001
ayeastCC.csv,model k - nearest with 30 features, train duration, 0.001
ayeastCC.csv,model k - nearest with 30 features, test duration, 0.001
ayeastCC.csv,model RandomForest with 30 features, train duration, 0.083
ayeastCC.csv,model RandomForest with 30 features, test duration, 0.008
ayeastCC.csv,model LogisticsRegression with 30 features, train duration, 0.002
ayeastCC.csv,model LogisticsRegression with 30 features, test duration, 0.001
ayeastCC.csv,model NB with 30 features, train duration, 0.001
ayeastCC.csv,model NB with 30 features, test duration, 0.001
ayeastCC.csv,model SVM with 50 features, train duration, 0.001
ayeastCC.csv,model SVM with 50 features, test duration, 0.001
ayeastCC.csv,model k - nearest with 50 features, train duration, 0.001
ayeastCC.csv,model k - nearest with 50 features, test duration, 0.001
ayeastCC.csv,model RandomForest with 50 features, train duration, 0.096
ayeastCC.csv,model RandomForest with 50 features, test duration, 0.009
ayeastCC.csv,model LogisticsRegression with 50 features, train duration, 0.002
ayeastCC.csv,model LogisticsRegression with 50 features, test duration, 0.001
ayeastCC.csv,model NB with 50 features, train duration, 0.001
ayeastCC.csv,model NB with 50 features, test duration, 0.001
ayeastCC.csv,model SVM with 100 features, train duration, 0.001
ayeastCC.csv,model SVM with 100 features, test duration, 0.001
ayeastCC.csv,model k - nearest with 100 features, train duration, 0.001
ayeastCC.csv,model k - nearest with 100 features, test duration, 0.001
ayeastCC.csv,model RandomForest with 100 features, train duration, 0.097
ayeastCC.csv,model RandomForest with 100 features, test duration, 0.009
ayeastCC.csv,model LogisticsRegression with 100 features, train duration, 0.002
ayeastCC.csv,model LogisticsRegression with 100 features, test duration, 0.001
ayeastCC.csv,model NB with 100 features, train duration, 0.001
ayeastCC.csv,model NB with 100 features, test duration, 0.001
