Lung.arff,reliefF,selection runtime, 0.139
Lung.arff,model SVM with 1 features, train duration, 0.020
Lung.arff,model SVM with 1 features, test duration, 0.001
Lung.arff,model k - nearest with 1 features, train duration, 0.001
Lung.arff,model k - nearest with 1 features, test duration, 0.001
Lung.arff,model RandomForest with 1 features, train duration, 0.101
Lung.arff,model RandomForest with 1 features, test duration, 0.009
Lung.arff,model LogisticsRegression with 1 features, train duration, 0.012
Lung.arff,model LogisticsRegression with 1 features, test duration, 0.001
Lung.arff,model NB with 1 features, train duration, 0.001
Lung.arff,model NB with 1 features, test duration, 0.001
Lung.arff,model SVM with 2 features, train duration, 0.019
Lung.arff,model SVM with 2 features, test duration, 0.001
Lung.arff,model k - nearest with 2 features, train duration, 0.001
Lung.arff,model k - nearest with 2 features, test duration, 0.001
Lung.arff,model RandomForest with 2 features, train duration, 0.092
Lung.arff,model RandomForest with 2 features, test duration, 0.008
Lung.arff,model LogisticsRegression with 2 features, train duration, 0.014
Lung.arff,model LogisticsRegression with 2 features, test duration, 0.001
Lung.arff,model NB with 2 features, train duration, 0.001
Lung.arff,model NB with 2 features, test duration, 0.001
Lung.arff,model SVM with 3 features, train duration, 0.013
Lung.arff,model SVM with 3 features, test duration, 0.001
Lung.arff,model k - nearest with 3 features, train duration, 0.001
Lung.arff,model k - nearest with 3 features, test duration, 0.001
Lung.arff,model RandomForest with 3 features, train duration, 0.096
Lung.arff,model RandomForest with 3 features, test duration, 0.008
Lung.arff,model LogisticsRegression with 3 features, train duration, 0.014
Lung.arff,model LogisticsRegression with 3 features, test duration, 0.001
Lung.arff,model NB with 3 features, train duration, 0.002
Lung.arff,model NB with 3 features, test duration, 0.001
Lung.arff,model SVM with 4 features, train duration, 0.017
Lung.arff,model SVM with 4 features, test duration, 0.001
Lung.arff,model k - nearest with 4 features, train duration, 0.001
Lung.arff,model k - nearest with 4 features, test duration, 0.001
Lung.arff,model RandomForest with 4 features, train duration, 0.093
Lung.arff,model RandomForest with 4 features, test duration, 0.008
Lung.arff,model LogisticsRegression with 4 features, train duration, 0.014
Lung.arff,model LogisticsRegression with 4 features, test duration, 0.001
Lung.arff,model NB with 4 features, train duration, 0.001
Lung.arff,model NB with 4 features, test duration, 0.001
Lung.arff,model SVM with 5 features, train duration, 0.013
Lung.arff,model SVM with 5 features, test duration, 0.001
Lung.arff,model k - nearest with 5 features, train duration, 0.001
Lung.arff,model k - nearest with 5 features, test duration, 0.001
Lung.arff,model RandomForest with 5 features, train duration, 0.109
Lung.arff,model RandomForest with 5 features, test duration, 0.009
Lung.arff,model LogisticsRegression with 5 features, train duration, 0.014
Lung.arff,model LogisticsRegression with 5 features, test duration, 0.001
Lung.arff,model NB with 5 features, train duration, 0.001
Lung.arff,model NB with 5 features, test duration, 0.001
Lung.arff,model SVM with 10 features, train duration, 0.012
Lung.arff,model SVM with 10 features, test duration, 0.001
Lung.arff,model k - nearest with 10 features, train duration, 0.001
Lung.arff,model k - nearest with 10 features, test duration, 0.001
Lung.arff,model RandomForest with 10 features, train duration, 0.097
Lung.arff,model RandomForest with 10 features, test duration, 0.008
Lung.arff,model LogisticsRegression with 10 features, train duration, 0.017
Lung.arff,model LogisticsRegression with 10 features, test duration, 0.001
Lung.arff,model NB with 10 features, train duration, 0.001
Lung.arff,model NB with 10 features, test duration, 0.001
Lung.arff,model SVM with 15 features, train duration, 0.009
Lung.arff,model SVM with 15 features, test duration, 0.001
Lung.arff,model k - nearest with 15 features, train duration, 0.001
Lung.arff,model k - nearest with 15 features, test duration, 0.001
Lung.arff,model RandomForest with 15 features, train duration, 0.147
Lung.arff,model RandomForest with 15 features, test duration, 0.011
Lung.arff,model LogisticsRegression with 15 features, train duration, 0.021
Lung.arff,model LogisticsRegression with 15 features, test duration, 0.001
Lung.arff,model NB with 15 features, train duration, 0.001
Lung.arff,model NB with 15 features, test duration, 0.001
Lung.arff,model SVM with 20 features, train duration, 0.014
Lung.arff,model SVM with 20 features, test duration, 0.001
Lung.arff,model k - nearest with 20 features, train duration, 0.001
Lung.arff,model k - nearest with 20 features, test duration, 0.001
Lung.arff,model RandomForest with 20 features, train duration, 0.120
Lung.arff,model RandomForest with 20 features, test duration, 0.008
Lung.arff,model LogisticsRegression with 20 features, train duration, 0.019
Lung.arff,model LogisticsRegression with 20 features, test duration, 0.001
Lung.arff,model NB with 20 features, train duration, 0.002
Lung.arff,model NB with 20 features, test duration, 0.001
Lung.arff,model SVM with 25 features, train duration, 0.015
Lung.arff,model SVM with 25 features, test duration, 0.001
Lung.arff,model k - nearest with 25 features, train duration, 0.001
Lung.arff,model k - nearest with 25 features, test duration, 0.001
Lung.arff,model RandomForest with 25 features, train duration, 0.132
Lung.arff,model RandomForest with 25 features, test duration, 0.010
Lung.arff,model LogisticsRegression with 25 features, train duration, 0.016
Lung.arff,model LogisticsRegression with 25 features, test duration, 0.001
Lung.arff,model NB with 25 features, train duration, 0.001
Lung.arff,model NB with 25 features, test duration, 0.001
Lung.arff,model SVM with 30 features, train duration, 0.010
Lung.arff,model SVM with 30 features, test duration, 0.001
Lung.arff,model k - nearest with 30 features, train duration, 0.001
Lung.arff,model k - nearest with 30 features, test duration, 0.001
Lung.arff,model RandomForest with 30 features, train duration, 0.110
Lung.arff,model RandomForest with 30 features, test duration, 0.010
Lung.arff,model LogisticsRegression with 30 features, train duration, 0.017
Lung.arff,model LogisticsRegression with 30 features, test duration, 0.001
Lung.arff,model NB with 30 features, train duration, 0.001
Lung.arff,model NB with 30 features, test duration, 0.001
Lung.arff,model SVM with 50 features, train duration, 0.019
Lung.arff,model SVM with 50 features, test duration, 0.002
Lung.arff,model k - nearest with 50 features, train duration, 0.002
Lung.arff,model k - nearest with 50 features, test duration, 0.001
Lung.arff,model RandomForest with 50 features, train duration, 0.134
Lung.arff,model RandomForest with 50 features, test duration, 0.009
Lung.arff,model LogisticsRegression with 50 features, train duration, 0.020
Lung.arff,model LogisticsRegression with 50 features, test duration, 0.001
Lung.arff,model NB with 50 features, train duration, 0.002
Lung.arff,model NB with 50 features, test duration, 0.001
Lung.arff,model SVM with 100 features, train duration, 0.035
Lung.arff,model SVM with 100 features, test duration, 0.001
Lung.arff,model k - nearest with 100 features, train duration, 0.002
Lung.arff,model k - nearest with 100 features, test duration, 0.001
Lung.arff,model RandomForest with 100 features, train duration, 0.148
Lung.arff,model RandomForest with 100 features, test duration, 0.011
Lung.arff,model LogisticsRegression with 100 features, train duration, 0.029
Lung.arff,model LogisticsRegression with 100 features, test duration, 0.001
Lung.arff,model NB with 100 features, train duration, 0.002
Lung.arff,model NB with 100 features, test duration, 0.001
Lung.arff,rfe,selection runtime, 12.304
Lung.arff,model SVM with 1 features, train duration, 0.018
Lung.arff,model SVM with 1 features, test duration, 0.001
Lung.arff,model k - nearest with 1 features, train duration, 0.001
Lung.arff,model k - nearest with 1 features, test duration, 0.001
Lung.arff,model RandomForest with 1 features, train duration, 0.137
Lung.arff,model RandomForest with 1 features, test duration, 0.012
Lung.arff,model LogisticsRegression with 1 features, train duration, 0.017
Lung.arff,model LogisticsRegression with 1 features, test duration, 0.001
Lung.arff,model NB with 1 features, train duration, 0.002
Lung.arff,model NB with 1 features, test duration, 0.001
Lung.arff,model SVM with 2 features, train duration, 0.017
Lung.arff,model SVM with 2 features, test duration, 0.001
Lung.arff,model k - nearest with 2 features, train duration, 0.001
Lung.arff,model k - nearest with 2 features, test duration, 0.001
Lung.arff,model RandomForest with 2 features, train duration, 0.139
Lung.arff,model RandomForest with 2 features, test duration, 0.013
Lung.arff,model LogisticsRegression with 2 features, train duration, 0.021
Lung.arff,model LogisticsRegression with 2 features, test duration, 0.001
Lung.arff,model NB with 2 features, train duration, 0.002
Lung.arff,model NB with 2 features, test duration, 0.001
Lung.arff,model SVM with 3 features, train duration, 0.016
Lung.arff,model SVM with 3 features, test duration, 0.001
Lung.arff,model k - nearest with 3 features, train duration, 0.001
Lung.arff,model k - nearest with 3 features, test duration, 0.001
Lung.arff,model RandomForest with 3 features, train duration, 0.134
Lung.arff,model RandomForest with 3 features, test duration, 0.012
Lung.arff,model LogisticsRegression with 3 features, train duration, 0.021
Lung.arff,model LogisticsRegression with 3 features, test duration, 0.001
Lung.arff,model NB with 3 features, train duration, 0.002
Lung.arff,model NB with 3 features, test duration, 0.001
Lung.arff,model SVM with 4 features, train duration, 0.018
Lung.arff,model SVM with 4 features, test duration, 0.001
Lung.arff,model k - nearest with 4 features, train duration, 0.002
Lung.arff,model k - nearest with 4 features, test duration, 0.001
Lung.arff,model RandomForest with 4 features, train duration, 0.147
Lung.arff,model RandomForest with 4 features, test duration, 0.013
Lung.arff,model LogisticsRegression with 4 features, train duration, 0.023
Lung.arff,model LogisticsRegression with 4 features, test duration, 0.001
Lung.arff,model NB with 4 features, train duration, 0.002
Lung.arff,model NB with 4 features, test duration, 0.001
Lung.arff,model SVM with 5 features, train duration, 0.017
Lung.arff,model SVM with 5 features, test duration, 0.001
Lung.arff,model k - nearest with 5 features, train duration, 0.001
Lung.arff,model k - nearest with 5 features, test duration, 0.001
Lung.arff,model RandomForest with 5 features, train duration, 0.396
Lung.arff,model RandomForest with 5 features, test duration, 0.043
Lung.arff,model LogisticsRegression with 5 features, train duration, 0.021
Lung.arff,model LogisticsRegression with 5 features, test duration, 0.001
Lung.arff,model NB with 5 features, train duration, 0.002
Lung.arff,model NB with 5 features, test duration, 0.001
Lung.arff,model SVM with 10 features, train duration, 0.017
Lung.arff,model SVM with 10 features, test duration, 0.001
Lung.arff,model k - nearest with 10 features, train duration, 0.001
Lung.arff,model k - nearest with 10 features, test duration, 0.001
Lung.arff,model RandomForest with 10 features, train duration, 0.149
Lung.arff,model RandomForest with 10 features, test duration, 0.012
Lung.arff,model LogisticsRegression with 10 features, train duration, 0.023
Lung.arff,model LogisticsRegression with 10 features, test duration, 0.001
Lung.arff,model NB with 10 features, train duration, 0.002
Lung.arff,model NB with 10 features, test duration, 0.001
Lung.arff,model SVM with 15 features, train duration, 0.018
Lung.arff,model SVM with 15 features, test duration, 0.001
Lung.arff,model k - nearest with 15 features, train duration, 0.001
Lung.arff,model k - nearest with 15 features, test duration, 0.001
Lung.arff,model RandomForest with 15 features, train duration, 0.151
Lung.arff,model RandomForest with 15 features, test duration, 0.012
Lung.arff,model LogisticsRegression with 15 features, train duration, 0.023
Lung.arff,model LogisticsRegression with 15 features, test duration, 0.001
Lung.arff,model NB with 15 features, train duration, 0.002
Lung.arff,model NB with 15 features, test duration, 0.001
Lung.arff,model SVM with 20 features, train duration, 0.019
Lung.arff,model SVM with 20 features, test duration, 0.001
Lung.arff,model k - nearest with 20 features, train duration, 0.002
Lung.arff,model k - nearest with 20 features, test duration, 0.001
Lung.arff,model RandomForest with 20 features, train duration, 0.158
Lung.arff,model RandomForest with 20 features, test duration, 0.012
Lung.arff,model LogisticsRegression with 20 features, train duration, 0.024
Lung.arff,model LogisticsRegression with 20 features, test duration, 0.001
Lung.arff,model NB with 20 features, train duration, 0.002
Lung.arff,model NB with 20 features, test duration, 0.001
Lung.arff,model SVM with 25 features, train duration, 0.021
Lung.arff,model SVM with 25 features, test duration, 0.002
Lung.arff,model k - nearest with 25 features, train duration, 0.001
Lung.arff,model k - nearest with 25 features, test duration, 0.001
Lung.arff,model RandomForest with 25 features, train duration, 0.186
Lung.arff,model RandomForest with 25 features, test duration, 0.019
Lung.arff,model LogisticsRegression with 25 features, train duration, 0.023
Lung.arff,model LogisticsRegression with 25 features, test duration, 0.001
Lung.arff,model NB with 25 features, train duration, 0.002
Lung.arff,model NB with 25 features, test duration, 0.001
Lung.arff,model SVM with 30 features, train duration, 0.020
Lung.arff,model SVM with 30 features, test duration, 0.001
Lung.arff,model k - nearest with 30 features, train duration, 0.001
Lung.arff,model k - nearest with 30 features, test duration, 0.001
Lung.arff,model RandomForest with 30 features, train duration, 0.190
Lung.arff,model RandomForest with 30 features, test duration, 0.013
Lung.arff,model LogisticsRegression with 30 features, train duration, 0.023
Lung.arff,model LogisticsRegression with 30 features, test duration, 0.001
Lung.arff,model NB with 30 features, train duration, 0.002
Lung.arff,model NB with 30 features, test duration, 0.001
Lung.arff,model SVM with 50 features, train duration, 0.022
Lung.arff,model SVM with 50 features, test duration, 0.001
Lung.arff,model k - nearest with 50 features, train duration, 0.001
Lung.arff,model k - nearest with 50 features, test duration, 0.001
Lung.arff,model RandomForest with 50 features, train duration, 0.155
Lung.arff,model RandomForest with 50 features, test duration, 0.011
Lung.arff,model LogisticsRegression with 50 features, train duration, 0.026
Lung.arff,model LogisticsRegression with 50 features, test duration, 0.001
Lung.arff,model NB with 50 features, train duration, 0.002
Lung.arff,model NB with 50 features, test duration, 0.001
Lung.arff,model SVM with 100 features, train duration, 0.027
Lung.arff,model SVM with 100 features, test duration, 0.002
Lung.arff,model k - nearest with 100 features, train duration, 0.002
Lung.arff,model k - nearest with 100 features, test duration, 0.002
Lung.arff,model RandomForest with 100 features, train duration, 0.168
Lung.arff,model RandomForest with 100 features, test duration, 0.012
Lung.arff,model LogisticsRegression with 100 features, train duration, 0.033
Lung.arff,model LogisticsRegression with 100 features, test duration, 0.002
Lung.arff,model NB with 100 features, train duration, 0.002
Lung.arff,model NB with 100 features, test duration, 0.002
Lung.arff,Fdr_f_classif,selection runtime, 0.011
Lung.arff,model SVM with 1 features, train duration, 0.024
Lung.arff,model SVM with 1 features, test duration, 0.001
Lung.arff,model k - nearest with 1 features, train duration, 0.001
Lung.arff,model k - nearest with 1 features, test duration, 0.001
Lung.arff,model RandomForest with 1 features, train duration, 0.114
Lung.arff,model RandomForest with 1 features, test duration, 0.010
Lung.arff,model LogisticsRegression with 1 features, train duration, 0.016
Lung.arff,model LogisticsRegression with 1 features, test duration, 0.001
Lung.arff,model NB with 1 features, train duration, 0.001
Lung.arff,model NB with 1 features, test duration, 0.001
Lung.arff,model SVM with 2 features, train duration, 0.015
Lung.arff,model SVM with 2 features, test duration, 0.001
Lung.arff,model k - nearest with 2 features, train duration, 0.001
Lung.arff,model k - nearest with 2 features, test duration, 0.001
Lung.arff,model RandomForest with 2 features, train duration, 0.144
Lung.arff,model RandomForest with 2 features, test duration, 0.012
Lung.arff,model LogisticsRegression with 2 features, train duration, 0.017
Lung.arff,model LogisticsRegression with 2 features, test duration, 0.001
Lung.arff,model NB with 2 features, train duration, 0.001
Lung.arff,model NB with 2 features, test duration, 0.001
Lung.arff,model SVM with 3 features, train duration, 0.016
Lung.arff,model SVM with 3 features, test duration, 0.001
Lung.arff,model k - nearest with 3 features, train duration, 0.001
Lung.arff,model k - nearest with 3 features, test duration, 0.001
Lung.arff,model RandomForest with 3 features, train duration, 0.119
Lung.arff,model RandomForest with 3 features, test duration, 0.010
Lung.arff,model LogisticsRegression with 3 features, train duration, 0.017
Lung.arff,model LogisticsRegression with 3 features, test duration, 0.001
Lung.arff,model NB with 3 features, train duration, 0.001
Lung.arff,model NB with 3 features, test duration, 0.001
Lung.arff,model SVM with 4 features, train duration, 0.013
Lung.arff,model SVM with 4 features, test duration, 0.001
Lung.arff,model k - nearest with 4 features, train duration, 0.001
Lung.arff,model k - nearest with 4 features, test duration, 0.001
Lung.arff,model RandomForest with 4 features, train duration, 0.121
Lung.arff,model RandomForest with 4 features, test duration, 0.010
Lung.arff,model LogisticsRegression with 4 features, train duration, 0.019
Lung.arff,model LogisticsRegression with 4 features, test duration, 0.001
Lung.arff,model NB with 4 features, train duration, 0.001
Lung.arff,model NB with 4 features, test duration, 0.001
Lung.arff,model SVM with 5 features, train duration, 0.013
Lung.arff,model SVM with 5 features, test duration, 0.001
Lung.arff,model k - nearest with 5 features, train duration, 0.001
Lung.arff,model k - nearest with 5 features, test duration, 0.001
Lung.arff,model RandomForest with 5 features, train duration, 0.123
Lung.arff,model RandomForest with 5 features, test duration, 0.011
Lung.arff,model LogisticsRegression with 5 features, train duration, 0.022
Lung.arff,model LogisticsRegression with 5 features, test duration, 0.001
Lung.arff,model NB with 5 features, train duration, 0.002
Lung.arff,model NB with 5 features, test duration, 0.001
Lung.arff,model SVM with 10 features, train duration, 0.016
Lung.arff,model SVM with 10 features, test duration, 0.001
Lung.arff,model k - nearest with 10 features, train duration, 0.001
Lung.arff,model k - nearest with 10 features, test duration, 0.001
Lung.arff,model RandomForest with 10 features, train duration, 0.124
Lung.arff,model RandomForest with 10 features, test duration, 0.010
Lung.arff,model LogisticsRegression with 10 features, train duration, 0.020
Lung.arff,model LogisticsRegression with 10 features, test duration, 0.001
Lung.arff,model NB with 10 features, train duration, 0.001
Lung.arff,model NB with 10 features, test duration, 0.001
Lung.arff,model SVM with 15 features, train duration, 0.018
Lung.arff,model SVM with 15 features, test duration, 0.001
Lung.arff,model k - nearest with 15 features, train duration, 0.001
Lung.arff,model k - nearest with 15 features, test duration, 0.001
Lung.arff,model RandomForest with 15 features, train duration, 0.127
Lung.arff,model RandomForest with 15 features, test duration, 0.011
Lung.arff,model LogisticsRegression with 15 features, train duration, 0.020
Lung.arff,model LogisticsRegression with 15 features, test duration, 0.001
Lung.arff,model NB with 15 features, train duration, 0.001
Lung.arff,model NB with 15 features, test duration, 0.001
Lung.arff,model SVM with 20 features, train duration, 0.019
Lung.arff,model SVM with 20 features, test duration, 0.001
Lung.arff,model k - nearest with 20 features, train duration, 0.001
Lung.arff,model k - nearest with 20 features, test duration, 0.001
Lung.arff,model RandomForest with 20 features, train duration, 0.125
Lung.arff,model RandomForest with 20 features, test duration, 0.010
Lung.arff,model LogisticsRegression with 20 features, train duration, 0.018
Lung.arff,model LogisticsRegression with 20 features, test duration, 0.001
Lung.arff,model NB with 20 features, train duration, 0.002
Lung.arff,model NB with 20 features, test duration, 0.001
Lung.arff,model SVM with 25 features, train duration, 0.022
Lung.arff,model SVM with 25 features, test duration, 0.001
Lung.arff,model k - nearest with 25 features, train duration, 0.001
Lung.arff,model k - nearest with 25 features, test duration, 0.001
Lung.arff,model RandomForest with 25 features, train duration, 0.126
Lung.arff,model RandomForest with 25 features, test duration, 0.009
Lung.arff,model LogisticsRegression with 25 features, train duration, 0.018
Lung.arff,model LogisticsRegression with 25 features, test duration, 0.001
Lung.arff,model NB with 25 features, train duration, 0.001
Lung.arff,model NB with 25 features, test duration, 0.001
Lung.arff,model SVM with 30 features, train duration, 0.022
Lung.arff,model SVM with 30 features, test duration, 0.001
Lung.arff,model k - nearest with 30 features, train duration, 0.001
Lung.arff,model k - nearest with 30 features, test duration, 0.001
Lung.arff,model RandomForest with 30 features, train duration, 0.132
Lung.arff,model RandomForest with 30 features, test duration, 0.010
Lung.arff,model LogisticsRegression with 30 features, train duration, 0.018
Lung.arff,model LogisticsRegression with 30 features, test duration, 0.001
Lung.arff,model NB with 30 features, train duration, 0.001
Lung.arff,model NB with 30 features, test duration, 0.001
Lung.arff,model SVM with 50 features, train duration, 0.022
Lung.arff,model SVM with 50 features, test duration, 0.001
Lung.arff,model k - nearest with 50 features, train duration, 0.001
Lung.arff,model k - nearest with 50 features, test duration, 0.001
Lung.arff,model RandomForest with 50 features, train duration, 0.142
Lung.arff,model RandomForest with 50 features, test duration, 0.010
Lung.arff,model LogisticsRegression with 50 features, train duration, 0.022
Lung.arff,model LogisticsRegression with 50 features, test duration, 0.001
Lung.arff,model NB with 50 features, train duration, 0.002
Lung.arff,model NB with 50 features, test duration, 0.001
Lung.arff,model SVM with 100 features, train duration, 0.035
Lung.arff,model SVM with 100 features, test duration, 0.001
Lung.arff,model k - nearest with 100 features, train duration, 0.001
Lung.arff,model k - nearest with 100 features, test duration, 0.001
Lung.arff,model RandomForest with 100 features, train duration, 0.156
Lung.arff,model RandomForest with 100 features, test duration, 0.011
Lung.arff,model LogisticsRegression with 100 features, train duration, 0.028
Lung.arff,model LogisticsRegression with 100 features, test duration, 0.002
Lung.arff,model NB with 100 features, train duration, 0.002
Lung.arff,model NB with 100 features, test duration, 0.001
Lung.arff,mrmr,selection runtime, 13.184
Lung.arff,model SVM with 1 features, train duration, 0.028
Lung.arff,model SVM with 1 features, test duration, 0.001
Lung.arff,model k - nearest with 1 features, train duration, 0.001
Lung.arff,model k - nearest with 1 features, test duration, 0.001
Lung.arff,model RandomForest with 1 features, train duration, 0.131
Lung.arff,model RandomForest with 1 features, test duration, 0.011
Lung.arff,model LogisticsRegression with 1 features, train duration, 0.014
Lung.arff,model LogisticsRegression with 1 features, test duration, 0.001
Lung.arff,model NB with 1 features, train duration, 0.001
Lung.arff,model NB with 1 features, test duration, 0.001
Lung.arff,model SVM with 2 features, train duration, 0.025
Lung.arff,model SVM with 2 features, test duration, 0.001
Lung.arff,model k - nearest with 2 features, train duration, 0.001
Lung.arff,model k - nearest with 2 features, test duration, 0.001
Lung.arff,model RandomForest with 2 features, train duration, 0.126
Lung.arff,model RandomForest with 2 features, test duration, 0.013
Lung.arff,model LogisticsRegression with 2 features, train duration, 0.021
Lung.arff,model LogisticsRegression with 2 features, test duration, 0.001
Lung.arff,model NB with 2 features, train duration, 0.001
Lung.arff,model NB with 2 features, test duration, 0.001
Lung.arff,model SVM with 3 features, train duration, 0.026
Lung.arff,model SVM with 3 features, test duration, 0.001
Lung.arff,model k - nearest with 3 features, train duration, 0.001
Lung.arff,model k - nearest with 3 features, test duration, 0.001
Lung.arff,model RandomForest with 3 features, train duration, 0.130
Lung.arff,model RandomForest with 3 features, test duration, 0.012
Lung.arff,model LogisticsRegression with 3 features, train duration, 0.026
Lung.arff,model LogisticsRegression with 3 features, test duration, 0.001
Lung.arff,model NB with 3 features, train duration, 0.002
Lung.arff,model NB with 3 features, test duration, 0.001
Lung.arff,model SVM with 4 features, train duration, 0.017
Lung.arff,model SVM with 4 features, test duration, 0.001
Lung.arff,model k - nearest with 4 features, train duration, 0.001
Lung.arff,model k - nearest with 4 features, test duration, 0.001
Lung.arff,model RandomForest with 4 features, train duration, 0.132
Lung.arff,model RandomForest with 4 features, test duration, 0.011
Lung.arff,model LogisticsRegression with 4 features, train duration, 0.025
Lung.arff,model LogisticsRegression with 4 features, test duration, 0.001
Lung.arff,model NB with 4 features, train duration, 0.002
Lung.arff,model NB with 4 features, test duration, 0.001
Lung.arff,model SVM with 5 features, train duration, 0.018
Lung.arff,model SVM with 5 features, test duration, 0.001
Lung.arff,model k - nearest with 5 features, train duration, 0.001
Lung.arff,model k - nearest with 5 features, test duration, 0.001
Lung.arff,model RandomForest with 5 features, train duration, 0.126
Lung.arff,model RandomForest with 5 features, test duration, 0.011
Lung.arff,model LogisticsRegression with 5 features, train duration, 0.020
Lung.arff,model LogisticsRegression with 5 features, test duration, 0.001
Lung.arff,model NB with 5 features, train duration, 0.001
Lung.arff,model NB with 5 features, test duration, 0.001
Lung.arff,model SVM with 10 features, train duration, 0.014
Lung.arff,model SVM with 10 features, test duration, 0.001
Lung.arff,model k - nearest with 10 features, train duration, 0.002
Lung.arff,model k - nearest with 10 features, test duration, 0.001
Lung.arff,model RandomForest with 10 features, train duration, 0.132
Lung.arff,model RandomForest with 10 features, test duration, 0.011
Lung.arff,model LogisticsRegression with 10 features, train duration, 0.024
Lung.arff,model LogisticsRegression with 10 features, test duration, 0.001
Lung.arff,model NB with 10 features, train duration, 0.002
Lung.arff,model NB with 10 features, test duration, 0.002
Lung.arff,model SVM with 15 features, train duration, 0.010
Lung.arff,model SVM with 15 features, test duration, 0.001
Lung.arff,model k - nearest with 15 features, train duration, 0.001
Lung.arff,model k - nearest with 15 features, test duration, 0.001
Lung.arff,model RandomForest with 15 features, train duration, 0.127
Lung.arff,model RandomForest with 15 features, test duration, 0.011
Lung.arff,model LogisticsRegression with 15 features, train duration, 0.020
Lung.arff,model LogisticsRegression with 15 features, test duration, 0.001
Lung.arff,model NB with 15 features, train duration, 0.001
Lung.arff,model NB with 15 features, test duration, 0.001
Lung.arff,model SVM with 20 features, train duration, 0.014
Lung.arff,model SVM with 20 features, test duration, 0.002
Lung.arff,model k - nearest with 20 features, train duration, 0.001
Lung.arff,model k - nearest with 20 features, test duration, 0.001
Lung.arff,model RandomForest with 20 features, train duration, 0.130
Lung.arff,model RandomForest with 20 features, test duration, 0.010
Lung.arff,model LogisticsRegression with 20 features, train duration, 0.020
Lung.arff,model LogisticsRegression with 20 features, test duration, 0.001
Lung.arff,model NB with 20 features, train duration, 0.002
Lung.arff,model NB with 20 features, test duration, 0.001
Lung.arff,model SVM with 25 features, train duration, 0.007
Lung.arff,model SVM with 25 features, test duration, 0.001
Lung.arff,model k - nearest with 25 features, train duration, 0.001
Lung.arff,model k - nearest with 25 features, test duration, 0.001
Lung.arff,model RandomForest with 25 features, train duration, 0.134
Lung.arff,model RandomForest with 25 features, test duration, 0.011
Lung.arff,model LogisticsRegression with 25 features, train duration, 0.020
Lung.arff,model LogisticsRegression with 25 features, test duration, 0.001
Lung.arff,model NB with 25 features, train duration, 0.001
Lung.arff,model NB with 25 features, test duration, 0.001
Lung.arff,model SVM with 30 features, train duration, 0.009
Lung.arff,model SVM with 30 features, test duration, 0.001
Lung.arff,model k - nearest with 30 features, train duration, 0.001
Lung.arff,model k - nearest with 30 features, test duration, 0.001
Lung.arff,model RandomForest with 30 features, train duration, 0.369
Lung.arff,model RandomForest with 30 features, test duration, 0.020
Lung.arff,model LogisticsRegression with 30 features, train duration, 0.029
Lung.arff,model LogisticsRegression with 30 features, test duration, 0.001
Lung.arff,model NB with 30 features, train duration, 0.003
Lung.arff,model NB with 30 features, test duration, 0.002
Lung.arff,model SVM with 50 features, train duration, 0.012
Lung.arff,model SVM with 50 features, test duration, 0.001
Lung.arff,model k - nearest with 50 features, train duration, 0.002
Lung.arff,model k - nearest with 50 features, test duration, 0.001
Lung.arff,model RandomForest with 50 features, train duration, 0.145
Lung.arff,model RandomForest with 50 features, test duration, 0.010
Lung.arff,model LogisticsRegression with 50 features, train duration, 0.023
Lung.arff,model LogisticsRegression with 50 features, test duration, 0.001
Lung.arff,model NB with 50 features, train duration, 0.002
Lung.arff,model NB with 50 features, test duration, 0.001
Lung.arff,model SVM with 100 features, train duration, 0.021
Lung.arff,model SVM with 100 features, test duration, 0.002
Lung.arff,model k - nearest with 100 features, train duration, 0.002
Lung.arff,model k - nearest with 100 features, test duration, 0.002
Lung.arff,model RandomForest with 100 features, train duration, 0.156
Lung.arff,model RandomForest with 100 features, test duration, 0.011
Lung.arff,model LogisticsRegression with 100 features, train duration, 0.032
Lung.arff,model LogisticsRegression with 100 features, test duration, 0.002
Lung.arff,model NB with 100 features, train duration, 0.003
Lung.arff,model NB with 100 features, test duration, 0.002
Lung.arff,MMCC,selection runtime, 85.001
Lung.arff,model SVM with 1 features, train duration, 0.015
Lung.arff,model SVM with 1 features, test duration, 0.001
Lung.arff,model k - nearest with 1 features, train duration, 0.001
Lung.arff,model k - nearest with 1 features, test duration, 0.001
Lung.arff,model RandomForest with 1 features, train duration, 0.097
Lung.arff,model RandomForest with 1 features, test duration, 0.008
Lung.arff,model LogisticsRegression with 1 features, train duration, 0.010
Lung.arff,model LogisticsRegression with 1 features, test duration, 0.001
Lung.arff,model NB with 1 features, train duration, 0.001
Lung.arff,model NB with 1 features, test duration, 0.001
Lung.arff,model SVM with 2 features, train duration, 0.012
Lung.arff,model SVM with 2 features, test duration, 0.001
Lung.arff,model k - nearest with 2 features, train duration, 0.001
Lung.arff,model k - nearest with 2 features, test duration, 0.001
Lung.arff,model RandomForest with 2 features, train duration, 0.102
Lung.arff,model RandomForest with 2 features, test duration, 0.009
Lung.arff,model LogisticsRegression with 2 features, train duration, 0.014
Lung.arff,model LogisticsRegression with 2 features, test duration, 0.001
Lung.arff,model NB with 2 features, train duration, 0.001
Lung.arff,model NB with 2 features, test duration, 0.001
Lung.arff,model SVM with 3 features, train duration, 0.011
Lung.arff,model SVM with 3 features, test duration, 0.001
Lung.arff,model k - nearest with 3 features, train duration, 0.001
Lung.arff,model k - nearest with 3 features, test duration, 0.001
Lung.arff,model RandomForest with 3 features, train duration, 0.094
Lung.arff,model RandomForest with 3 features, test duration, 0.008
Lung.arff,model LogisticsRegression with 3 features, train duration, 0.013
Lung.arff,model LogisticsRegression with 3 features, test duration, 0.001
Lung.arff,model NB with 3 features, train duration, 0.001
Lung.arff,model NB with 3 features, test duration, 0.001
Lung.arff,model SVM with 4 features, train duration, 0.010
Lung.arff,model SVM with 4 features, test duration, 0.001
Lung.arff,model k - nearest with 4 features, train duration, 0.001
Lung.arff,model k - nearest with 4 features, test duration, 0.001
Lung.arff,model RandomForest with 4 features, train duration, 0.096
Lung.arff,model RandomForest with 4 features, test duration, 0.008
Lung.arff,model LogisticsRegression with 4 features, train duration, 0.014
Lung.arff,model LogisticsRegression with 4 features, test duration, 0.001
Lung.arff,model NB with 4 features, train duration, 0.001
Lung.arff,model NB with 4 features, test duration, 0.001
Lung.arff,model SVM with 5 features, train duration, 0.010
Lung.arff,model SVM with 5 features, test duration, 0.001
Lung.arff,model k - nearest with 5 features, train duration, 0.001
Lung.arff,model k - nearest with 5 features, test duration, 0.001
Lung.arff,model RandomForest with 5 features, train duration, 0.109
Lung.arff,model RandomForest with 5 features, test duration, 0.010
Lung.arff,model LogisticsRegression with 5 features, train duration, 0.017
Lung.arff,model LogisticsRegression with 5 features, test duration, 0.001
Lung.arff,model NB with 5 features, train duration, 0.001
Lung.arff,model NB with 5 features, test duration, 0.001
Lung.arff,model SVM with 10 features, train duration, 0.014
Lung.arff,model SVM with 10 features, test duration, 0.001
Lung.arff,model k - nearest with 10 features, train duration, 0.001
Lung.arff,model k - nearest with 10 features, test duration, 0.001
Lung.arff,model RandomForest with 10 features, train duration, 0.113
Lung.arff,model RandomForest with 10 features, test duration, 0.009
Lung.arff,model LogisticsRegression with 10 features, train duration, 0.016
Lung.arff,model LogisticsRegression with 10 features, test duration, 0.001
Lung.arff,model NB with 10 features, train duration, 0.001
Lung.arff,model NB with 10 features, test duration, 0.001
Lung.arff,model SVM with 15 features, train duration, 0.016
Lung.arff,model SVM with 15 features, test duration, 0.001
Lung.arff,model k - nearest with 15 features, train duration, 0.001
Lung.arff,model k - nearest with 15 features, test duration, 0.001
Lung.arff,model RandomForest with 15 features, train duration, 0.113
Lung.arff,model RandomForest with 15 features, test duration, 0.009
Lung.arff,model LogisticsRegression with 15 features, train duration, 0.017
Lung.arff,model LogisticsRegression with 15 features, test duration, 0.001
Lung.arff,model NB with 15 features, train duration, 0.001
Lung.arff,model NB with 15 features, test duration, 0.001
Lung.arff,model SVM with 20 features, train duration, 0.017
Lung.arff,model SVM with 20 features, test duration, 0.001
Lung.arff,model k - nearest with 20 features, train duration, 0.001
Lung.arff,model k - nearest with 20 features, test duration, 0.001
Lung.arff,model RandomForest with 20 features, train duration, 0.103
Lung.arff,model RandomForest with 20 features, test duration, 0.008
Lung.arff,model LogisticsRegression with 20 features, train duration, 0.015
Lung.arff,model LogisticsRegression with 20 features, test duration, 0.001
Lung.arff,model NB with 20 features, train duration, 0.001
Lung.arff,model NB with 20 features, test duration, 0.001
Lung.arff,model SVM with 25 features, train duration, 0.016
Lung.arff,model SVM with 25 features, test duration, 0.001
Lung.arff,model k - nearest with 25 features, train duration, 0.001
Lung.arff,model k - nearest with 25 features, test duration, 0.001
Lung.arff,model RandomForest with 25 features, train duration, 0.108
Lung.arff,model RandomForest with 25 features, test duration, 0.008
Lung.arff,model LogisticsRegression with 25 features, train duration, 0.016
Lung.arff,model LogisticsRegression with 25 features, test duration, 0.001
Lung.arff,model NB with 25 features, train duration, 0.001
Lung.arff,model NB with 25 features, test duration, 0.001
Lung.arff,model SVM with 30 features, train duration, 0.019
Lung.arff,model SVM with 30 features, test duration, 0.001
Lung.arff,model k - nearest with 30 features, train duration, 0.001
Lung.arff,model k - nearest with 30 features, test duration, 0.001
Lung.arff,model RandomForest with 30 features, train duration, 0.108
Lung.arff,model RandomForest with 30 features, test duration, 0.008
Lung.arff,model LogisticsRegression with 30 features, train duration, 0.016
Lung.arff,model LogisticsRegression with 30 features, test duration, 0.001
Lung.arff,model NB with 30 features, train duration, 0.001
Lung.arff,model NB with 30 features, test duration, 0.001
Lung.arff,model SVM with 50 features, train duration, 0.017
Lung.arff,model SVM with 50 features, test duration, 0.001
Lung.arff,model k - nearest with 50 features, train duration, 0.001
Lung.arff,model k - nearest with 50 features, test duration, 0.001
Lung.arff,model RandomForest with 50 features, train duration, 0.117
Lung.arff,model RandomForest with 50 features, test duration, 0.009
Lung.arff,model LogisticsRegression with 50 features, train duration, 0.019
Lung.arff,model LogisticsRegression with 50 features, test duration, 0.001
Lung.arff,model NB with 50 features, train duration, 0.001
Lung.arff,model NB with 50 features, test duration, 0.001
Lung.arff,model SVM with 100 features, train duration, 0.028
Lung.arff,model SVM with 100 features, test duration, 0.001
Lung.arff,model k - nearest with 100 features, train duration, 0.001
Lung.arff,model k - nearest with 100 features, test duration, 0.001
Lung.arff,model RandomForest with 100 features, train duration, 0.130
Lung.arff,model RandomForest with 100 features, test duration, 0.008
Lung.arff,model LogisticsRegression with 100 features, train duration, 0.021
Lung.arff,model LogisticsRegression with 100 features, test duration, 0.001
Lung.arff,model NB with 100 features, train duration, 0.002
Lung.arff,model NB with 100 features, test duration, 0.001
