chinx.csv,reliefF,selection runtime, 0.064
chinx.csv,model SVM with 1 features, train duration, 0.003
chinx.csv,model SVM with 1 features, test duration, 0.001
chinx.csv,model k - nearest with 1 features, train duration, 0.001
chinx.csv,model k - nearest with 1 features, test duration, 0.001
chinx.csv,model RandomForest with 1 features, train duration, 0.092
chinx.csv,model RandomForest with 1 features, test duration, 0.012
chinx.csv,model LogisticsRegression with 1 features, train duration, 0.003
chinx.csv,model LogisticsRegression with 1 features, test duration, 0.001
chinx.csv,model NB with 1 features, train duration, 0.002
chinx.csv,model NB with 1 features, test duration, 0.001
chinx.csv,model SVM with 2 features, train duration, 0.003
chinx.csv,model SVM with 2 features, test duration, 0.001
chinx.csv,model k - nearest with 2 features, train duration, 0.001
chinx.csv,model k - nearest with 2 features, test duration, 0.001
chinx.csv,model RandomForest with 2 features, train duration, 0.098
chinx.csv,model RandomForest with 2 features, test duration, 0.013
chinx.csv,model LogisticsRegression with 2 features, train duration, 0.004
chinx.csv,model LogisticsRegression with 2 features, test duration, 0.001
chinx.csv,model NB with 2 features, train duration, 0.001
chinx.csv,model NB with 2 features, test duration, 0.001
chinx.csv,model SVM with 3 features, train duration, 0.004
chinx.csv,model SVM with 3 features, test duration, 0.001
chinx.csv,model k - nearest with 3 features, train duration, 0.001
chinx.csv,model k - nearest with 3 features, test duration, 0.001
chinx.csv,model RandomForest with 3 features, train duration, 0.105
chinx.csv,model RandomForest with 3 features, test duration, 0.010
chinx.csv,model LogisticsRegression with 3 features, train duration, 0.006
chinx.csv,model LogisticsRegression with 3 features, test duration, 0.001
chinx.csv,model NB with 3 features, train duration, 0.001
chinx.csv,model NB with 3 features, test duration, 0.001
chinx.csv,model SVM with 4 features, train duration, 0.003
chinx.csv,model SVM with 4 features, test duration, 0.001
chinx.csv,model k - nearest with 4 features, train duration, 0.001
chinx.csv,model k - nearest with 4 features, test duration, 0.001
chinx.csv,model RandomForest with 4 features, train duration, 0.093
chinx.csv,model RandomForest with 4 features, test duration, 0.010
chinx.csv,model LogisticsRegression with 4 features, train duration, 0.005
chinx.csv,model LogisticsRegression with 4 features, test duration, 0.001
chinx.csv,model NB with 4 features, train duration, 0.001
chinx.csv,model NB with 4 features, test duration, 0.001
chinx.csv,model SVM with 5 features, train duration, 0.003
chinx.csv,model SVM with 5 features, test duration, 0.001
chinx.csv,model k - nearest with 5 features, train duration, 0.001
chinx.csv,model k - nearest with 5 features, test duration, 0.001
chinx.csv,model RandomForest with 5 features, train duration, 0.097
chinx.csv,model RandomForest with 5 features, test duration, 0.009
chinx.csv,model LogisticsRegression with 5 features, train duration, 0.006
chinx.csv,model LogisticsRegression with 5 features, test duration, 0.001
chinx.csv,model NB with 5 features, train duration, 0.002
chinx.csv,model NB with 5 features, test duration, 0.001
chinx.csv,model SVM with 10 features, train duration, 0.004
chinx.csv,model SVM with 10 features, test duration, 0.001
chinx.csv,model k - nearest with 10 features, train duration, 0.001
chinx.csv,model k - nearest with 10 features, test duration, 0.001
chinx.csv,model RandomForest with 10 features, train duration, 0.094
chinx.csv,model RandomForest with 10 features, test duration, 0.009
chinx.csv,model LogisticsRegression with 10 features, train duration, 0.009
chinx.csv,model LogisticsRegression with 10 features, test duration, 0.001
chinx.csv,model NB with 10 features, train duration, 0.001
chinx.csv,model NB with 10 features, test duration, 0.001
chinx.csv,model SVM with 15 features, train duration, 0.005
chinx.csv,model SVM with 15 features, test duration, 0.001
chinx.csv,model k - nearest with 15 features, train duration, 0.001
chinx.csv,model k - nearest with 15 features, test duration, 0.001
chinx.csv,model RandomForest with 15 features, train duration, 0.095
chinx.csv,model RandomForest with 15 features, test duration, 0.008
chinx.csv,model LogisticsRegression with 15 features, train duration, 0.011
chinx.csv,model LogisticsRegression with 15 features, test duration, 0.001
chinx.csv,model NB with 15 features, train duration, 0.001
chinx.csv,model NB with 15 features, test duration, 0.001
chinx.csv,model SVM with 20 features, train duration, 0.004
chinx.csv,model SVM with 20 features, test duration, 0.001
chinx.csv,model k - nearest with 20 features, train duration, 0.001
chinx.csv,model k - nearest with 20 features, test duration, 0.001
chinx.csv,model RandomForest with 20 features, train duration, 0.120
chinx.csv,model RandomForest with 20 features, test duration, 0.011
chinx.csv,model LogisticsRegression with 20 features, train duration, 0.010
chinx.csv,model LogisticsRegression with 20 features, test duration, 0.001
chinx.csv,model NB with 20 features, train duration, 0.001
chinx.csv,model NB with 20 features, test duration, 0.001
chinx.csv,model SVM with 25 features, train duration, 0.005
chinx.csv,model SVM with 25 features, test duration, 0.001
chinx.csv,model k - nearest with 25 features, train duration, 0.001
chinx.csv,model k - nearest with 25 features, test duration, 0.001
chinx.csv,model RandomForest with 25 features, train duration, 0.134
chinx.csv,model RandomForest with 25 features, test duration, 0.013
chinx.csv,model LogisticsRegression with 25 features, train duration, 0.016
chinx.csv,model LogisticsRegression with 25 features, test duration, 0.001
chinx.csv,model NB with 25 features, train duration, 0.001
chinx.csv,model NB with 25 features, test duration, 0.001
chinx.csv,model SVM with 30 features, train duration, 0.005
chinx.csv,model SVM with 30 features, test duration, 0.001
chinx.csv,model k - nearest with 30 features, train duration, 0.001
chinx.csv,model k - nearest with 30 features, test duration, 0.001
chinx.csv,model RandomForest with 30 features, train duration, 0.099
chinx.csv,model RandomForest with 30 features, test duration, 0.008
chinx.csv,model LogisticsRegression with 30 features, train duration, 0.012
chinx.csv,model LogisticsRegression with 30 features, test duration, 0.001
chinx.csv,model NB with 30 features, train duration, 0.001
chinx.csv,model NB with 30 features, test duration, 0.001
chinx.csv,model SVM with 50 features, train duration, 0.008
chinx.csv,model SVM with 50 features, test duration, 0.001
chinx.csv,model k - nearest with 50 features, train duration, 0.001
chinx.csv,model k - nearest with 50 features, test duration, 0.001
chinx.csv,model RandomForest with 50 features, train duration, 0.097
chinx.csv,model RandomForest with 50 features, test duration, 0.008
chinx.csv,model LogisticsRegression with 50 features, train duration, 0.011
chinx.csv,model LogisticsRegression with 50 features, test duration, 0.001
chinx.csv,model NB with 50 features, train duration, 0.001
chinx.csv,model NB with 50 features, test duration, 0.001
chinx.csv,model SVM with 100 features, train duration, 0.011
chinx.csv,model SVM with 100 features, test duration, 0.001
chinx.csv,model k - nearest with 100 features, train duration, 0.001
chinx.csv,model k - nearest with 100 features, test duration, 0.001
chinx.csv,model RandomForest with 100 features, train duration, 0.117
chinx.csv,model RandomForest with 100 features, test duration, 0.010
chinx.csv,model LogisticsRegression with 100 features, train duration, 0.019
chinx.csv,model LogisticsRegression with 100 features, test duration, 0.002
chinx.csv,model NB with 100 features, train duration, 0.002
chinx.csv,model NB with 100 features, test duration, 0.001
chinx.csv,rfe,selection runtime, 2.140
chinx.csv,model SVM with 1 features, train duration, 0.004
chinx.csv,model SVM with 1 features, test duration, 0.001
chinx.csv,model k - nearest with 1 features, train duration, 0.002
chinx.csv,model k - nearest with 1 features, test duration, 0.001
chinx.csv,model RandomForest with 1 features, train duration, 0.101
chinx.csv,model RandomForest with 1 features, test duration, 0.009
chinx.csv,model LogisticsRegression with 1 features, train duration, 0.003
chinx.csv,model LogisticsRegression with 1 features, test duration, 0.001
chinx.csv,model NB with 1 features, train duration, 0.001
chinx.csv,model NB with 1 features, test duration, 0.001
chinx.csv,model SVM with 2 features, train duration, 0.003
chinx.csv,model SVM with 2 features, test duration, 0.001
chinx.csv,model k - nearest with 2 features, train duration, 0.001
chinx.csv,model k - nearest with 2 features, test duration, 0.001
chinx.csv,model RandomForest with 2 features, train duration, 0.094
chinx.csv,model RandomForest with 2 features, test duration, 0.009
chinx.csv,model LogisticsRegression with 2 features, train duration, 0.003
chinx.csv,model LogisticsRegression with 2 features, test duration, 0.001
chinx.csv,model NB with 2 features, train duration, 0.001
chinx.csv,model NB with 2 features, test duration, 0.001
chinx.csv,model SVM with 3 features, train duration, 0.003
chinx.csv,model SVM with 3 features, test duration, 0.001
chinx.csv,model k - nearest with 3 features, train duration, 0.001
chinx.csv,model k - nearest with 3 features, test duration, 0.001
chinx.csv,model RandomForest with 3 features, train duration, 0.115
chinx.csv,model RandomForest with 3 features, test duration, 0.012
chinx.csv,model LogisticsRegression with 3 features, train duration, 0.005
chinx.csv,model LogisticsRegression with 3 features, test duration, 0.001
chinx.csv,model NB with 3 features, train duration, 0.001
chinx.csv,model NB with 3 features, test duration, 0.001
chinx.csv,model SVM with 4 features, train duration, 0.004
chinx.csv,model SVM with 4 features, test duration, 0.001
chinx.csv,model k - nearest with 4 features, train duration, 0.002
chinx.csv,model k - nearest with 4 features, test duration, 0.001
chinx.csv,model RandomForest with 4 features, train duration, 0.103
chinx.csv,model RandomForest with 4 features, test duration, 0.010
chinx.csv,model LogisticsRegression with 4 features, train duration, 0.006
chinx.csv,model LogisticsRegression with 4 features, test duration, 0.001
chinx.csv,model NB with 4 features, train duration, 0.001
chinx.csv,model NB with 4 features, test duration, 0.001
chinx.csv,model SVM with 5 features, train duration, 0.003
chinx.csv,model SVM with 5 features, test duration, 0.001
chinx.csv,model k - nearest with 5 features, train duration, 0.001
chinx.csv,model k - nearest with 5 features, test duration, 0.001
chinx.csv,model RandomForest with 5 features, train duration, 0.102
chinx.csv,model RandomForest with 5 features, test duration, 0.010
chinx.csv,model LogisticsRegression with 5 features, train duration, 0.008
chinx.csv,model LogisticsRegression with 5 features, test duration, 0.001
chinx.csv,model NB with 5 features, train duration, 0.001
chinx.csv,model NB with 5 features, test duration, 0.001
chinx.csv,model SVM with 10 features, train duration, 0.004
chinx.csv,model SVM with 10 features, test duration, 0.001
chinx.csv,model k - nearest with 10 features, train duration, 0.002
chinx.csv,model k - nearest with 10 features, test duration, 0.001
chinx.csv,model RandomForest with 10 features, train duration, 0.098
chinx.csv,model RandomForest with 10 features, test duration, 0.010
chinx.csv,model LogisticsRegression with 10 features, train duration, 0.012
chinx.csv,model LogisticsRegression with 10 features, test duration, 0.001
chinx.csv,model NB with 10 features, train duration, 0.001
chinx.csv,model NB with 10 features, test duration, 0.001
chinx.csv,model SVM with 15 features, train duration, 0.003
chinx.csv,model SVM with 15 features, test duration, 0.001
chinx.csv,model k - nearest with 15 features, train duration, 0.001
chinx.csv,model k - nearest with 15 features, test duration, 0.001
chinx.csv,model RandomForest with 15 features, train duration, 0.112
chinx.csv,model RandomForest with 15 features, test duration, 0.012
chinx.csv,model LogisticsRegression with 15 features, train duration, 0.012
chinx.csv,model LogisticsRegression with 15 features, test duration, 0.001
chinx.csv,model NB with 15 features, train duration, 0.001
chinx.csv,model NB with 15 features, test duration, 0.001
chinx.csv,model SVM with 20 features, train duration, 0.004
chinx.csv,model SVM with 20 features, test duration, 0.001
chinx.csv,model k - nearest with 20 features, train duration, 0.001
chinx.csv,model k - nearest with 20 features, test duration, 0.001
chinx.csv,model RandomForest with 20 features, train duration, 0.099
chinx.csv,model RandomForest with 20 features, test duration, 0.010
chinx.csv,model LogisticsRegression with 20 features, train duration, 0.010
chinx.csv,model LogisticsRegression with 20 features, test duration, 0.001
chinx.csv,model NB with 20 features, train duration, 0.001
chinx.csv,model NB with 20 features, test duration, 0.001
chinx.csv,model SVM with 25 features, train duration, 0.006
chinx.csv,model SVM with 25 features, test duration, 0.001
chinx.csv,model k - nearest with 25 features, train duration, 0.001
chinx.csv,model k - nearest with 25 features, test duration, 0.001
chinx.csv,model RandomForest with 25 features, train duration, 0.117
chinx.csv,model RandomForest with 25 features, test duration, 0.010
chinx.csv,model LogisticsRegression with 25 features, train duration, 0.013
chinx.csv,model LogisticsRegression with 25 features, test duration, 0.001
chinx.csv,model NB with 25 features, train duration, 0.001
chinx.csv,model NB with 25 features, test duration, 0.001
chinx.csv,model SVM with 30 features, train duration, 0.005
chinx.csv,model SVM with 30 features, test duration, 0.001
chinx.csv,model k - nearest with 30 features, train duration, 0.001
chinx.csv,model k - nearest with 30 features, test duration, 0.001
chinx.csv,model RandomForest with 30 features, train duration, 0.100
chinx.csv,model RandomForest with 30 features, test duration, 0.009
chinx.csv,model LogisticsRegression with 30 features, train duration, 0.011
chinx.csv,model LogisticsRegression with 30 features, test duration, 0.001
chinx.csv,model NB with 30 features, train duration, 0.001
chinx.csv,model NB with 30 features, test duration, 0.001
chinx.csv,model SVM with 50 features, train duration, 0.009
chinx.csv,model SVM with 50 features, test duration, 0.001
chinx.csv,model k - nearest with 50 features, train duration, 0.001
chinx.csv,model k - nearest with 50 features, test duration, 0.001
chinx.csv,model RandomForest with 50 features, train duration, 0.114
chinx.csv,model RandomForest with 50 features, test duration, 0.010
chinx.csv,model LogisticsRegression with 50 features, train duration, 0.017
chinx.csv,model LogisticsRegression with 50 features, test duration, 0.001
chinx.csv,model NB with 50 features, train duration, 0.001
chinx.csv,model NB with 50 features, test duration, 0.001
chinx.csv,model SVM with 100 features, train duration, 0.013
chinx.csv,model SVM with 100 features, test duration, 0.001
chinx.csv,model k - nearest with 100 features, train duration, 0.002
chinx.csv,model k - nearest with 100 features, test duration, 0.001
chinx.csv,model RandomForest with 100 features, train duration, 0.117
chinx.csv,model RandomForest with 100 features, test duration, 0.010
chinx.csv,model LogisticsRegression with 100 features, train duration, 0.016
chinx.csv,model LogisticsRegression with 100 features, test duration, 0.001
chinx.csv,model NB with 100 features, train duration, 0.002
chinx.csv,model NB with 100 features, test duration, 0.001
chinx.csv,Fdr_f_classif,selection runtime, 0.007
chinx.csv,model SVM with 1 features, train duration, 0.003
chinx.csv,model SVM with 1 features, test duration, 0.001
chinx.csv,model k - nearest with 1 features, train duration, 0.001
chinx.csv,model k - nearest with 1 features, test duration, 0.001
chinx.csv,model RandomForest with 1 features, train duration, 0.096
chinx.csv,model RandomForest with 1 features, test duration, 0.009
chinx.csv,model LogisticsRegression with 1 features, train duration, 0.003
chinx.csv,model LogisticsRegression with 1 features, test duration, 0.001
chinx.csv,model NB with 1 features, train duration, 0.001
chinx.csv,model NB with 1 features, test duration, 0.001
chinx.csv,model SVM with 2 features, train duration, 0.004
chinx.csv,model SVM with 2 features, test duration, 0.001
chinx.csv,model k - nearest with 2 features, train duration, 0.001
chinx.csv,model k - nearest with 2 features, test duration, 0.001
chinx.csv,model RandomForest with 2 features, train duration, 0.102
chinx.csv,model RandomForest with 2 features, test duration, 0.009
chinx.csv,model LogisticsRegression with 2 features, train duration, 0.004
chinx.csv,model LogisticsRegression with 2 features, test duration, 0.001
chinx.csv,model NB with 2 features, train duration, 0.001
chinx.csv,model NB with 2 features, test duration, 0.001
chinx.csv,model SVM with 3 features, train duration, 0.004
chinx.csv,model SVM with 3 features, test duration, 0.001
chinx.csv,model k - nearest with 3 features, train duration, 0.001
chinx.csv,model k - nearest with 3 features, test duration, 0.001
chinx.csv,model RandomForest with 3 features, train duration, 0.107
chinx.csv,model RandomForest with 3 features, test duration, 0.012
chinx.csv,model LogisticsRegression with 3 features, train duration, 0.004
chinx.csv,model LogisticsRegression with 3 features, test duration, 0.001
chinx.csv,model NB with 3 features, train duration, 0.001
chinx.csv,model NB with 3 features, test duration, 0.001
chinx.csv,model SVM with 4 features, train duration, 0.004
chinx.csv,model SVM with 4 features, test duration, 0.001
chinx.csv,model k - nearest with 4 features, train duration, 0.001
chinx.csv,model k - nearest with 4 features, test duration, 0.001
chinx.csv,model RandomForest with 4 features, train duration, 0.096
chinx.csv,model RandomForest with 4 features, test duration, 0.008
chinx.csv,model LogisticsRegression with 4 features, train duration, 0.007
chinx.csv,model LogisticsRegression with 4 features, test duration, 0.001
chinx.csv,model NB with 4 features, train duration, 0.001
chinx.csv,model NB with 4 features, test duration, 0.001
chinx.csv,model SVM with 5 features, train duration, 0.004
chinx.csv,model SVM with 5 features, test duration, 0.001
chinx.csv,model k - nearest with 5 features, train duration, 0.001
chinx.csv,model k - nearest with 5 features, test duration, 0.001
chinx.csv,model RandomForest with 5 features, train duration, 0.113
chinx.csv,model RandomForest with 5 features, test duration, 0.012
chinx.csv,model LogisticsRegression with 5 features, train duration, 0.006
chinx.csv,model LogisticsRegression with 5 features, test duration, 0.001
chinx.csv,model NB with 5 features, train duration, 0.001
chinx.csv,model NB with 5 features, test duration, 0.001
chinx.csv,model SVM with 10 features, train duration, 0.003
chinx.csv,model SVM with 10 features, test duration, 0.001
chinx.csv,model k - nearest with 10 features, train duration, 0.001
chinx.csv,model k - nearest with 10 features, test duration, 0.001
chinx.csv,model RandomForest with 10 features, train duration, 0.101
chinx.csv,model RandomForest with 10 features, test duration, 0.010
chinx.csv,model LogisticsRegression with 10 features, train duration, 0.012
chinx.csv,model LogisticsRegression with 10 features, test duration, 0.001
chinx.csv,model NB with 10 features, train duration, 0.001
chinx.csv,model NB with 10 features, test duration, 0.001
chinx.csv,model SVM with 15 features, train duration, 0.004
chinx.csv,model SVM with 15 features, test duration, 0.001
chinx.csv,model k - nearest with 15 features, train duration, 0.001
chinx.csv,model k - nearest with 15 features, test duration, 0.001
chinx.csv,model RandomForest with 15 features, train duration, 0.112
chinx.csv,model RandomForest with 15 features, test duration, 0.009
chinx.csv,model LogisticsRegression with 15 features, train duration, 0.014
chinx.csv,model LogisticsRegression with 15 features, test duration, 0.001
chinx.csv,model NB with 15 features, train duration, 0.001
chinx.csv,model NB with 15 features, test duration, 0.001
chinx.csv,model SVM with 20 features, train duration, 0.005
chinx.csv,model SVM with 20 features, test duration, 0.001
chinx.csv,model k - nearest with 20 features, train duration, 0.001
chinx.csv,model k - nearest with 20 features, test duration, 0.001
chinx.csv,model RandomForest with 20 features, train duration, 0.109
chinx.csv,model RandomForest with 20 features, test duration, 0.009
chinx.csv,model LogisticsRegression with 20 features, train duration, 0.013
chinx.csv,model LogisticsRegression with 20 features, test duration, 0.001
chinx.csv,model NB with 20 features, train duration, 0.001
chinx.csv,model NB with 20 features, test duration, 0.001
chinx.csv,model SVM with 25 features, train duration, 0.006
chinx.csv,model SVM with 25 features, test duration, 0.001
chinx.csv,model k - nearest with 25 features, train duration, 0.001
chinx.csv,model k - nearest with 25 features, test duration, 0.001
chinx.csv,model RandomForest with 25 features, train duration, 0.124
chinx.csv,model RandomForest with 25 features, test duration, 0.010
chinx.csv,model LogisticsRegression with 25 features, train duration, 0.013
chinx.csv,model LogisticsRegression with 25 features, test duration, 0.001
chinx.csv,model NB with 25 features, train duration, 0.001
chinx.csv,model NB with 25 features, test duration, 0.001
chinx.csv,model SVM with 30 features, train duration, 0.007
chinx.csv,model SVM with 30 features, test duration, 0.001
chinx.csv,model k - nearest with 30 features, train duration, 0.001
chinx.csv,model k - nearest with 30 features, test duration, 0.001
chinx.csv,model RandomForest with 30 features, train duration, 0.102
chinx.csv,model RandomForest with 30 features, test duration, 0.009
chinx.csv,model LogisticsRegression with 30 features, train duration, 0.012
chinx.csv,model LogisticsRegression with 30 features, test duration, 0.001
chinx.csv,model NB with 30 features, train duration, 0.001
chinx.csv,model NB with 30 features, test duration, 0.001
chinx.csv,model SVM with 50 features, train duration, 0.012
chinx.csv,model SVM with 50 features, test duration, 0.001
chinx.csv,model k - nearest with 50 features, train duration, 0.001
chinx.csv,model k - nearest with 50 features, test duration, 0.001
chinx.csv,model RandomForest with 50 features, train duration, 0.129
chinx.csv,model RandomForest with 50 features, test duration, 0.010
chinx.csv,model LogisticsRegression with 50 features, train duration, 0.014
chinx.csv,model LogisticsRegression with 50 features, test duration, 0.001
chinx.csv,model NB with 50 features, train duration, 0.001
chinx.csv,model NB with 50 features, test duration, 0.001
chinx.csv,model SVM with 100 features, train duration, 0.017
chinx.csv,model SVM with 100 features, test duration, 0.001
chinx.csv,model k - nearest with 100 features, train duration, 0.001
chinx.csv,model k - nearest with 100 features, test duration, 0.002
chinx.csv,model RandomForest with 100 features, train duration, 0.109
chinx.csv,model RandomForest with 100 features, test duration, 0.010
chinx.csv,model LogisticsRegression with 100 features, train duration, 0.015
chinx.csv,model LogisticsRegression with 100 features, test duration, 0.001
chinx.csv,model NB with 100 features, train duration, 0.002
chinx.csv,model NB with 100 features, test duration, 0.001
chinx.csv,mrmr,selection runtime, 12.486
chinx.csv,model SVM with 1 features, train duration, 0.004
chinx.csv,model SVM with 1 features, test duration, 0.001
chinx.csv,model k - nearest with 1 features, train duration, 0.001
chinx.csv,model k - nearest with 1 features, test duration, 0.001
chinx.csv,model RandomForest with 1 features, train duration, 0.127
chinx.csv,model RandomForest with 1 features, test duration, 0.011
chinx.csv,model LogisticsRegression with 1 features, train duration, 0.003
chinx.csv,model LogisticsRegression with 1 features, test duration, 0.001
chinx.csv,model NB with 1 features, train duration, 0.001
chinx.csv,model NB with 1 features, test duration, 0.001
chinx.csv,model SVM with 2 features, train duration, 0.003
chinx.csv,model SVM with 2 features, test duration, 0.001
chinx.csv,model k - nearest with 2 features, train duration, 0.001
chinx.csv,model k - nearest with 2 features, test duration, 0.001
chinx.csv,model RandomForest with 2 features, train duration, 0.095
chinx.csv,model RandomForest with 2 features, test duration, 0.014
chinx.csv,model LogisticsRegression with 2 features, train duration, 0.003
chinx.csv,model LogisticsRegression with 2 features, test duration, 0.001
chinx.csv,model NB with 2 features, train duration, 0.001
chinx.csv,model NB with 2 features, test duration, 0.001
chinx.csv,model SVM with 3 features, train duration, 0.003
chinx.csv,model SVM with 3 features, test duration, 0.001
chinx.csv,model k - nearest with 3 features, train duration, 0.001
chinx.csv,model k - nearest with 3 features, test duration, 0.001
chinx.csv,model RandomForest with 3 features, train duration, 0.109
chinx.csv,model RandomForest with 3 features, test duration, 0.012
chinx.csv,model LogisticsRegression with 3 features, train duration, 0.004
chinx.csv,model LogisticsRegression with 3 features, test duration, 0.001
chinx.csv,model NB with 3 features, train duration, 0.001
chinx.csv,model NB with 3 features, test duration, 0.001
chinx.csv,model SVM with 4 features, train duration, 0.003
chinx.csv,model SVM with 4 features, test duration, 0.001
chinx.csv,model k - nearest with 4 features, train duration, 0.001
chinx.csv,model k - nearest with 4 features, test duration, 0.001
chinx.csv,model RandomForest with 4 features, train duration, 0.105
chinx.csv,model RandomForest with 4 features, test duration, 0.009
chinx.csv,model LogisticsRegression with 4 features, train duration, 0.005
chinx.csv,model LogisticsRegression with 4 features, test duration, 0.001
chinx.csv,model NB with 4 features, train duration, 0.001
chinx.csv,model NB with 4 features, test duration, 0.001
chinx.csv,model SVM with 5 features, train duration, 0.003
chinx.csv,model SVM with 5 features, test duration, 0.001
chinx.csv,model k - nearest with 5 features, train duration, 0.001
chinx.csv,model k - nearest with 5 features, test duration, 0.001
chinx.csv,model RandomForest with 5 features, train duration, 0.120
chinx.csv,model RandomForest with 5 features, test duration, 0.009
chinx.csv,model LogisticsRegression with 5 features, train duration, 0.007
chinx.csv,model LogisticsRegression with 5 features, test duration, 0.001
chinx.csv,model NB with 5 features, train duration, 0.001
chinx.csv,model NB with 5 features, test duration, 0.001
chinx.csv,model SVM with 10 features, train duration, 0.003
chinx.csv,model SVM with 10 features, test duration, 0.001
chinx.csv,model k - nearest with 10 features, train duration, 0.001
chinx.csv,model k - nearest with 10 features, test duration, 0.001
chinx.csv,model RandomForest with 10 features, train duration, 0.100
chinx.csv,model RandomForest with 10 features, test duration, 0.010
chinx.csv,model LogisticsRegression with 10 features, train duration, 0.008
chinx.csv,model LogisticsRegression with 10 features, test duration, 0.001
chinx.csv,model NB with 10 features, train duration, 0.001
chinx.csv,model NB with 10 features, test duration, 0.001
chinx.csv,model SVM with 15 features, train duration, 0.003
chinx.csv,model SVM with 15 features, test duration, 0.001
chinx.csv,model k - nearest with 15 features, train duration, 0.001
chinx.csv,model k - nearest with 15 features, test duration, 0.001
chinx.csv,model RandomForest with 15 features, train duration, 0.115
chinx.csv,model RandomForest with 15 features, test duration, 0.012
chinx.csv,model LogisticsRegression with 15 features, train duration, 0.012
chinx.csv,model LogisticsRegression with 15 features, test duration, 0.001
chinx.csv,model NB with 15 features, train duration, 0.001
chinx.csv,model NB with 15 features, test duration, 0.001
chinx.csv,model SVM with 20 features, train duration, 0.005
chinx.csv,model SVM with 20 features, test duration, 0.001
chinx.csv,model k - nearest with 20 features, train duration, 0.001
chinx.csv,model k - nearest with 20 features, test duration, 0.001
chinx.csv,model RandomForest with 20 features, train duration, 0.119
chinx.csv,model RandomForest with 20 features, test duration, 0.010
chinx.csv,model LogisticsRegression with 20 features, train duration, 0.013
chinx.csv,model LogisticsRegression with 20 features, test duration, 0.001
chinx.csv,model NB with 20 features, train duration, 0.001
chinx.csv,model NB with 20 features, test duration, 0.001
chinx.csv,model SVM with 25 features, train duration, 0.005
chinx.csv,model SVM with 25 features, test duration, 0.001
chinx.csv,model k - nearest with 25 features, train duration, 0.001
chinx.csv,model k - nearest with 25 features, test duration, 0.001
chinx.csv,model RandomForest with 25 features, train duration, 0.121
chinx.csv,model RandomForest with 25 features, test duration, 0.010
chinx.csv,model LogisticsRegression with 25 features, train duration, 0.013
chinx.csv,model LogisticsRegression with 25 features, test duration, 0.001
chinx.csv,model NB with 25 features, train duration, 0.001
chinx.csv,model NB with 25 features, test duration, 0.001
chinx.csv,model SVM with 30 features, train duration, 0.006
chinx.csv,model SVM with 30 features, test duration, 0.001
chinx.csv,model k - nearest with 30 features, train duration, 0.001
chinx.csv,model k - nearest with 30 features, test duration, 0.001
chinx.csv,model RandomForest with 30 features, train duration, 0.106
chinx.csv,model RandomForest with 30 features, test duration, 0.013
chinx.csv,model LogisticsRegression with 30 features, train duration, 0.015
chinx.csv,model LogisticsRegression with 30 features, test duration, 0.002
chinx.csv,model NB with 30 features, train duration, 0.001
chinx.csv,model NB with 30 features, test duration, 0.001
chinx.csv,model SVM with 50 features, train duration, 0.007
chinx.csv,model SVM with 50 features, test duration, 0.002
chinx.csv,model k - nearest with 50 features, train duration, 0.001
chinx.csv,model k - nearest with 50 features, test duration, 0.001
chinx.csv,model RandomForest with 50 features, train duration, 0.111
chinx.csv,model RandomForest with 50 features, test duration, 0.009
chinx.csv,model LogisticsRegression with 50 features, train duration, 0.015
chinx.csv,model LogisticsRegression with 50 features, test duration, 0.001
chinx.csv,model NB with 50 features, train duration, 0.001
chinx.csv,model NB with 50 features, test duration, 0.001
chinx.csv,model SVM with 100 features, train duration, 0.013
chinx.csv,model SVM with 100 features, test duration, 0.001
chinx.csv,model k - nearest with 100 features, train duration, 0.001
chinx.csv,model k - nearest with 100 features, test duration, 0.001
chinx.csv,model RandomForest with 100 features, train duration, 0.116
chinx.csv,model RandomForest with 100 features, test duration, 0.011
chinx.csv,model LogisticsRegression with 100 features, train duration, 0.016
chinx.csv,model LogisticsRegression with 100 features, test duration, 0.001
chinx.csv,model NB with 100 features, train duration, 0.002
chinx.csv,model NB with 100 features, test duration, 0.001
chinx.csv,MMCC,selection runtime, 99.822
chinx.csv,model SVM with 1 features, train duration, 0.004
chinx.csv,model SVM with 1 features, test duration, 0.001
chinx.csv,model k - nearest with 1 features, train duration, 0.001
chinx.csv,model k - nearest with 1 features, test duration, 0.001
chinx.csv,model RandomForest with 1 features, train duration, 0.129
chinx.csv,model RandomForest with 1 features, test duration, 0.011
chinx.csv,model LogisticsRegression with 1 features, train duration, 0.003
chinx.csv,model LogisticsRegression with 1 features, test duration, 0.001
chinx.csv,model NB with 1 features, train duration, 0.001
chinx.csv,model NB with 1 features, test duration, 0.001
chinx.csv,model SVM with 2 features, train duration, 0.004
chinx.csv,model SVM with 2 features, test duration, 0.001
chinx.csv,model k - nearest with 2 features, train duration, 0.001
chinx.csv,model k - nearest with 2 features, test duration, 0.001
chinx.csv,model RandomForest with 2 features, train duration, 0.101
chinx.csv,model RandomForest with 2 features, test duration, 0.009
chinx.csv,model LogisticsRegression with 2 features, train duration, 0.005
chinx.csv,model LogisticsRegression with 2 features, test duration, 0.001
chinx.csv,model NB with 2 features, train duration, 0.001
chinx.csv,model NB with 2 features, test duration, 0.001
chinx.csv,model SVM with 3 features, train duration, 0.004
chinx.csv,model SVM with 3 features, test duration, 0.001
chinx.csv,model k - nearest with 3 features, train duration, 0.001
chinx.csv,model k - nearest with 3 features, test duration, 0.001
chinx.csv,model RandomForest with 3 features, train duration, 0.120
chinx.csv,model RandomForest with 3 features, test duration, 0.012
chinx.csv,model LogisticsRegression with 3 features, train duration, 0.005
chinx.csv,model LogisticsRegression with 3 features, test duration, 0.001
chinx.csv,model NB with 3 features, train duration, 0.001
chinx.csv,model NB with 3 features, test duration, 0.001
chinx.csv,model SVM with 4 features, train duration, 0.004
chinx.csv,model SVM with 4 features, test duration, 0.001
chinx.csv,model k - nearest with 4 features, train duration, 0.001
chinx.csv,model k - nearest with 4 features, test duration, 0.001
chinx.csv,model RandomForest with 4 features, train duration, 0.104
chinx.csv,model RandomForest with 4 features, test duration, 0.010
chinx.csv,model LogisticsRegression with 4 features, train duration, 0.006
chinx.csv,model LogisticsRegression with 4 features, test duration, 0.001
chinx.csv,model NB with 4 features, train duration, 0.001
chinx.csv,model NB with 4 features, test duration, 0.001
chinx.csv,model SVM with 5 features, train duration, 0.004
chinx.csv,model SVM with 5 features, test duration, 0.001
chinx.csv,model k - nearest with 5 features, train duration, 0.001
chinx.csv,model k - nearest with 5 features, test duration, 0.001
chinx.csv,model RandomForest with 5 features, train duration, 0.118
chinx.csv,model RandomForest with 5 features, test duration, 0.010
chinx.csv,model LogisticsRegression with 5 features, train duration, 0.008
chinx.csv,model LogisticsRegression with 5 features, test duration, 0.001
chinx.csv,model NB with 5 features, train duration, 0.001
chinx.csv,model NB with 5 features, test duration, 0.001
chinx.csv,model SVM with 10 features, train duration, 0.004
chinx.csv,model SVM with 10 features, test duration, 0.001
chinx.csv,model k - nearest with 10 features, train duration, 0.001
chinx.csv,model k - nearest with 10 features, test duration, 0.001
chinx.csv,model RandomForest with 10 features, train duration, 0.107
chinx.csv,model RandomForest with 10 features, test duration, 0.009
chinx.csv,model LogisticsRegression with 10 features, train duration, 0.010
chinx.csv,model LogisticsRegression with 10 features, test duration, 0.001
chinx.csv,model NB with 10 features, train duration, 0.001
chinx.csv,model NB with 10 features, test duration, 0.001
chinx.csv,model SVM with 15 features, train duration, 0.004
chinx.csv,model SVM with 15 features, test duration, 0.001
chinx.csv,model k - nearest with 15 features, train duration, 0.001
chinx.csv,model k - nearest with 15 features, test duration, 0.001
chinx.csv,model RandomForest with 15 features, train duration, 0.120
chinx.csv,model RandomForest with 15 features, test duration, 0.009
chinx.csv,model LogisticsRegression with 15 features, train duration, 0.014
chinx.csv,model LogisticsRegression with 15 features, test duration, 0.001
chinx.csv,model NB with 15 features, train duration, 0.001
chinx.csv,model NB with 15 features, test duration, 0.001
chinx.csv,model SVM with 20 features, train duration, 0.006
chinx.csv,model SVM with 20 features, test duration, 0.001
chinx.csv,model k - nearest with 20 features, train duration, 0.001
chinx.csv,model k - nearest with 20 features, test duration, 0.001
chinx.csv,model RandomForest with 20 features, train duration, 0.107
chinx.csv,model RandomForest with 20 features, test duration, 0.010
chinx.csv,model LogisticsRegression with 20 features, train duration, 0.013
chinx.csv,model LogisticsRegression with 20 features, test duration, 0.001
chinx.csv,model NB with 20 features, train duration, 0.001
chinx.csv,model NB with 20 features, test duration, 0.001
chinx.csv,model SVM with 25 features, train duration, 0.006
chinx.csv,model SVM with 25 features, test duration, 0.001
chinx.csv,model k - nearest with 25 features, train duration, 0.001
chinx.csv,model k - nearest with 25 features, test duration, 0.001
chinx.csv,model RandomForest with 25 features, train duration, 0.117
chinx.csv,model RandomForest with 25 features, test duration, 0.009
chinx.csv,model LogisticsRegression with 25 features, train duration, 0.013
chinx.csv,model LogisticsRegression with 25 features, test duration, 0.001
chinx.csv,model NB with 25 features, train duration, 0.001
chinx.csv,model NB with 25 features, test duration, 0.001
chinx.csv,model SVM with 30 features, train duration, 0.007
chinx.csv,model SVM with 30 features, test duration, 0.001
chinx.csv,model k - nearest with 30 features, train duration, 0.001
chinx.csv,model k - nearest with 30 features, test duration, 0.001
chinx.csv,model RandomForest with 30 features, train duration, 0.109
chinx.csv,model RandomForest with 30 features, test duration, 0.009
chinx.csv,model LogisticsRegression with 30 features, train duration, 0.014
chinx.csv,model LogisticsRegression with 30 features, test duration, 0.001
chinx.csv,model NB with 30 features, train duration, 0.001
chinx.csv,model NB with 30 features, test duration, 0.001
chinx.csv,model SVM with 50 features, train duration, 0.009
chinx.csv,model SVM with 50 features, test duration, 0.001
chinx.csv,model k - nearest with 50 features, train duration, 0.001
chinx.csv,model k - nearest with 50 features, test duration, 0.001
chinx.csv,model RandomForest with 50 features, train duration, 0.121
chinx.csv,model RandomForest with 50 features, test duration, 0.010
chinx.csv,model LogisticsRegression with 50 features, train duration, 0.014
chinx.csv,model LogisticsRegression with 50 features, test duration, 0.001
chinx.csv,model NB with 50 features, train duration, 0.001
chinx.csv,model NB with 50 features, test duration, 0.001
chinx.csv,model SVM with 100 features, train duration, 0.018
chinx.csv,model SVM with 100 features, test duration, 0.002
chinx.csv,model k - nearest with 100 features, train duration, 0.001
chinx.csv,model k - nearest with 100 features, test duration, 0.001
chinx.csv,model RandomForest with 100 features, train duration, 0.136
chinx.csv,model RandomForest with 100 features, test duration, 0.013
chinx.csv,model LogisticsRegression with 100 features, train duration, 0.016
chinx.csv,model LogisticsRegression with 100 features, test duration, 0.002
chinx.csv,model NB with 100 features, train duration, 0.002
chinx.csv,model NB with 100 features, test duration, 0.002
