golubx.csv,reliefF,selection runtime, 0.033
golubx.csv,model SVM with 1 features, train duration, 0.003
golubx.csv,model SVM with 1 features, test duration, 0.001
golubx.csv,model k - nearest with 1 features, train duration, 0.001
golubx.csv,model k - nearest with 1 features, test duration, 0.001
golubx.csv,model RandomForest with 1 features, train duration, 0.088
golubx.csv,model RandomForest with 1 features, test duration, 0.013
golubx.csv,model LogisticsRegression with 1 features, train duration, 0.003
golubx.csv,model LogisticsRegression with 1 features, test duration, 0.001
golubx.csv,model NB with 1 features, train duration, 0.001
golubx.csv,model NB with 1 features, test duration, 0.001
golubx.csv,model SVM with 2 features, train duration, 0.003
golubx.csv,model SVM with 2 features, test duration, 0.001
golubx.csv,model k - nearest with 2 features, train duration, 0.002
golubx.csv,model k - nearest with 2 features, test duration, 0.001
golubx.csv,model RandomForest with 2 features, train duration, 0.088
golubx.csv,model RandomForest with 2 features, test duration, 0.009
golubx.csv,model LogisticsRegression with 2 features, train duration, 0.003
golubx.csv,model LogisticsRegression with 2 features, test duration, 0.001
golubx.csv,model NB with 2 features, train duration, 0.001
golubx.csv,model NB with 2 features, test duration, 0.001
golubx.csv,model SVM with 3 features, train duration, 0.003
golubx.csv,model SVM with 3 features, test duration, 0.001
golubx.csv,model k - nearest with 3 features, train duration, 0.001
golubx.csv,model k - nearest with 3 features, test duration, 0.001
golubx.csv,model RandomForest with 3 features, train duration, 0.096
golubx.csv,model RandomForest with 3 features, test duration, 0.010
golubx.csv,model LogisticsRegression with 3 features, train duration, 0.003
golubx.csv,model LogisticsRegression with 3 features, test duration, 0.001
golubx.csv,model NB with 3 features, train duration, 0.001
golubx.csv,model NB with 3 features, test duration, 0.001
golubx.csv,model SVM with 4 features, train duration, 0.003
golubx.csv,model SVM with 4 features, test duration, 0.001
golubx.csv,model k - nearest with 4 features, train duration, 0.001
golubx.csv,model k - nearest with 4 features, test duration, 0.001
golubx.csv,model RandomForest with 4 features, train duration, 0.095
golubx.csv,model RandomForest with 4 features, test duration, 0.008
golubx.csv,model LogisticsRegression with 4 features, train duration, 0.004
golubx.csv,model LogisticsRegression with 4 features, test duration, 0.001
golubx.csv,model NB with 4 features, train duration, 0.001
golubx.csv,model NB with 4 features, test duration, 0.001
golubx.csv,model SVM with 5 features, train duration, 0.003
golubx.csv,model SVM with 5 features, test duration, 0.001
golubx.csv,model k - nearest with 5 features, train duration, 0.001
golubx.csv,model k - nearest with 5 features, test duration, 0.001
golubx.csv,model RandomForest with 5 features, train duration, 0.094
golubx.csv,model RandomForest with 5 features, test duration, 0.009
golubx.csv,model LogisticsRegression with 5 features, train duration, 0.004
golubx.csv,model LogisticsRegression with 5 features, test duration, 0.001
golubx.csv,model NB with 5 features, train duration, 0.001
golubx.csv,model NB with 5 features, test duration, 0.001
golubx.csv,model SVM with 10 features, train duration, 0.002
golubx.csv,model SVM with 10 features, test duration, 0.001
golubx.csv,model k - nearest with 10 features, train duration, 0.001
golubx.csv,model k - nearest with 10 features, test duration, 0.002
golubx.csv,model RandomForest with 10 features, train duration, 0.108
golubx.csv,model RandomForest with 10 features, test duration, 0.011
golubx.csv,model LogisticsRegression with 10 features, train duration, 0.008
golubx.csv,model LogisticsRegression with 10 features, test duration, 0.001
golubx.csv,model NB with 10 features, train duration, 0.002
golubx.csv,model NB with 10 features, test duration, 0.001
golubx.csv,model SVM with 15 features, train duration, 0.002
golubx.csv,model SVM with 15 features, test duration, 0.001
golubx.csv,model k - nearest with 15 features, train duration, 0.001
golubx.csv,model k - nearest with 15 features, test duration, 0.001
golubx.csv,model RandomForest with 15 features, train duration, 0.089
golubx.csv,model RandomForest with 15 features, test duration, 0.009
golubx.csv,model LogisticsRegression with 15 features, train duration, 0.014
golubx.csv,model LogisticsRegression with 15 features, test duration, 0.001
golubx.csv,model NB with 15 features, train duration, 0.001
golubx.csv,model NB with 15 features, test duration, 0.001
golubx.csv,model SVM with 20 features, train duration, 0.002
golubx.csv,model SVM with 20 features, test duration, 0.001
golubx.csv,model k - nearest with 20 features, train duration, 0.002
golubx.csv,model k - nearest with 20 features, test duration, 0.002
golubx.csv,model RandomForest with 20 features, train duration, 0.100
golubx.csv,model RandomForest with 20 features, test duration, 0.009
golubx.csv,model LogisticsRegression with 20 features, train duration, 0.013
golubx.csv,model LogisticsRegression with 20 features, test duration, 0.001
golubx.csv,model NB with 20 features, train duration, 0.001
golubx.csv,model NB with 20 features, test duration, 0.001
golubx.csv,model SVM with 25 features, train duration, 0.002
golubx.csv,model SVM with 25 features, test duration, 0.001
golubx.csv,model k - nearest with 25 features, train duration, 0.001
golubx.csv,model k - nearest with 25 features, test duration, 0.001
golubx.csv,model RandomForest with 25 features, train duration, 0.104
golubx.csv,model RandomForest with 25 features, test duration, 0.008
golubx.csv,model LogisticsRegression with 25 features, train duration, 0.010
golubx.csv,model LogisticsRegression with 25 features, test duration, 0.001
golubx.csv,model NB with 25 features, train duration, 0.001
golubx.csv,model NB with 25 features, test duration, 0.001
golubx.csv,model SVM with 30 features, train duration, 0.003
golubx.csv,model SVM with 30 features, test duration, 0.001
golubx.csv,model k - nearest with 30 features, train duration, 0.001
golubx.csv,model k - nearest with 30 features, test duration, 0.001
golubx.csv,model RandomForest with 30 features, train duration, 0.106
golubx.csv,model RandomForest with 30 features, test duration, 0.010
golubx.csv,model LogisticsRegression with 30 features, train duration, 0.010
golubx.csv,model LogisticsRegression with 30 features, test duration, 0.001
golubx.csv,model NB with 30 features, train duration, 0.001
golubx.csv,model NB with 30 features, test duration, 0.001
golubx.csv,model SVM with 50 features, train duration, 0.002
golubx.csv,model SVM with 50 features, test duration, 0.001
golubx.csv,model k - nearest with 50 features, train duration, 0.001
golubx.csv,model k - nearest with 50 features, test duration, 0.001
golubx.csv,model RandomForest with 50 features, train duration, 0.112
golubx.csv,model RandomForest with 50 features, test duration, 0.010
golubx.csv,model LogisticsRegression with 50 features, train duration, 0.005
golubx.csv,model LogisticsRegression with 50 features, test duration, 0.001
golubx.csv,model NB with 50 features, train duration, 0.002
golubx.csv,model NB with 50 features, test duration, 0.001
golubx.csv,model SVM with 100 features, train duration, 0.005
golubx.csv,model SVM with 100 features, test duration, 0.001
golubx.csv,model k - nearest with 100 features, train duration, 0.001
golubx.csv,model k - nearest with 100 features, test duration, 0.001
golubx.csv,model RandomForest with 100 features, train duration, 0.098
golubx.csv,model RandomForest with 100 features, test duration, 0.008
golubx.csv,model LogisticsRegression with 100 features, train duration, 0.008
golubx.csv,model LogisticsRegression with 100 features, test duration, 0.001
golubx.csv,model NB with 100 features, train duration, 0.002
golubx.csv,model NB with 100 features, test duration, 0.001
golubx.csv,rfe,selection runtime, 0.889
golubx.csv,model SVM with 1 features, train duration, 0.003
golubx.csv,model SVM with 1 features, test duration, 0.001
golubx.csv,model k - nearest with 1 features, train duration, 0.001
golubx.csv,model k - nearest with 1 features, test duration, 0.001
golubx.csv,model RandomForest with 1 features, train duration, 0.114
golubx.csv,model RandomForest with 1 features, test duration, 0.011
golubx.csv,model LogisticsRegression with 1 features, train duration, 0.003
golubx.csv,model LogisticsRegression with 1 features, test duration, 0.001
golubx.csv,model NB with 1 features, train duration, 0.001
golubx.csv,model NB with 1 features, test duration, 0.001
golubx.csv,model SVM with 2 features, train duration, 0.003
golubx.csv,model SVM with 2 features, test duration, 0.001
golubx.csv,model k - nearest with 2 features, train duration, 0.001
golubx.csv,model k - nearest with 2 features, test duration, 0.001
golubx.csv,model RandomForest with 2 features, train duration, 0.148
golubx.csv,model RandomForest with 2 features, test duration, 0.010
golubx.csv,model LogisticsRegression with 2 features, train duration, 0.006
golubx.csv,model LogisticsRegression with 2 features, test duration, 0.001
golubx.csv,model NB with 2 features, train duration, 0.001
golubx.csv,model NB with 2 features, test duration, 0.001
golubx.csv,model SVM with 3 features, train duration, 0.003
golubx.csv,model SVM with 3 features, test duration, 0.001
golubx.csv,model k - nearest with 3 features, train duration, 0.001
golubx.csv,model k - nearest with 3 features, test duration, 0.001
golubx.csv,model RandomForest with 3 features, train duration, 0.098
golubx.csv,model RandomForest with 3 features, test duration, 0.008
golubx.csv,model LogisticsRegression with 3 features, train duration, 0.006
golubx.csv,model LogisticsRegression with 3 features, test duration, 0.001
golubx.csv,model NB with 3 features, train duration, 0.001
golubx.csv,model NB with 3 features, test duration, 0.001
golubx.csv,model SVM with 4 features, train duration, 0.003
golubx.csv,model SVM with 4 features, test duration, 0.001
golubx.csv,model k - nearest with 4 features, train duration, 0.001
golubx.csv,model k - nearest with 4 features, test duration, 0.001
golubx.csv,model RandomForest with 4 features, train duration, 0.092
golubx.csv,model RandomForest with 4 features, test duration, 0.010
golubx.csv,model LogisticsRegression with 4 features, train duration, 0.007
golubx.csv,model LogisticsRegression with 4 features, test duration, 0.001
golubx.csv,model NB with 4 features, train duration, 0.001
golubx.csv,model NB with 4 features, test duration, 0.001
golubx.csv,model SVM with 5 features, train duration, 0.003
golubx.csv,model SVM with 5 features, test duration, 0.001
golubx.csv,model k - nearest with 5 features, train duration, 0.001
golubx.csv,model k - nearest with 5 features, test duration, 0.001
golubx.csv,model RandomForest with 5 features, train duration, 0.102
golubx.csv,model RandomForest with 5 features, test duration, 0.009
golubx.csv,model LogisticsRegression with 5 features, train duration, 0.007
golubx.csv,model LogisticsRegression with 5 features, test duration, 0.001
golubx.csv,model NB with 5 features, train duration, 0.001
golubx.csv,model NB with 5 features, test duration, 0.001
golubx.csv,model SVM with 10 features, train duration, 0.003
golubx.csv,model SVM with 10 features, test duration, 0.001
golubx.csv,model k - nearest with 10 features, train duration, 0.001
golubx.csv,model k - nearest with 10 features, test duration, 0.001
golubx.csv,model RandomForest with 10 features, train duration, 0.099
golubx.csv,model RandomForest with 10 features, test duration, 0.008
golubx.csv,model LogisticsRegression with 10 features, train duration, 0.013
golubx.csv,model LogisticsRegression with 10 features, test duration, 0.001
golubx.csv,model NB with 10 features, train duration, 0.001
golubx.csv,model NB with 10 features, test duration, 0.001
golubx.csv,model SVM with 15 features, train duration, 0.002
golubx.csv,model SVM with 15 features, test duration, 0.001
golubx.csv,model k - nearest with 15 features, train duration, 0.001
golubx.csv,model k - nearest with 15 features, test duration, 0.001
golubx.csv,model RandomForest with 15 features, train duration, 0.096
golubx.csv,model RandomForest with 15 features, test duration, 0.009
golubx.csv,model LogisticsRegression with 15 features, train duration, 0.011
golubx.csv,model LogisticsRegression with 15 features, test duration, 0.001
golubx.csv,model NB with 15 features, train duration, 0.001
golubx.csv,model NB with 15 features, test duration, 0.001
golubx.csv,model SVM with 20 features, train duration, 0.003
golubx.csv,model SVM with 20 features, test duration, 0.001
golubx.csv,model k - nearest with 20 features, train duration, 0.001
golubx.csv,model k - nearest with 20 features, test duration, 0.001
golubx.csv,model RandomForest with 20 features, train duration, 0.100
golubx.csv,model RandomForest with 20 features, test duration, 0.008
golubx.csv,model LogisticsRegression with 20 features, train duration, 0.011
golubx.csv,model LogisticsRegression with 20 features, test duration, 0.001
golubx.csv,model NB with 20 features, train duration, 0.002
golubx.csv,model NB with 20 features, test duration, 0.001
golubx.csv,model SVM with 25 features, train duration, 0.002
golubx.csv,model SVM with 25 features, test duration, 0.001
golubx.csv,model k - nearest with 25 features, train duration, 0.001
golubx.csv,model k - nearest with 25 features, test duration, 0.001
golubx.csv,model RandomForest with 25 features, train duration, 0.096
golubx.csv,model RandomForest with 25 features, test duration, 0.009
golubx.csv,model LogisticsRegression with 25 features, train duration, 0.014
golubx.csv,model LogisticsRegression with 25 features, test duration, 0.001
golubx.csv,model NB with 25 features, train duration, 0.002
golubx.csv,model NB with 25 features, test duration, 0.001
golubx.csv,model SVM with 30 features, train duration, 0.003
golubx.csv,model SVM with 30 features, test duration, 0.001
golubx.csv,model k - nearest with 30 features, train duration, 0.001
golubx.csv,model k - nearest with 30 features, test duration, 0.001
golubx.csv,model RandomForest with 30 features, train duration, 0.096
golubx.csv,model RandomForest with 30 features, test duration, 0.012
golubx.csv,model LogisticsRegression with 30 features, train duration, 0.015
golubx.csv,model LogisticsRegression with 30 features, test duration, 0.001
golubx.csv,model NB with 30 features, train duration, 0.001
golubx.csv,model NB with 30 features, test duration, 0.001
golubx.csv,model SVM with 50 features, train duration, 0.002
golubx.csv,model SVM with 50 features, test duration, 0.001
golubx.csv,model k - nearest with 50 features, train duration, 0.001
golubx.csv,model k - nearest with 50 features, test duration, 0.001
golubx.csv,model RandomForest with 50 features, train duration, 0.117
golubx.csv,model RandomForest with 50 features, test duration, 0.011
golubx.csv,model LogisticsRegression with 50 features, train duration, 0.010
golubx.csv,model LogisticsRegression with 50 features, test duration, 0.001
golubx.csv,model NB with 50 features, train duration, 0.001
golubx.csv,model NB with 50 features, test duration, 0.001
golubx.csv,model SVM with 100 features, train duration, 0.004
golubx.csv,model SVM with 100 features, test duration, 0.001
golubx.csv,model k - nearest with 100 features, train duration, 0.002
golubx.csv,model k - nearest with 100 features, test duration, 0.002
golubx.csv,model RandomForest with 100 features, train duration, 0.106
golubx.csv,model RandomForest with 100 features, test duration, 0.013
golubx.csv,model LogisticsRegression with 100 features, train duration, 0.010
golubx.csv,model LogisticsRegression with 100 features, test duration, 0.001
golubx.csv,model NB with 100 features, train duration, 0.002
golubx.csv,model NB with 100 features, test duration, 0.001
golubx.csv,Fdr_f_classif,selection runtime, 0.008
golubx.csv,model SVM with 1 features, train duration, 0.002
golubx.csv,model SVM with 1 features, test duration, 0.001
golubx.csv,model k - nearest with 1 features, train duration, 0.001
golubx.csv,model k - nearest with 1 features, test duration, 0.001
golubx.csv,model RandomForest with 1 features, train duration, 0.103
golubx.csv,model RandomForest with 1 features, test duration, 0.009
golubx.csv,model LogisticsRegression with 1 features, train duration, 0.003
golubx.csv,model LogisticsRegression with 1 features, test duration, 0.001
golubx.csv,model NB with 1 features, train duration, 0.001
golubx.csv,model NB with 1 features, test duration, 0.001
golubx.csv,model SVM with 2 features, train duration, 0.002
golubx.csv,model SVM with 2 features, test duration, 0.001
golubx.csv,model k - nearest with 2 features, train duration, 0.001
golubx.csv,model k - nearest with 2 features, test duration, 0.001
golubx.csv,model RandomForest with 2 features, train duration, 0.092
golubx.csv,model RandomForest with 2 features, test duration, 0.010
golubx.csv,model LogisticsRegression with 2 features, train duration, 0.004
golubx.csv,model LogisticsRegression with 2 features, test duration, 0.001
golubx.csv,model NB with 2 features, train duration, 0.001
golubx.csv,model NB with 2 features, test duration, 0.001
golubx.csv,model SVM with 3 features, train duration, 0.003
golubx.csv,model SVM with 3 features, test duration, 0.001
golubx.csv,model k - nearest with 3 features, train duration, 0.001
golubx.csv,model k - nearest with 3 features, test duration, 0.001
golubx.csv,model RandomForest with 3 features, train duration, 0.112
golubx.csv,model RandomForest with 3 features, test duration, 0.010
golubx.csv,model LogisticsRegression with 3 features, train duration, 0.004
golubx.csv,model LogisticsRegression with 3 features, test duration, 0.001
golubx.csv,model NB with 3 features, train duration, 0.001
golubx.csv,model NB with 3 features, test duration, 0.001
golubx.csv,model SVM with 4 features, train duration, 0.003
golubx.csv,model SVM with 4 features, test duration, 0.001
golubx.csv,model k - nearest with 4 features, train duration, 0.001
golubx.csv,model k - nearest with 4 features, test duration, 0.001
golubx.csv,model RandomForest with 4 features, train duration, 0.102
golubx.csv,model RandomForest with 4 features, test duration, 0.009
golubx.csv,model LogisticsRegression with 4 features, train duration, 0.003
golubx.csv,model LogisticsRegression with 4 features, test duration, 0.001
golubx.csv,model NB with 4 features, train duration, 0.001
golubx.csv,model NB with 4 features, test duration, 0.001
golubx.csv,model SVM with 5 features, train duration, 0.002
golubx.csv,model SVM with 5 features, test duration, 0.001
golubx.csv,model k - nearest with 5 features, train duration, 0.001
golubx.csv,model k - nearest with 5 features, test duration, 0.001
golubx.csv,model RandomForest with 5 features, train duration, 0.095
golubx.csv,model RandomForest with 5 features, test duration, 0.008
golubx.csv,model LogisticsRegression with 5 features, train duration, 0.005
golubx.csv,model LogisticsRegression with 5 features, test duration, 0.001
golubx.csv,model NB with 5 features, train duration, 0.001
golubx.csv,model NB with 5 features, test duration, 0.001
golubx.csv,model SVM with 10 features, train duration, 0.004
golubx.csv,model SVM with 10 features, test duration, 0.001
golubx.csv,model k - nearest with 10 features, train duration, 0.001
golubx.csv,model k - nearest with 10 features, test duration, 0.001
golubx.csv,model RandomForest with 10 features, train duration, 0.113
golubx.csv,model RandomForest with 10 features, test duration, 0.009
golubx.csv,model LogisticsRegression with 10 features, train duration, 0.013
golubx.csv,model LogisticsRegression with 10 features, test duration, 0.001
golubx.csv,model NB with 10 features, train duration, 0.001
golubx.csv,model NB with 10 features, test duration, 0.001
golubx.csv,model SVM with 15 features, train duration, 0.002
golubx.csv,model SVM with 15 features, test duration, 0.001
golubx.csv,model k - nearest with 15 features, train duration, 0.001
golubx.csv,model k - nearest with 15 features, test duration, 0.001
golubx.csv,model RandomForest with 15 features, train duration, 0.100
golubx.csv,model RandomForest with 15 features, test duration, 0.009
golubx.csv,model LogisticsRegression with 15 features, train duration, 0.014
golubx.csv,model LogisticsRegression with 15 features, test duration, 0.001
golubx.csv,model NB with 15 features, train duration, 0.001
golubx.csv,model NB with 15 features, test duration, 0.001
golubx.csv,model SVM with 20 features, train duration, 0.003
golubx.csv,model SVM with 20 features, test duration, 0.001
golubx.csv,model k - nearest with 20 features, train duration, 0.001
golubx.csv,model k - nearest with 20 features, test duration, 0.001
golubx.csv,model RandomForest with 20 features, train duration, 0.100
golubx.csv,model RandomForest with 20 features, test duration, 0.008
golubx.csv,model LogisticsRegression with 20 features, train duration, 0.011
golubx.csv,model LogisticsRegression with 20 features, test duration, 0.001
golubx.csv,model NB with 20 features, train duration, 0.002
golubx.csv,model NB with 20 features, test duration, 0.001
golubx.csv,model SVM with 25 features, train duration, 0.004
golubx.csv,model SVM with 25 features, test duration, 0.002
golubx.csv,model k - nearest with 25 features, train duration, 0.001
golubx.csv,model k - nearest with 25 features, test duration, 0.001
golubx.csv,model RandomForest with 25 features, train duration, 0.095
golubx.csv,model RandomForest with 25 features, test duration, 0.009
golubx.csv,model LogisticsRegression with 25 features, train duration, 0.012
golubx.csv,model LogisticsRegression with 25 features, test duration, 0.001
golubx.csv,model NB with 25 features, train duration, 0.001
golubx.csv,model NB with 25 features, test duration, 0.002
golubx.csv,model SVM with 30 features, train duration, 0.004
golubx.csv,model SVM with 30 features, test duration, 0.001
golubx.csv,model k - nearest with 30 features, train duration, 0.001
golubx.csv,model k - nearest with 30 features, test duration, 0.001
golubx.csv,model RandomForest with 30 features, train duration, 0.104
golubx.csv,model RandomForest with 30 features, test duration, 0.010
golubx.csv,model LogisticsRegression with 30 features, train duration, 0.011
golubx.csv,model LogisticsRegression with 30 features, test duration, 0.001
golubx.csv,model NB with 30 features, train duration, 0.001
golubx.csv,model NB with 30 features, test duration, 0.001
golubx.csv,model SVM with 50 features, train duration, 0.003
golubx.csv,model SVM with 50 features, test duration, 0.001
golubx.csv,model k - nearest with 50 features, train duration, 0.001
golubx.csv,model k - nearest with 50 features, test duration, 0.002
golubx.csv,model RandomForest with 50 features, train duration, 0.101
golubx.csv,model RandomForest with 50 features, test duration, 0.009
golubx.csv,model LogisticsRegression with 50 features, train duration, 0.012
golubx.csv,model LogisticsRegression with 50 features, test duration, 0.001
golubx.csv,model NB with 50 features, train duration, 0.001
golubx.csv,model NB with 50 features, test duration, 0.001
golubx.csv,model SVM with 100 features, train duration, 0.004
golubx.csv,model SVM with 100 features, test duration, 0.001
golubx.csv,model k - nearest with 100 features, train duration, 0.001
golubx.csv,model k - nearest with 100 features, test duration, 0.001
golubx.csv,model RandomForest with 100 features, train duration, 0.118
golubx.csv,model RandomForest with 100 features, test duration, 0.010
golubx.csv,model LogisticsRegression with 100 features, train duration, 0.008
golubx.csv,model LogisticsRegression with 100 features, test duration, 0.001
golubx.csv,model NB with 100 features, train duration, 0.002
golubx.csv,model NB with 100 features, test duration, 0.001
golubx.csv,mrmr,selection runtime, 12.945
golubx.csv,model SVM with 1 features, train duration, 0.003
golubx.csv,model SVM with 1 features, test duration, 0.001
golubx.csv,model k - nearest with 1 features, train duration, 0.001
golubx.csv,model k - nearest with 1 features, test duration, 0.001
golubx.csv,model RandomForest with 1 features, train duration, 0.097
golubx.csv,model RandomForest with 1 features, test duration, 0.008
golubx.csv,model LogisticsRegression with 1 features, train duration, 0.004
golubx.csv,model LogisticsRegression with 1 features, test duration, 0.001
golubx.csv,model NB with 1 features, train duration, 0.001
golubx.csv,model NB with 1 features, test duration, 0.001
golubx.csv,model SVM with 2 features, train duration, 0.002
golubx.csv,model SVM with 2 features, test duration, 0.001
golubx.csv,model k - nearest with 2 features, train duration, 0.001
golubx.csv,model k - nearest with 2 features, test duration, 0.001
golubx.csv,model RandomForest with 2 features, train duration, 0.102
golubx.csv,model RandomForest with 2 features, test duration, 0.010
golubx.csv,model LogisticsRegression with 2 features, train duration, 0.004
golubx.csv,model LogisticsRegression with 2 features, test duration, 0.001
golubx.csv,model NB with 2 features, train duration, 0.001
golubx.csv,model NB with 2 features, test duration, 0.001
golubx.csv,model SVM with 3 features, train duration, 0.002
golubx.csv,model SVM with 3 features, test duration, 0.001
golubx.csv,model k - nearest with 3 features, train duration, 0.002
golubx.csv,model k - nearest with 3 features, test duration, 0.002
golubx.csv,model RandomForest with 3 features, train duration, 0.097
golubx.csv,model RandomForest with 3 features, test duration, 0.008
golubx.csv,model LogisticsRegression with 3 features, train duration, 0.005
golubx.csv,model LogisticsRegression with 3 features, test duration, 0.001
golubx.csv,model NB with 3 features, train duration, 0.001
golubx.csv,model NB with 3 features, test duration, 0.001
golubx.csv,model SVM with 4 features, train duration, 0.002
golubx.csv,model SVM with 4 features, test duration, 0.001
golubx.csv,model k - nearest with 4 features, train duration, 0.001
golubx.csv,model k - nearest with 4 features, test duration, 0.001
golubx.csv,model RandomForest with 4 features, train duration, 0.103
golubx.csv,model RandomForest with 4 features, test duration, 0.012
golubx.csv,model LogisticsRegression with 4 features, train duration, 0.007
golubx.csv,model LogisticsRegression with 4 features, test duration, 0.001
golubx.csv,model NB with 4 features, train duration, 0.001
golubx.csv,model NB with 4 features, test duration, 0.001
golubx.csv,model SVM with 5 features, train duration, 0.002
golubx.csv,model SVM with 5 features, test duration, 0.001
golubx.csv,model k - nearest with 5 features, train duration, 0.001
golubx.csv,model k - nearest with 5 features, test duration, 0.001
golubx.csv,model RandomForest with 5 features, train duration, 0.109
golubx.csv,model RandomForest with 5 features, test duration, 0.012
golubx.csv,model LogisticsRegression with 5 features, train duration, 0.011
golubx.csv,model LogisticsRegression with 5 features, test duration, 0.001
golubx.csv,model NB with 5 features, train duration, 0.001
golubx.csv,model NB with 5 features, test duration, 0.001
golubx.csv,model SVM with 10 features, train duration, 0.001
golubx.csv,model SVM with 10 features, test duration, 0.001
golubx.csv,model k - nearest with 10 features, train duration, 0.001
golubx.csv,model k - nearest with 10 features, test duration, 0.001
golubx.csv,model RandomForest with 10 features, train duration, 0.110
golubx.csv,model RandomForest with 10 features, test duration, 0.012
golubx.csv,model LogisticsRegression with 10 features, train duration, 0.008
golubx.csv,model LogisticsRegression with 10 features, test duration, 0.001
golubx.csv,model NB with 10 features, train duration, 0.001
golubx.csv,model NB with 10 features, test duration, 0.001
golubx.csv,model SVM with 15 features, train duration, 0.001
golubx.csv,model SVM with 15 features, test duration, 0.001
golubx.csv,model k - nearest with 15 features, train duration, 0.001
golubx.csv,model k - nearest with 15 features, test duration, 0.001
golubx.csv,model RandomForest with 15 features, train duration, 0.121
golubx.csv,model RandomForest with 15 features, test duration, 0.012
golubx.csv,model LogisticsRegression with 15 features, train duration, 0.009
golubx.csv,model LogisticsRegression with 15 features, test duration, 0.001
golubx.csv,model NB with 15 features, train duration, 0.001
golubx.csv,model NB with 15 features, test duration, 0.001
golubx.csv,model SVM with 20 features, train duration, 0.001
golubx.csv,model SVM with 20 features, test duration, 0.001
golubx.csv,model k - nearest with 20 features, train duration, 0.001
golubx.csv,model k - nearest with 20 features, test duration, 0.001
golubx.csv,model RandomForest with 20 features, train duration, 0.093
golubx.csv,model RandomForest with 20 features, test duration, 0.010
golubx.csv,model LogisticsRegression with 20 features, train duration, 0.013
golubx.csv,model LogisticsRegression with 20 features, test duration, 0.001
golubx.csv,model NB with 20 features, train duration, 0.001
golubx.csv,model NB with 20 features, test duration, 0.001
golubx.csv,model SVM with 25 features, train duration, 0.001
golubx.csv,model SVM with 25 features, test duration, 0.001
golubx.csv,model k - nearest with 25 features, train duration, 0.001
golubx.csv,model k - nearest with 25 features, test duration, 0.001
golubx.csv,model RandomForest with 25 features, train duration, 0.098
golubx.csv,model RandomForest with 25 features, test duration, 0.008
golubx.csv,model LogisticsRegression with 25 features, train duration, 0.010
golubx.csv,model LogisticsRegression with 25 features, test duration, 0.001
golubx.csv,model NB with 25 features, train duration, 0.001
golubx.csv,model NB with 25 features, test duration, 0.001
golubx.csv,model SVM with 30 features, train duration, 0.001
golubx.csv,model SVM with 30 features, test duration, 0.001
golubx.csv,model k - nearest with 30 features, train duration, 0.002
golubx.csv,model k - nearest with 30 features, test duration, 0.001
golubx.csv,model RandomForest with 30 features, train duration, 0.092
golubx.csv,model RandomForest with 30 features, test duration, 0.010
golubx.csv,model LogisticsRegression with 30 features, train duration, 0.010
golubx.csv,model LogisticsRegression with 30 features, test duration, 0.001
golubx.csv,model NB with 30 features, train duration, 0.001
golubx.csv,model NB with 30 features, test duration, 0.001
golubx.csv,model SVM with 50 features, train duration, 0.001
golubx.csv,model SVM with 50 features, test duration, 0.001
golubx.csv,model k - nearest with 50 features, train duration, 0.001
golubx.csv,model k - nearest with 50 features, test duration, 0.001
golubx.csv,model RandomForest with 50 features, train duration, 0.096
golubx.csv,model RandomForest with 50 features, test duration, 0.010
golubx.csv,model LogisticsRegression with 50 features, train duration, 0.007
golubx.csv,model LogisticsRegression with 50 features, test duration, 0.001
golubx.csv,model NB with 50 features, train duration, 0.001
golubx.csv,model NB with 50 features, test duration, 0.001
golubx.csv,model SVM with 100 features, train duration, 0.002
golubx.csv,model SVM with 100 features, test duration, 0.001
golubx.csv,model k - nearest with 100 features, train duration, 0.001
golubx.csv,model k - nearest with 100 features, test duration, 0.001
golubx.csv,model RandomForest with 100 features, train duration, 0.095
golubx.csv,model RandomForest with 100 features, test duration, 0.009
golubx.csv,model LogisticsRegression with 100 features, train duration, 0.006
golubx.csv,model LogisticsRegression with 100 features, test duration, 0.001
golubx.csv,model NB with 100 features, train duration, 0.002
golubx.csv,model NB with 100 features, test duration, 0.001
golubx.csv,MMCC,selection runtime, 96.337
golubx.csv,model SVM with 1 features, train duration, 0.002
golubx.csv,model SVM with 1 features, test duration, 0.001
golubx.csv,model k - nearest with 1 features, train duration, 0.001
golubx.csv,model k - nearest with 1 features, test duration, 0.001
golubx.csv,model RandomForest with 1 features, train duration, 0.093
golubx.csv,model RandomForest with 1 features, test duration, 0.009
golubx.csv,model LogisticsRegression with 1 features, train duration, 0.004
golubx.csv,model LogisticsRegression with 1 features, test duration, 0.001
golubx.csv,model NB with 1 features, train duration, 0.001
golubx.csv,model NB with 1 features, test duration, 0.001
golubx.csv,model SVM with 2 features, train duration, 0.003
golubx.csv,model SVM with 2 features, test duration, 0.001
golubx.csv,model k - nearest with 2 features, train duration, 0.001
golubx.csv,model k - nearest with 2 features, test duration, 0.001
golubx.csv,model RandomForest with 2 features, train duration, 0.091
golubx.csv,model RandomForest with 2 features, test duration, 0.008
golubx.csv,model LogisticsRegression with 2 features, train duration, 0.004
golubx.csv,model LogisticsRegression with 2 features, test duration, 0.001
golubx.csv,model NB with 2 features, train duration, 0.001
golubx.csv,model NB with 2 features, test duration, 0.001
golubx.csv,model SVM with 3 features, train duration, 0.003
golubx.csv,model SVM with 3 features, test duration, 0.001
golubx.csv,model k - nearest with 3 features, train duration, 0.001
golubx.csv,model k - nearest with 3 features, test duration, 0.001
golubx.csv,model RandomForest with 3 features, train duration, 0.092
golubx.csv,model RandomForest with 3 features, test duration, 0.009
golubx.csv,model LogisticsRegression with 3 features, train duration, 0.004
golubx.csv,model LogisticsRegression with 3 features, test duration, 0.001
golubx.csv,model NB with 3 features, train duration, 0.001
golubx.csv,model NB with 3 features, test duration, 0.001
golubx.csv,model SVM with 4 features, train duration, 0.003
golubx.csv,model SVM with 4 features, test duration, 0.001
golubx.csv,model k - nearest with 4 features, train duration, 0.001
golubx.csv,model k - nearest with 4 features, test duration, 0.001
golubx.csv,model RandomForest with 4 features, train duration, 0.100
golubx.csv,model RandomForest with 4 features, test duration, 0.009
golubx.csv,model LogisticsRegression with 4 features, train duration, 0.006
golubx.csv,model LogisticsRegression with 4 features, test duration, 0.001
golubx.csv,model NB with 4 features, train duration, 0.001
golubx.csv,model NB with 4 features, test duration, 0.001
golubx.csv,model SVM with 5 features, train duration, 0.002
golubx.csv,model SVM with 5 features, test duration, 0.001
golubx.csv,model k - nearest with 5 features, train duration, 0.001
golubx.csv,model k - nearest with 5 features, test duration, 0.002
golubx.csv,model RandomForest with 5 features, train duration, 0.098
golubx.csv,model RandomForest with 5 features, test duration, 0.010
golubx.csv,model LogisticsRegression with 5 features, train duration, 0.007
golubx.csv,model LogisticsRegression with 5 features, test duration, 0.001
golubx.csv,model NB with 5 features, train duration, 0.001
golubx.csv,model NB with 5 features, test duration, 0.001
golubx.csv,model SVM with 10 features, train duration, 0.002
golubx.csv,model SVM with 10 features, test duration, 0.001
golubx.csv,model k - nearest with 10 features, train duration, 0.001
golubx.csv,model k - nearest with 10 features, test duration, 0.001
golubx.csv,model RandomForest with 10 features, train duration, 0.095
golubx.csv,model RandomForest with 10 features, test duration, 0.009
golubx.csv,model LogisticsRegression with 10 features, train duration, 0.013
golubx.csv,model LogisticsRegression with 10 features, test duration, 0.001
golubx.csv,model NB with 10 features, train duration, 0.001
golubx.csv,model NB with 10 features, test duration, 0.001
golubx.csv,model SVM with 15 features, train duration, 0.002
golubx.csv,model SVM with 15 features, test duration, 0.001
golubx.csv,model k - nearest with 15 features, train duration, 0.001
golubx.csv,model k - nearest with 15 features, test duration, 0.001
golubx.csv,model RandomForest with 15 features, train duration, 0.101
golubx.csv,model RandomForest with 15 features, test duration, 0.008
golubx.csv,model LogisticsRegression with 15 features, train duration, 0.012
golubx.csv,model LogisticsRegression with 15 features, test duration, 0.001
golubx.csv,model NB with 15 features, train duration, 0.001
golubx.csv,model NB with 15 features, test duration, 0.001
golubx.csv,model SVM with 20 features, train duration, 0.002
golubx.csv,model SVM with 20 features, test duration, 0.001
golubx.csv,model k - nearest with 20 features, train duration, 0.001
golubx.csv,model k - nearest with 20 features, test duration, 0.001
golubx.csv,model RandomForest with 20 features, train duration, 0.098
golubx.csv,model RandomForest with 20 features, test duration, 0.009
golubx.csv,model LogisticsRegression with 20 features, train duration, 0.013
golubx.csv,model LogisticsRegression with 20 features, test duration, 0.001
golubx.csv,model NB with 20 features, train duration, 0.001
golubx.csv,model NB with 20 features, test duration, 0.001
golubx.csv,model SVM with 25 features, train duration, 0.003
golubx.csv,model SVM with 25 features, test duration, 0.001
golubx.csv,model k - nearest with 25 features, train duration, 0.001
golubx.csv,model k - nearest with 25 features, test duration, 0.001
golubx.csv,model RandomForest with 25 features, train duration, 0.095
golubx.csv,model RandomForest with 25 features, test duration, 0.009
golubx.csv,model LogisticsRegression with 25 features, train duration, 0.011
golubx.csv,model LogisticsRegression with 25 features, test duration, 0.001
golubx.csv,model NB with 25 features, train duration, 0.001
golubx.csv,model NB with 25 features, test duration, 0.001
golubx.csv,model SVM with 30 features, train duration, 0.004
golubx.csv,model SVM with 30 features, test duration, 0.001
golubx.csv,model k - nearest with 30 features, train duration, 0.001
golubx.csv,model k - nearest with 30 features, test duration, 0.001
golubx.csv,model RandomForest with 30 features, train duration, 0.110
golubx.csv,model RandomForest with 30 features, test duration, 0.012
golubx.csv,model LogisticsRegression with 30 features, train duration, 0.012
golubx.csv,model LogisticsRegression with 30 features, test duration, 0.001
golubx.csv,model NB with 30 features, train duration, 0.001
golubx.csv,model NB with 30 features, test duration, 0.002
golubx.csv,model SVM with 50 features, train duration, 0.003
golubx.csv,model SVM with 50 features, test duration, 0.001
golubx.csv,model k - nearest with 50 features, train duration, 0.001
golubx.csv,model k - nearest with 50 features, test duration, 0.001
golubx.csv,model RandomForest with 50 features, train duration, 0.094
golubx.csv,model RandomForest with 50 features, test duration, 0.009
golubx.csv,model LogisticsRegression with 50 features, train duration, 0.009
golubx.csv,model LogisticsRegression with 50 features, test duration, 0.001
golubx.csv,model NB with 50 features, train duration, 0.001
golubx.csv,model NB with 50 features, test duration, 0.001
golubx.csv,model SVM with 100 features, train duration, 0.003
golubx.csv,model SVM with 100 features, test duration, 0.001
golubx.csv,model k - nearest with 100 features, train duration, 0.001
golubx.csv,model k - nearest with 100 features, test duration, 0.002
golubx.csv,model RandomForest with 100 features, train duration, 0.107
golubx.csv,model RandomForest with 100 features, test duration, 0.009
golubx.csv,model LogisticsRegression with 100 features, train duration, 0.008
golubx.csv,model LogisticsRegression with 100 features, test duration, 0.001
golubx.csv,model NB with 100 features, train duration, 0.002
golubx.csv,model NB with 100 features, test duration, 0.001
