burczynskix.csv,reliefF,selection runtime, 0.078
burczynskix.csv,model SVM with 1 features, train duration, 0.010
burczynskix.csv,model SVM with 1 features, test duration, 0.001
burczynskix.csv,model k - nearest with 1 features, train duration, 0.001
burczynskix.csv,model k - nearest with 1 features, test duration, 0.001
burczynskix.csv,model RandomForest with 1 features, train duration, 0.092
burczynskix.csv,model RandomForest with 1 features, test duration, 0.009
burczynskix.csv,model LogisticsRegression with 1 features, train duration, 0.005
burczynskix.csv,model LogisticsRegression with 1 features, test duration, 0.001
burczynskix.csv,model NB with 1 features, train duration, 0.001
burczynskix.csv,model NB with 1 features, test duration, 0.001
burczynskix.csv,model SVM with 2 features, train duration, 0.010
burczynskix.csv,model SVM with 2 features, test duration, 0.001
burczynskix.csv,model k - nearest with 2 features, train duration, 0.001
burczynskix.csv,model k - nearest with 2 features, test duration, 0.001
burczynskix.csv,model RandomForest with 2 features, train duration, 0.093
burczynskix.csv,model RandomForest with 2 features, test duration, 0.009
burczynskix.csv,model LogisticsRegression with 2 features, train duration, 0.009
burczynskix.csv,model LogisticsRegression with 2 features, test duration, 0.001
burczynskix.csv,model NB with 2 features, train duration, 0.001
burczynskix.csv,model NB with 2 features, test duration, 0.001
burczynskix.csv,model SVM with 3 features, train duration, 0.010
burczynskix.csv,model SVM with 3 features, test duration, 0.001
burczynskix.csv,model k - nearest with 3 features, train duration, 0.001
burczynskix.csv,model k - nearest with 3 features, test duration, 0.001
burczynskix.csv,model RandomForest with 3 features, train duration, 0.103
burczynskix.csv,model RandomForest with 3 features, test duration, 0.012
burczynskix.csv,model LogisticsRegression with 3 features, train duration, 0.011
burczynskix.csv,model LogisticsRegression with 3 features, test duration, 0.001
burczynskix.csv,model NB with 3 features, train duration, 0.001
burczynskix.csv,model NB with 3 features, test duration, 0.001
burczynskix.csv,model SVM with 4 features, train duration, 0.011
burczynskix.csv,model SVM with 4 features, test duration, 0.001
burczynskix.csv,model k - nearest with 4 features, train duration, 0.001
burczynskix.csv,model k - nearest with 4 features, test duration, 0.001
burczynskix.csv,model RandomForest with 4 features, train duration, 0.099
burczynskix.csv,model RandomForest with 4 features, test duration, 0.009
burczynskix.csv,model LogisticsRegression with 4 features, train duration, 0.013
burczynskix.csv,model LogisticsRegression with 4 features, test duration, 0.001
burczynskix.csv,model NB with 4 features, train duration, 0.001
burczynskix.csv,model NB with 4 features, test duration, 0.001
burczynskix.csv,model SVM with 5 features, train duration, 0.010
burczynskix.csv,model SVM with 5 features, test duration, 0.001
burczynskix.csv,model k - nearest with 5 features, train duration, 0.001
burczynskix.csv,model k - nearest with 5 features, test duration, 0.001
burczynskix.csv,model RandomForest with 5 features, train duration, 0.115
burczynskix.csv,model RandomForest with 5 features, test duration, 0.010
burczynskix.csv,model LogisticsRegression with 5 features, train duration, 0.014
burczynskix.csv,model LogisticsRegression with 5 features, test duration, 0.001
burczynskix.csv,model NB with 5 features, train duration, 0.001
burczynskix.csv,model NB with 5 features, test duration, 0.001
burczynskix.csv,model SVM with 10 features, train duration, 0.010
burczynskix.csv,model SVM with 10 features, test duration, 0.001
burczynskix.csv,model k - nearest with 10 features, train duration, 0.001
burczynskix.csv,model k - nearest with 10 features, test duration, 0.001
burczynskix.csv,model RandomForest with 10 features, train duration, 0.108
burczynskix.csv,model RandomForest with 10 features, test duration, 0.009
burczynskix.csv,model LogisticsRegression with 10 features, train duration, 0.016
burczynskix.csv,model LogisticsRegression with 10 features, test duration, 0.001
burczynskix.csv,model NB with 10 features, train duration, 0.001
burczynskix.csv,model NB with 10 features, test duration, 0.001
burczynskix.csv,model SVM with 15 features, train duration, 0.009
burczynskix.csv,model SVM with 15 features, test duration, 0.001
burczynskix.csv,model k - nearest with 15 features, train duration, 0.001
burczynskix.csv,model k - nearest with 15 features, test duration, 0.001
burczynskix.csv,model RandomForest with 15 features, train duration, 0.122
burczynskix.csv,model RandomForest with 15 features, test duration, 0.011
burczynskix.csv,model LogisticsRegression with 15 features, train duration, 0.017
burczynskix.csv,model LogisticsRegression with 15 features, test duration, 0.001
burczynskix.csv,model NB with 15 features, train duration, 0.001
burczynskix.csv,model NB with 15 features, test duration, 0.001
burczynskix.csv,model SVM with 20 features, train duration, 0.012
burczynskix.csv,model SVM with 20 features, test duration, 0.001
burczynskix.csv,model k - nearest with 20 features, train duration, 0.001
burczynskix.csv,model k - nearest with 20 features, test duration, 0.001
burczynskix.csv,model RandomForest with 20 features, train duration, 0.109
burczynskix.csv,model RandomForest with 20 features, test duration, 0.011
burczynskix.csv,model LogisticsRegression with 20 features, train duration, 0.016
burczynskix.csv,model LogisticsRegression with 20 features, test duration, 0.001
burczynskix.csv,model NB with 20 features, train duration, 0.001
burczynskix.csv,model NB with 20 features, test duration, 0.001
burczynskix.csv,model SVM with 25 features, train duration, 0.010
burczynskix.csv,model SVM with 25 features, test duration, 0.001
burczynskix.csv,model k - nearest with 25 features, train duration, 0.001
burczynskix.csv,model k - nearest with 25 features, test duration, 0.001
burczynskix.csv,model RandomForest with 25 features, train duration, 0.120
burczynskix.csv,model RandomForest with 25 features, test duration, 0.009
burczynskix.csv,model LogisticsRegression with 25 features, train duration, 0.019
burczynskix.csv,model LogisticsRegression with 25 features, test duration, 0.001
burczynskix.csv,model NB with 25 features, train duration, 0.001
burczynskix.csv,model NB with 25 features, test duration, 0.001
burczynskix.csv,model SVM with 30 features, train duration, 0.012
burczynskix.csv,model SVM with 30 features, test duration, 0.001
burczynskix.csv,model k - nearest with 30 features, train duration, 0.001
burczynskix.csv,model k - nearest with 30 features, test duration, 0.001
burczynskix.csv,model RandomForest with 30 features, train duration, 0.106
burczynskix.csv,model RandomForest with 30 features, test duration, 0.012
burczynskix.csv,model LogisticsRegression with 30 features, train duration, 0.017
burczynskix.csv,model LogisticsRegression with 30 features, test duration, 0.001
burczynskix.csv,model NB with 30 features, train duration, 0.001
burczynskix.csv,model NB with 30 features, test duration, 0.001
burczynskix.csv,model SVM with 50 features, train duration, 0.016
burczynskix.csv,model SVM with 50 features, test duration, 0.001
burczynskix.csv,model k - nearest with 50 features, train duration, 0.001
burczynskix.csv,model k - nearest with 50 features, test duration, 0.001
burczynskix.csv,model RandomForest with 50 features, train duration, 0.113
burczynskix.csv,model RandomForest with 50 features, test duration, 0.012
burczynskix.csv,model LogisticsRegression with 50 features, train duration, 0.018
burczynskix.csv,model LogisticsRegression with 50 features, test duration, 0.001
burczynskix.csv,model NB with 50 features, train duration, 0.001
burczynskix.csv,model NB with 50 features, test duration, 0.001
burczynskix.csv,model SVM with 100 features, train duration, 0.023
burczynskix.csv,model SVM with 100 features, test duration, 0.001
burczynskix.csv,model k - nearest with 100 features, train duration, 0.001
burczynskix.csv,model k - nearest with 100 features, test duration, 0.002
burczynskix.csv,model RandomForest with 100 features, train duration, 0.116
burczynskix.csv,model RandomForest with 100 features, test duration, 0.009
burczynskix.csv,model LogisticsRegression with 100 features, train duration, 0.023
burczynskix.csv,model LogisticsRegression with 100 features, test duration, 0.001
burczynskix.csv,model NB with 100 features, train duration, 0.002
burczynskix.csv,model NB with 100 features, test duration, 0.001
burczynskix.csv,rfe,selection runtime, 4.247
burczynskix.csv,model SVM with 1 features, train duration, 0.010
burczynskix.csv,model SVM with 1 features, test duration, 0.001
burczynskix.csv,model k - nearest with 1 features, train duration, 0.001
burczynskix.csv,model k - nearest with 1 features, test duration, 0.001
burczynskix.csv,model RandomForest with 1 features, train duration, 0.102
burczynskix.csv,model RandomForest with 1 features, test duration, 0.010
burczynskix.csv,model LogisticsRegression with 1 features, train duration, 0.005
burczynskix.csv,model LogisticsRegression with 1 features, test duration, 0.001
burczynskix.csv,model NB with 1 features, train duration, 0.001
burczynskix.csv,model NB with 1 features, test duration, 0.001
burczynskix.csv,model SVM with 2 features, train duration, 0.011
burczynskix.csv,model SVM with 2 features, test duration, 0.001
burczynskix.csv,model k - nearest with 2 features, train duration, 0.001
burczynskix.csv,model k - nearest with 2 features, test duration, 0.001
burczynskix.csv,model RandomForest with 2 features, train duration, 0.102
burczynskix.csv,model RandomForest with 2 features, test duration, 0.010
burczynskix.csv,model LogisticsRegression with 2 features, train duration, 0.011
burczynskix.csv,model LogisticsRegression with 2 features, test duration, 0.001
burczynskix.csv,model NB with 2 features, train duration, 0.001
burczynskix.csv,model NB with 2 features, test duration, 0.001
burczynskix.csv,model SVM with 3 features, train duration, 0.011
burczynskix.csv,model SVM with 3 features, test duration, 0.001
burczynskix.csv,model k - nearest with 3 features, train duration, 0.001
burczynskix.csv,model k - nearest with 3 features, test duration, 0.001
burczynskix.csv,model RandomForest with 3 features, train duration, 0.104
burczynskix.csv,model RandomForest with 3 features, test duration, 0.010
burczynskix.csv,model LogisticsRegression with 3 features, train duration, 0.016
burczynskix.csv,model LogisticsRegression with 3 features, test duration, 0.001
burczynskix.csv,model NB with 3 features, train duration, 0.001
burczynskix.csv,model NB with 3 features, test duration, 0.001
burczynskix.csv,model SVM with 4 features, train duration, 0.011
burczynskix.csv,model SVM with 4 features, test duration, 0.001
burczynskix.csv,model k - nearest with 4 features, train duration, 0.001
burczynskix.csv,model k - nearest with 4 features, test duration, 0.001
burczynskix.csv,model RandomForest with 4 features, train duration, 0.106
burczynskix.csv,model RandomForest with 4 features, test duration, 0.010
burczynskix.csv,model LogisticsRegression with 4 features, train duration, 0.016
burczynskix.csv,model LogisticsRegression with 4 features, test duration, 0.001
burczynskix.csv,model NB with 4 features, train duration, 0.001
burczynskix.csv,model NB with 4 features, test duration, 0.001
burczynskix.csv,model SVM with 5 features, train duration, 0.011
burczynskix.csv,model SVM with 5 features, test duration, 0.001
burczynskix.csv,model k - nearest with 5 features, train duration, 0.001
burczynskix.csv,model k - nearest with 5 features, test duration, 0.001
burczynskix.csv,model RandomForest with 5 features, train duration, 0.110
burczynskix.csv,model RandomForest with 5 features, test duration, 0.010
burczynskix.csv,model LogisticsRegression with 5 features, train duration, 0.016
burczynskix.csv,model LogisticsRegression with 5 features, test duration, 0.001
burczynskix.csv,model NB with 5 features, train duration, 0.001
burczynskix.csv,model NB with 5 features, test duration, 0.001
burczynskix.csv,model SVM with 10 features, train duration, 0.009
burczynskix.csv,model SVM with 10 features, test duration, 0.001
burczynskix.csv,model k - nearest with 10 features, train duration, 0.001
burczynskix.csv,model k - nearest with 10 features, test duration, 0.001
burczynskix.csv,model RandomForest with 10 features, train duration, 0.115
burczynskix.csv,model RandomForest with 10 features, test duration, 0.010
burczynskix.csv,model LogisticsRegression with 10 features, train duration, 0.016
burczynskix.csv,model LogisticsRegression with 10 features, test duration, 0.001
burczynskix.csv,model NB with 10 features, train duration, 0.001
burczynskix.csv,model NB with 10 features, test duration, 0.001
burczynskix.csv,model SVM with 15 features, train duration, 0.010
burczynskix.csv,model SVM with 15 features, test duration, 0.001
burczynskix.csv,model k - nearest with 15 features, train duration, 0.001
burczynskix.csv,model k - nearest with 15 features, test duration, 0.001
burczynskix.csv,model RandomForest with 15 features, train duration, 0.109
burczynskix.csv,model RandomForest with 15 features, test duration, 0.010
burczynskix.csv,model LogisticsRegression with 15 features, train duration, 0.016
burczynskix.csv,model LogisticsRegression with 15 features, test duration, 0.001
burczynskix.csv,model NB with 15 features, train duration, 0.001
burczynskix.csv,model NB with 15 features, test duration, 0.001
burczynskix.csv,model SVM with 20 features, train duration, 0.012
burczynskix.csv,model SVM with 20 features, test duration, 0.001
burczynskix.csv,model k - nearest with 20 features, train duration, 0.001
burczynskix.csv,model k - nearest with 20 features, test duration, 0.001
burczynskix.csv,model RandomForest with 20 features, train duration, 0.103
burczynskix.csv,model RandomForest with 20 features, test duration, 0.010
burczynskix.csv,model LogisticsRegression with 20 features, train duration, 0.016
burczynskix.csv,model LogisticsRegression with 20 features, test duration, 0.001
burczynskix.csv,model NB with 20 features, train duration, 0.001
burczynskix.csv,model NB with 20 features, test duration, 0.001
burczynskix.csv,model SVM with 25 features, train duration, 0.012
burczynskix.csv,model SVM with 25 features, test duration, 0.001
burczynskix.csv,model k - nearest with 25 features, train duration, 0.001
burczynskix.csv,model k - nearest with 25 features, test duration, 0.001
burczynskix.csv,model RandomForest with 25 features, train duration, 0.113
burczynskix.csv,model RandomForest with 25 features, test duration, 0.010
burczynskix.csv,model LogisticsRegression with 25 features, train duration, 0.017
burczynskix.csv,model LogisticsRegression with 25 features, test duration, 0.001
burczynskix.csv,model NB with 25 features, train duration, 0.001
burczynskix.csv,model NB with 25 features, test duration, 0.001
burczynskix.csv,model SVM with 30 features, train duration, 0.013
burczynskix.csv,model SVM with 30 features, test duration, 0.001
burczynskix.csv,model k - nearest with 30 features, train duration, 0.001
burczynskix.csv,model k - nearest with 30 features, test duration, 0.001
burczynskix.csv,model RandomForest with 30 features, train duration, 0.103
burczynskix.csv,model RandomForest with 30 features, test duration, 0.011
burczynskix.csv,model LogisticsRegression with 30 features, train duration, 0.017
burczynskix.csv,model LogisticsRegression with 30 features, test duration, 0.001
burczynskix.csv,model NB with 30 features, train duration, 0.001
burczynskix.csv,model NB with 30 features, test duration, 0.001
burczynskix.csv,model SVM with 50 features, train duration, 0.018
burczynskix.csv,model SVM with 50 features, test duration, 0.001
burczynskix.csv,model k - nearest with 50 features, train duration, 0.001
burczynskix.csv,model k - nearest with 50 features, test duration, 0.001
burczynskix.csv,model RandomForest with 50 features, train duration, 0.107
burczynskix.csv,model RandomForest with 50 features, test duration, 0.010
burczynskix.csv,model LogisticsRegression with 50 features, train duration, 0.021
burczynskix.csv,model LogisticsRegression with 50 features, test duration, 0.001
burczynskix.csv,model NB with 50 features, train duration, 0.001
burczynskix.csv,model NB with 50 features, test duration, 0.001
burczynskix.csv,model SVM with 100 features, train duration, 0.029
burczynskix.csv,model SVM with 100 features, test duration, 0.001
burczynskix.csv,model k - nearest with 100 features, train duration, 0.002
burczynskix.csv,model k - nearest with 100 features, test duration, 0.001
burczynskix.csv,model RandomForest with 100 features, train duration, 0.111
burczynskix.csv,model RandomForest with 100 features, test duration, 0.015
burczynskix.csv,model LogisticsRegression with 100 features, train duration, 0.021
burczynskix.csv,model LogisticsRegression with 100 features, test duration, 0.001
burczynskix.csv,model NB with 100 features, train duration, 0.002
burczynskix.csv,model NB with 100 features, test duration, 0.002
burczynskix.csv,Fdr_f_classif,selection runtime, 0.008
burczynskix.csv,model SVM with 1 features, train duration, 0.011
burczynskix.csv,model SVM with 1 features, test duration, 0.001
burczynskix.csv,model k - nearest with 1 features, train duration, 0.001
burczynskix.csv,model k - nearest with 1 features, test duration, 0.001
burczynskix.csv,model RandomForest with 1 features, train duration, 0.105
burczynskix.csv,model RandomForest with 1 features, test duration, 0.010
burczynskix.csv,model LogisticsRegression with 1 features, train duration, 0.008
burczynskix.csv,model LogisticsRegression with 1 features, test duration, 0.001
burczynskix.csv,model NB with 1 features, train duration, 0.001
burczynskix.csv,model NB with 1 features, test duration, 0.001
burczynskix.csv,model SVM with 2 features, train duration, 0.010
burczynskix.csv,model SVM with 2 features, test duration, 0.001
burczynskix.csv,model k - nearest with 2 features, train duration, 0.001
burczynskix.csv,model k - nearest with 2 features, test duration, 0.001
burczynskix.csv,model RandomForest with 2 features, train duration, 0.123
burczynskix.csv,model RandomForest with 2 features, test duration, 0.010
burczynskix.csv,model LogisticsRegression with 2 features, train duration, 0.012
burczynskix.csv,model LogisticsRegression with 2 features, test duration, 0.001
burczynskix.csv,model NB with 2 features, train duration, 0.001
burczynskix.csv,model NB with 2 features, test duration, 0.001
burczynskix.csv,model SVM with 3 features, train duration, 0.010
burczynskix.csv,model SVM with 3 features, test duration, 0.001
burczynskix.csv,model k - nearest with 3 features, train duration, 0.001
burczynskix.csv,model k - nearest with 3 features, test duration, 0.001
burczynskix.csv,model RandomForest with 3 features, train duration, 0.101
burczynskix.csv,model RandomForest with 3 features, test duration, 0.010
burczynskix.csv,model LogisticsRegression with 3 features, train duration, 0.014
burczynskix.csv,model LogisticsRegression with 3 features, test duration, 0.001
burczynskix.csv,model NB with 3 features, train duration, 0.001
burczynskix.csv,model NB with 3 features, test duration, 0.001
burczynskix.csv,model SVM with 4 features, train duration, 0.012
burczynskix.csv,model SVM with 4 features, test duration, 0.002
burczynskix.csv,model k - nearest with 4 features, train duration, 0.001
burczynskix.csv,model k - nearest with 4 features, test duration, 0.001
burczynskix.csv,model RandomForest with 4 features, train duration, 0.103
burczynskix.csv,model RandomForest with 4 features, test duration, 0.009
burczynskix.csv,model LogisticsRegression with 4 features, train duration, 0.016
burczynskix.csv,model LogisticsRegression with 4 features, test duration, 0.001
burczynskix.csv,model NB with 4 features, train duration, 0.001
burczynskix.csv,model NB with 4 features, test duration, 0.001
burczynskix.csv,model SVM with 5 features, train duration, 0.015
burczynskix.csv,model SVM with 5 features, test duration, 0.002
burczynskix.csv,model k - nearest with 5 features, train duration, 0.001
burczynskix.csv,model k - nearest with 5 features, test duration, 0.001
burczynskix.csv,model RandomForest with 5 features, train duration, 0.108
burczynskix.csv,model RandomForest with 5 features, test duration, 0.012
burczynskix.csv,model LogisticsRegression with 5 features, train duration, 0.016
burczynskix.csv,model LogisticsRegression with 5 features, test duration, 0.001
burczynskix.csv,model NB with 5 features, train duration, 0.001
burczynskix.csv,model NB with 5 features, test duration, 0.001
burczynskix.csv,model SVM with 10 features, train duration, 0.010
burczynskix.csv,model SVM with 10 features, test duration, 0.001
burczynskix.csv,model k - nearest with 10 features, train duration, 0.001
burczynskix.csv,model k - nearest with 10 features, test duration, 0.001
burczynskix.csv,model RandomForest with 10 features, train duration, 0.115
burczynskix.csv,model RandomForest with 10 features, test duration, 0.011
burczynskix.csv,model LogisticsRegression with 10 features, train duration, 0.015
burczynskix.csv,model LogisticsRegression with 10 features, test duration, 0.001
burczynskix.csv,model NB with 10 features, train duration, 0.001
burczynskix.csv,model NB with 10 features, test duration, 0.001
burczynskix.csv,model SVM with 15 features, train duration, 0.010
burczynskix.csv,model SVM with 15 features, test duration, 0.001
burczynskix.csv,model k - nearest with 15 features, train duration, 0.001
burczynskix.csv,model k - nearest with 15 features, test duration, 0.001
burczynskix.csv,model RandomForest with 15 features, train duration, 0.113
burczynskix.csv,model RandomForest with 15 features, test duration, 0.012
burczynskix.csv,model LogisticsRegression with 15 features, train duration, 0.017
burczynskix.csv,model LogisticsRegression with 15 features, test duration, 0.001
burczynskix.csv,model NB with 15 features, train duration, 0.001
burczynskix.csv,model NB with 15 features, test duration, 0.001
burczynskix.csv,model SVM with 20 features, train duration, 0.012
burczynskix.csv,model SVM with 20 features, test duration, 0.001
burczynskix.csv,model k - nearest with 20 features, train duration, 0.001
burczynskix.csv,model k - nearest with 20 features, test duration, 0.001
burczynskix.csv,model RandomForest with 20 features, train duration, 0.125
burczynskix.csv,model RandomForest with 20 features, test duration, 0.010
burczynskix.csv,model LogisticsRegression with 20 features, train duration, 0.022
burczynskix.csv,model LogisticsRegression with 20 features, test duration, 0.001
burczynskix.csv,model NB with 20 features, train duration, 0.001
burczynskix.csv,model NB with 20 features, test duration, 0.001
burczynskix.csv,model SVM with 25 features, train duration, 0.013
burczynskix.csv,model SVM with 25 features, test duration, 0.001
burczynskix.csv,model k - nearest with 25 features, train duration, 0.001
burczynskix.csv,model k - nearest with 25 features, test duration, 0.001
burczynskix.csv,model RandomForest with 25 features, train duration, 0.115
burczynskix.csv,model RandomForest with 25 features, test duration, 0.010
burczynskix.csv,model LogisticsRegression with 25 features, train duration, 0.017
burczynskix.csv,model LogisticsRegression with 25 features, test duration, 0.001
burczynskix.csv,model NB with 25 features, train duration, 0.001
burczynskix.csv,model NB with 25 features, test duration, 0.001
burczynskix.csv,model SVM with 30 features, train duration, 0.015
burczynskix.csv,model SVM with 30 features, test duration, 0.001
burczynskix.csv,model k - nearest with 30 features, train duration, 0.001
burczynskix.csv,model k - nearest with 30 features, test duration, 0.001
burczynskix.csv,model RandomForest with 30 features, train duration, 0.106
burczynskix.csv,model RandomForest with 30 features, test duration, 0.009
burczynskix.csv,model LogisticsRegression with 30 features, train duration, 0.015
burczynskix.csv,model LogisticsRegression with 30 features, test duration, 0.002
burczynskix.csv,model NB with 30 features, train duration, 0.001
burczynskix.csv,model NB with 30 features, test duration, 0.002
burczynskix.csv,model SVM with 50 features, train duration, 0.016
burczynskix.csv,model SVM with 50 features, test duration, 0.001
burczynskix.csv,model k - nearest with 50 features, train duration, 0.001
burczynskix.csv,model k - nearest with 50 features, test duration, 0.001
burczynskix.csv,model RandomForest with 50 features, train duration, 0.112
burczynskix.csv,model RandomForest with 50 features, test duration, 0.013
burczynskix.csv,model LogisticsRegression with 50 features, train duration, 0.018
burczynskix.csv,model LogisticsRegression with 50 features, test duration, 0.002
burczynskix.csv,model NB with 50 features, train duration, 0.002
burczynskix.csv,model NB with 50 features, test duration, 0.001
burczynskix.csv,model SVM with 100 features, train duration, 0.032
burczynskix.csv,model SVM with 100 features, test duration, 0.001
burczynskix.csv,model k - nearest with 100 features, train duration, 0.001
burczynskix.csv,model k - nearest with 100 features, test duration, 0.001
burczynskix.csv,model RandomForest with 100 features, train duration, 0.117
burczynskix.csv,model RandomForest with 100 features, test duration, 0.010
burczynskix.csv,model LogisticsRegression with 100 features, train duration, 0.020
burczynskix.csv,model LogisticsRegression with 100 features, test duration, 0.002
burczynskix.csv,model NB with 100 features, train duration, 0.002
burczynskix.csv,model NB with 100 features, test duration, 0.001
burczynskix.csv,mrmr,selection runtime, 12.802
burczynskix.csv,model SVM with 1 features, train duration, 0.010
burczynskix.csv,model SVM with 1 features, test duration, 0.001
burczynskix.csv,model k - nearest with 1 features, train duration, 0.001
burczynskix.csv,model k - nearest with 1 features, test duration, 0.001
burczynskix.csv,model RandomForest with 1 features, train duration, 0.104
burczynskix.csv,model RandomForest with 1 features, test duration, 0.009
burczynskix.csv,model LogisticsRegression with 1 features, train duration, 0.009
burczynskix.csv,model LogisticsRegression with 1 features, test duration, 0.001
burczynskix.csv,model NB with 1 features, train duration, 0.002
burczynskix.csv,model NB with 1 features, test duration, 0.001
burczynskix.csv,model SVM with 2 features, train duration, 0.010
burczynskix.csv,model SVM with 2 features, test duration, 0.001
burczynskix.csv,model k - nearest with 2 features, train duration, 0.001
burczynskix.csv,model k - nearest with 2 features, test duration, 0.001
burczynskix.csv,model RandomForest with 2 features, train duration, 0.104
burczynskix.csv,model RandomForest with 2 features, test duration, 0.012
burczynskix.csv,model LogisticsRegression with 2 features, train duration, 0.011
burczynskix.csv,model LogisticsRegression with 2 features, test duration, 0.001
burczynskix.csv,model NB with 2 features, train duration, 0.001
burczynskix.csv,model NB with 2 features, test duration, 0.001
burczynskix.csv,model SVM with 3 features, train duration, 0.009
burczynskix.csv,model SVM with 3 features, test duration, 0.001
burczynskix.csv,model k - nearest with 3 features, train duration, 0.001
burczynskix.csv,model k - nearest with 3 features, test duration, 0.001
burczynskix.csv,model RandomForest with 3 features, train duration, 0.114
burczynskix.csv,model RandomForest with 3 features, test duration, 0.011
burczynskix.csv,model LogisticsRegression with 3 features, train duration, 0.014
burczynskix.csv,model LogisticsRegression with 3 features, test duration, 0.001
burczynskix.csv,model NB with 3 features, train duration, 0.001
burczynskix.csv,model NB with 3 features, test duration, 0.001
burczynskix.csv,model SVM with 4 features, train duration, 0.010
burczynskix.csv,model SVM with 4 features, test duration, 0.001
burczynskix.csv,model k - nearest with 4 features, train duration, 0.001
burczynskix.csv,model k - nearest with 4 features, test duration, 0.001
burczynskix.csv,model RandomForest with 4 features, train duration, 0.131
burczynskix.csv,model RandomForest with 4 features, test duration, 0.014
burczynskix.csv,model LogisticsRegression with 4 features, train duration, 0.020
burczynskix.csv,model LogisticsRegression with 4 features, test duration, 0.001
burczynskix.csv,model NB with 4 features, train duration, 0.001
burczynskix.csv,model NB with 4 features, test duration, 0.001
burczynskix.csv,model SVM with 5 features, train duration, 0.010
burczynskix.csv,model SVM with 5 features, test duration, 0.001
burczynskix.csv,model k - nearest with 5 features, train duration, 0.001
burczynskix.csv,model k - nearest with 5 features, test duration, 0.001
burczynskix.csv,model RandomForest with 5 features, train duration, 0.123
burczynskix.csv,model RandomForest with 5 features, test duration, 0.011
burczynskix.csv,model LogisticsRegression with 5 features, train duration, 0.015
burczynskix.csv,model LogisticsRegression with 5 features, test duration, 0.001
burczynskix.csv,model NB with 5 features, train duration, 0.001
burczynskix.csv,model NB with 5 features, test duration, 0.001
burczynskix.csv,model SVM with 10 features, train duration, 0.010
burczynskix.csv,model SVM with 10 features, test duration, 0.001
burczynskix.csv,model k - nearest with 10 features, train duration, 0.001
burczynskix.csv,model k - nearest with 10 features, test duration, 0.001
burczynskix.csv,model RandomForest with 10 features, train duration, 0.106
burczynskix.csv,model RandomForest with 10 features, test duration, 0.010
burczynskix.csv,model LogisticsRegression with 10 features, train duration, 0.016
burczynskix.csv,model LogisticsRegression with 10 features, test duration, 0.001
burczynskix.csv,model NB with 10 features, train duration, 0.001
burczynskix.csv,model NB with 10 features, test duration, 0.001
burczynskix.csv,model SVM with 15 features, train duration, 0.010
burczynskix.csv,model SVM with 15 features, test duration, 0.001
burczynskix.csv,model k - nearest with 15 features, train duration, 0.001
burczynskix.csv,model k - nearest with 15 features, test duration, 0.001
burczynskix.csv,model RandomForest with 15 features, train duration, 0.108
burczynskix.csv,model RandomForest with 15 features, test duration, 0.010
burczynskix.csv,model LogisticsRegression with 15 features, train duration, 0.016
burczynskix.csv,model LogisticsRegression with 15 features, test duration, 0.001
burczynskix.csv,model NB with 15 features, train duration, 0.002
burczynskix.csv,model NB with 15 features, test duration, 0.001
burczynskix.csv,model SVM with 20 features, train duration, 0.011
burczynskix.csv,model SVM with 20 features, test duration, 0.001
burczynskix.csv,model k - nearest with 20 features, train duration, 0.001
burczynskix.csv,model k - nearest with 20 features, test duration, 0.001
burczynskix.csv,model RandomForest with 20 features, train duration, 0.118
burczynskix.csv,model RandomForest with 20 features, test duration, 0.010
burczynskix.csv,model LogisticsRegression with 20 features, train duration, 0.018
burczynskix.csv,model LogisticsRegression with 20 features, test duration, 0.001
burczynskix.csv,model NB with 20 features, train duration, 0.001
burczynskix.csv,model NB with 20 features, test duration, 0.001
burczynskix.csv,model SVM with 25 features, train duration, 0.012
burczynskix.csv,model SVM with 25 features, test duration, 0.001
burczynskix.csv,model k - nearest with 25 features, train duration, 0.001
burczynskix.csv,model k - nearest with 25 features, test duration, 0.001
burczynskix.csv,model RandomForest with 25 features, train duration, 0.119
burczynskix.csv,model RandomForest with 25 features, test duration, 0.010
burczynskix.csv,model LogisticsRegression with 25 features, train duration, 0.017
burczynskix.csv,model LogisticsRegression with 25 features, test duration, 0.001
burczynskix.csv,model NB with 25 features, train duration, 0.001
burczynskix.csv,model NB with 25 features, test duration, 0.001
burczynskix.csv,model SVM with 30 features, train duration, 0.011
burczynskix.csv,model SVM with 30 features, test duration, 0.001
burczynskix.csv,model k - nearest with 30 features, train duration, 0.001
burczynskix.csv,model k - nearest with 30 features, test duration, 0.001
burczynskix.csv,model RandomForest with 30 features, train duration, 0.115
burczynskix.csv,model RandomForest with 30 features, test duration, 0.011
burczynskix.csv,model LogisticsRegression with 30 features, train duration, 0.017
burczynskix.csv,model LogisticsRegression with 30 features, test duration, 0.001
burczynskix.csv,model NB with 30 features, train duration, 0.001
burczynskix.csv,model NB with 30 features, test duration, 0.001
burczynskix.csv,model SVM with 50 features, train duration, 0.011
burczynskix.csv,model SVM with 50 features, test duration, 0.001
burczynskix.csv,model k - nearest with 50 features, train duration, 0.001
burczynskix.csv,model k - nearest with 50 features, test duration, 0.001
burczynskix.csv,model RandomForest with 50 features, train duration, 0.113
burczynskix.csv,model RandomForest with 50 features, test duration, 0.010
burczynskix.csv,model LogisticsRegression with 50 features, train duration, 0.019
burczynskix.csv,model LogisticsRegression with 50 features, test duration, 0.001
burczynskix.csv,model NB with 50 features, train duration, 0.001
burczynskix.csv,model NB with 50 features, test duration, 0.001
burczynskix.csv,model SVM with 100 features, train duration, 0.019
burczynskix.csv,model SVM with 100 features, test duration, 0.001
burczynskix.csv,model k - nearest with 100 features, train duration, 0.001
burczynskix.csv,model k - nearest with 100 features, test duration, 0.001
burczynskix.csv,model RandomForest with 100 features, train duration, 0.119
burczynskix.csv,model RandomForest with 100 features, test duration, 0.010
burczynskix.csv,model LogisticsRegression with 100 features, train duration, 0.022
burczynskix.csv,model LogisticsRegression with 100 features, test duration, 0.001
burczynskix.csv,model NB with 100 features, train duration, 0.002
burczynskix.csv,model NB with 100 features, test duration, 0.001
burczynskix.csv,MMCC,selection runtime, 116.167
burczynskix.csv,model SVM with 1 features, train duration, 0.010
burczynskix.csv,model SVM with 1 features, test duration, 0.001
burczynskix.csv,model k - nearest with 1 features, train duration, 0.001
burczynskix.csv,model k - nearest with 1 features, test duration, 0.001
burczynskix.csv,model RandomForest with 1 features, train duration, 0.105
burczynskix.csv,model RandomForest with 1 features, test duration, 0.011
burczynskix.csv,model LogisticsRegression with 1 features, train duration, 0.009
burczynskix.csv,model LogisticsRegression with 1 features, test duration, 0.001
burczynskix.csv,model NB with 1 features, train duration, 0.001
burczynskix.csv,model NB with 1 features, test duration, 0.001
burczynskix.csv,model SVM with 2 features, train duration, 0.011
burczynskix.csv,model SVM with 2 features, test duration, 0.001
burczynskix.csv,model k - nearest with 2 features, train duration, 0.001
burczynskix.csv,model k - nearest with 2 features, test duration, 0.001
burczynskix.csv,model RandomForest with 2 features, train duration, 0.102
burczynskix.csv,model RandomForest with 2 features, test duration, 0.010
burczynskix.csv,model LogisticsRegression with 2 features, train duration, 0.011
burczynskix.csv,model LogisticsRegression with 2 features, test duration, 0.001
burczynskix.csv,model NB with 2 features, train duration, 0.001
burczynskix.csv,model NB with 2 features, test duration, 0.001
burczynskix.csv,model SVM with 3 features, train duration, 0.011
burczynskix.csv,model SVM with 3 features, test duration, 0.001
burczynskix.csv,model k - nearest with 3 features, train duration, 0.001
burczynskix.csv,model k - nearest with 3 features, test duration, 0.001
burczynskix.csv,model RandomForest with 3 features, train duration, 0.104
burczynskix.csv,model RandomForest with 3 features, test duration, 0.010
burczynskix.csv,model LogisticsRegression with 3 features, train duration, 0.015
burczynskix.csv,model LogisticsRegression with 3 features, test duration, 0.001
burczynskix.csv,model NB with 3 features, train duration, 0.001
burczynskix.csv,model NB with 3 features, test duration, 0.001
burczynskix.csv,model SVM with 4 features, train duration, 0.012
burczynskix.csv,model SVM with 4 features, test duration, 0.001
burczynskix.csv,model k - nearest with 4 features, train duration, 0.001
burczynskix.csv,model k - nearest with 4 features, test duration, 0.001
burczynskix.csv,model RandomForest with 4 features, train duration, 0.116
burczynskix.csv,model RandomForest with 4 features, test duration, 0.009
burczynskix.csv,model LogisticsRegression with 4 features, train duration, 0.017
burczynskix.csv,model LogisticsRegression with 4 features, test duration, 0.001
burczynskix.csv,model NB with 4 features, train duration, 0.001
burczynskix.csv,model NB with 4 features, test duration, 0.001
burczynskix.csv,model SVM with 5 features, train duration, 0.012
burczynskix.csv,model SVM with 5 features, test duration, 0.001
burczynskix.csv,model k - nearest with 5 features, train duration, 0.001
burczynskix.csv,model k - nearest with 5 features, test duration, 0.001
burczynskix.csv,model RandomForest with 5 features, train duration, 0.108
burczynskix.csv,model RandomForest with 5 features, test duration, 0.010
burczynskix.csv,model LogisticsRegression with 5 features, train duration, 0.014
burczynskix.csv,model LogisticsRegression with 5 features, test duration, 0.001
burczynskix.csv,model NB with 5 features, train duration, 0.001
burczynskix.csv,model NB with 5 features, test duration, 0.001
burczynskix.csv,model SVM with 10 features, train duration, 0.010
burczynskix.csv,model SVM with 10 features, test duration, 0.001
burczynskix.csv,model k - nearest with 10 features, train duration, 0.001
burczynskix.csv,model k - nearest with 10 features, test duration, 0.001
burczynskix.csv,model RandomForest with 10 features, train duration, 0.107
burczynskix.csv,model RandomForest with 10 features, test duration, 0.010
burczynskix.csv,model LogisticsRegression with 10 features, train duration, 0.028
burczynskix.csv,model LogisticsRegression with 10 features, test duration, 0.002
burczynskix.csv,model NB with 10 features, train duration, 0.001
burczynskix.csv,model NB with 10 features, test duration, 0.001
burczynskix.csv,model SVM with 15 features, train duration, 0.009
burczynskix.csv,model SVM with 15 features, test duration, 0.001
burczynskix.csv,model k - nearest with 15 features, train duration, 0.001
burczynskix.csv,model k - nearest with 15 features, test duration, 0.001
burczynskix.csv,model RandomForest with 15 features, train duration, 0.109
burczynskix.csv,model RandomForest with 15 features, test duration, 0.010
burczynskix.csv,model LogisticsRegression with 15 features, train duration, 0.017
burczynskix.csv,model LogisticsRegression with 15 features, test duration, 0.001
burczynskix.csv,model NB with 15 features, train duration, 0.001
burczynskix.csv,model NB with 15 features, test duration, 0.001
burczynskix.csv,model SVM with 20 features, train duration, 0.012
burczynskix.csv,model SVM with 20 features, test duration, 0.001
burczynskix.csv,model k - nearest with 20 features, train duration, 0.001
burczynskix.csv,model k - nearest with 20 features, test duration, 0.001
burczynskix.csv,model RandomForest with 20 features, train duration, 0.109
burczynskix.csv,model RandomForest with 20 features, test duration, 0.010
burczynskix.csv,model LogisticsRegression with 20 features, train duration, 0.018
burczynskix.csv,model LogisticsRegression with 20 features, test duration, 0.001
burczynskix.csv,model NB with 20 features, train duration, 0.001
burczynskix.csv,model NB with 20 features, test duration, 0.001
burczynskix.csv,model SVM with 25 features, train duration, 0.013
burczynskix.csv,model SVM with 25 features, test duration, 0.001
burczynskix.csv,model k - nearest with 25 features, train duration, 0.001
burczynskix.csv,model k - nearest with 25 features, test duration, 0.001
burczynskix.csv,model RandomForest with 25 features, train duration, 0.116
burczynskix.csv,model RandomForest with 25 features, test duration, 0.009
burczynskix.csv,model LogisticsRegression with 25 features, train duration, 0.017
burczynskix.csv,model LogisticsRegression with 25 features, test duration, 0.001
burczynskix.csv,model NB with 25 features, train duration, 0.001
burczynskix.csv,model NB with 25 features, test duration, 0.001
burczynskix.csv,model SVM with 30 features, train duration, 0.014
burczynskix.csv,model SVM with 30 features, test duration, 0.001
burczynskix.csv,model k - nearest with 30 features, train duration, 0.001
burczynskix.csv,model k - nearest with 30 features, test duration, 0.001
burczynskix.csv,model RandomForest with 30 features, train duration, 0.112
burczynskix.csv,model RandomForest with 30 features, test duration, 0.010
burczynskix.csv,model LogisticsRegression with 30 features, train duration, 0.018
burczynskix.csv,model LogisticsRegression with 30 features, test duration, 0.001
burczynskix.csv,model NB with 30 features, train duration, 0.001
burczynskix.csv,model NB with 30 features, test duration, 0.001
burczynskix.csv,model SVM with 50 features, train duration, 0.018
burczynskix.csv,model SVM with 50 features, test duration, 0.001
burczynskix.csv,model k - nearest with 50 features, train duration, 0.001
burczynskix.csv,model k - nearest with 50 features, test duration, 0.001
burczynskix.csv,model RandomForest with 50 features, train duration, 0.117
burczynskix.csv,model RandomForest with 50 features, test duration, 0.010
burczynskix.csv,model LogisticsRegression with 50 features, train duration, 0.019
burczynskix.csv,model LogisticsRegression with 50 features, test duration, 0.001
burczynskix.csv,model NB with 50 features, train duration, 0.002
burczynskix.csv,model NB with 50 features, test duration, 0.001
burczynskix.csv,model SVM with 100 features, train duration, 0.034
burczynskix.csv,model SVM with 100 features, test duration, 0.001
burczynskix.csv,model k - nearest with 100 features, train duration, 0.001
burczynskix.csv,model k - nearest with 100 features, test duration, 0.001
burczynskix.csv,model RandomForest with 100 features, train duration, 0.123
burczynskix.csv,model RandomForest with 100 features, test duration, 0.010
burczynskix.csv,model LogisticsRegression with 100 features, train duration, 0.023
burczynskix.csv,model LogisticsRegression with 100 features, test duration, 0.001
burczynskix.csv,model NB with 100 features, train duration, 0.002
burczynskix.csv,model NB with 100 features, test duration, 0.001
