chiarettix.csv,reliefF,selection runtime, 0.087
chiarettix.csv,model SVM with 1 features, train duration, 0.014
chiarettix.csv,model SVM with 1 features, test duration, 0.001
chiarettix.csv,model k - nearest with 1 features, train duration, 0.001
chiarettix.csv,model k - nearest with 1 features, test duration, 0.001
chiarettix.csv,model RandomForest with 1 features, train duration, 0.103
chiarettix.csv,model RandomForest with 1 features, test duration, 0.010
chiarettix.csv,model LogisticsRegression with 1 features, train duration, 0.015
chiarettix.csv,model LogisticsRegression with 1 features, test duration, 0.001
chiarettix.csv,model NB with 1 features, train duration, 0.002
chiarettix.csv,model NB with 1 features, test duration, 0.001
chiarettix.csv,model SVM with 2 features, train duration, 0.014
chiarettix.csv,model SVM with 2 features, test duration, 0.001
chiarettix.csv,model k - nearest with 2 features, train duration, 0.001
chiarettix.csv,model k - nearest with 2 features, test duration, 0.001
chiarettix.csv,model RandomForest with 2 features, train duration, 0.108
chiarettix.csv,model RandomForest with 2 features, test duration, 0.010
chiarettix.csv,model LogisticsRegression with 2 features, train duration, 0.015
chiarettix.csv,model LogisticsRegression with 2 features, test duration, 0.001
chiarettix.csv,model NB with 2 features, train duration, 0.002
chiarettix.csv,model NB with 2 features, test duration, 0.002
chiarettix.csv,model SVM with 3 features, train duration, 0.015
chiarettix.csv,model SVM with 3 features, test duration, 0.001
chiarettix.csv,model k - nearest with 3 features, train duration, 0.001
chiarettix.csv,model k - nearest with 3 features, test duration, 0.001
chiarettix.csv,model RandomForest with 3 features, train duration, 0.142
chiarettix.csv,model RandomForest with 3 features, test duration, 0.011
chiarettix.csv,model LogisticsRegression with 3 features, train duration, 0.015
chiarettix.csv,model LogisticsRegression with 3 features, test duration, 0.001
chiarettix.csv,model NB with 3 features, train duration, 0.001
chiarettix.csv,model NB with 3 features, test duration, 0.001
chiarettix.csv,model SVM with 4 features, train duration, 0.010
chiarettix.csv,model SVM with 4 features, test duration, 0.001
chiarettix.csv,model k - nearest with 4 features, train duration, 0.001
chiarettix.csv,model k - nearest with 4 features, test duration, 0.001
chiarettix.csv,model RandomForest with 4 features, train duration, 0.174
chiarettix.csv,model RandomForest with 4 features, test duration, 0.012
chiarettix.csv,model LogisticsRegression with 4 features, train duration, 0.019
chiarettix.csv,model LogisticsRegression with 4 features, test duration, 0.001
chiarettix.csv,model NB with 4 features, train duration, 0.001
chiarettix.csv,model NB with 4 features, test duration, 0.001
chiarettix.csv,model SVM with 5 features, train duration, 0.010
chiarettix.csv,model SVM with 5 features, test duration, 0.001
chiarettix.csv,model k - nearest with 5 features, train duration, 0.001
chiarettix.csv,model k - nearest with 5 features, test duration, 0.001
chiarettix.csv,model RandomForest with 5 features, train duration, 0.102
chiarettix.csv,model RandomForest with 5 features, test duration, 0.012
chiarettix.csv,model LogisticsRegression with 5 features, train duration, 0.015
chiarettix.csv,model LogisticsRegression with 5 features, test duration, 0.001
chiarettix.csv,model NB with 5 features, train duration, 0.001
chiarettix.csv,model NB with 5 features, test duration, 0.001
chiarettix.csv,model SVM with 10 features, train duration, 0.010
chiarettix.csv,model SVM with 10 features, test duration, 0.001
chiarettix.csv,model k - nearest with 10 features, train duration, 0.001
chiarettix.csv,model k - nearest with 10 features, test duration, 0.001
chiarettix.csv,model RandomForest with 10 features, train duration, 0.110
chiarettix.csv,model RandomForest with 10 features, test duration, 0.010
chiarettix.csv,model LogisticsRegression with 10 features, train duration, 0.017
chiarettix.csv,model LogisticsRegression with 10 features, test duration, 0.002
chiarettix.csv,model NB with 10 features, train duration, 0.001
chiarettix.csv,model NB with 10 features, test duration, 0.001
chiarettix.csv,model SVM with 15 features, train duration, 0.012
chiarettix.csv,model SVM with 15 features, test duration, 0.001
chiarettix.csv,model k - nearest with 15 features, train duration, 0.001
chiarettix.csv,model k - nearest with 15 features, test duration, 0.001
chiarettix.csv,model RandomForest with 15 features, train duration, 0.119
chiarettix.csv,model RandomForest with 15 features, test duration, 0.010
chiarettix.csv,model LogisticsRegression with 15 features, train duration, 0.024
chiarettix.csv,model LogisticsRegression with 15 features, test duration, 0.001
chiarettix.csv,model NB with 15 features, train duration, 0.002
chiarettix.csv,model NB with 15 features, test duration, 0.001
chiarettix.csv,model SVM with 20 features, train duration, 0.015
chiarettix.csv,model SVM with 20 features, test duration, 0.001
chiarettix.csv,model k - nearest with 20 features, train duration, 0.003
chiarettix.csv,model k - nearest with 20 features, test duration, 0.003
chiarettix.csv,model RandomForest with 20 features, train duration, 0.112
chiarettix.csv,model RandomForest with 20 features, test duration, 0.010
chiarettix.csv,model LogisticsRegression with 20 features, train duration, 0.018
chiarettix.csv,model LogisticsRegression with 20 features, test duration, 0.001
chiarettix.csv,model NB with 20 features, train duration, 0.002
chiarettix.csv,model NB with 20 features, test duration, 0.001
chiarettix.csv,model SVM with 25 features, train duration, 0.017
chiarettix.csv,model SVM with 25 features, test duration, 0.001
chiarettix.csv,model k - nearest with 25 features, train duration, 0.001
chiarettix.csv,model k - nearest with 25 features, test duration, 0.001
chiarettix.csv,model RandomForest with 25 features, train duration, 0.107
chiarettix.csv,model RandomForest with 25 features, test duration, 0.009
chiarettix.csv,model LogisticsRegression with 25 features, train duration, 0.017
chiarettix.csv,model LogisticsRegression with 25 features, test duration, 0.001
chiarettix.csv,model NB with 25 features, train duration, 0.002
chiarettix.csv,model NB with 25 features, test duration, 0.001
chiarettix.csv,model SVM with 30 features, train duration, 0.017
chiarettix.csv,model SVM with 30 features, test duration, 0.001
chiarettix.csv,model k - nearest with 30 features, train duration, 0.001
chiarettix.csv,model k - nearest with 30 features, test duration, 0.001
chiarettix.csv,model RandomForest with 30 features, train duration, 0.111
chiarettix.csv,model RandomForest with 30 features, test duration, 0.009
chiarettix.csv,model LogisticsRegression with 30 features, train duration, 0.019
chiarettix.csv,model LogisticsRegression with 30 features, test duration, 0.001
chiarettix.csv,model NB with 30 features, train duration, 0.002
chiarettix.csv,model NB with 30 features, test duration, 0.002
chiarettix.csv,model SVM with 50 features, train duration, 0.025
chiarettix.csv,model SVM with 50 features, test duration, 0.002
chiarettix.csv,model k - nearest with 50 features, train duration, 0.001
chiarettix.csv,model k - nearest with 50 features, test duration, 0.001
chiarettix.csv,model RandomForest with 50 features, train duration, 0.107
chiarettix.csv,model RandomForest with 50 features, test duration, 0.009
chiarettix.csv,model LogisticsRegression with 50 features, train duration, 0.019
chiarettix.csv,model LogisticsRegression with 50 features, test duration, 0.001
chiarettix.csv,model NB with 50 features, train duration, 0.001
chiarettix.csv,model NB with 50 features, test duration, 0.001
chiarettix.csv,model SVM with 100 features, train duration, 0.041
chiarettix.csv,model SVM with 100 features, test duration, 0.001
chiarettix.csv,model k - nearest with 100 features, train duration, 0.001
chiarettix.csv,model k - nearest with 100 features, test duration, 0.001
chiarettix.csv,model RandomForest with 100 features, train duration, 0.116
chiarettix.csv,model RandomForest with 100 features, test duration, 0.012
chiarettix.csv,model LogisticsRegression with 100 features, train duration, 0.024
chiarettix.csv,model LogisticsRegression with 100 features, test duration, 0.001
chiarettix.csv,model NB with 100 features, train duration, 0.002
chiarettix.csv,model NB with 100 features, test duration, 0.001
chiarettix.csv,rfe,selection runtime, 2.447
chiarettix.csv,model SVM with 1 features, train duration, 0.015
chiarettix.csv,model SVM with 1 features, test duration, 0.001
chiarettix.csv,model k - nearest with 1 features, train duration, 0.001
chiarettix.csv,model k - nearest with 1 features, test duration, 0.001
chiarettix.csv,model RandomForest with 1 features, train duration, 0.095
chiarettix.csv,model RandomForest with 1 features, test duration, 0.009
chiarettix.csv,model LogisticsRegression with 1 features, train duration, 0.009
chiarettix.csv,model LogisticsRegression with 1 features, test duration, 0.001
chiarettix.csv,model NB with 1 features, train duration, 0.001
chiarettix.csv,model NB with 1 features, test duration, 0.001
chiarettix.csv,model SVM with 2 features, train duration, 0.012
chiarettix.csv,model SVM with 2 features, test duration, 0.001
chiarettix.csv,model k - nearest with 2 features, train duration, 0.001
chiarettix.csv,model k - nearest with 2 features, test duration, 0.001
chiarettix.csv,model RandomForest with 2 features, train duration, 0.097
chiarettix.csv,model RandomForest with 2 features, test duration, 0.008
chiarettix.csv,model LogisticsRegression with 2 features, train duration, 0.015
chiarettix.csv,model LogisticsRegression with 2 features, test duration, 0.001
chiarettix.csv,model NB with 2 features, train duration, 0.001
chiarettix.csv,model NB with 2 features, test duration, 0.001
chiarettix.csv,model SVM with 3 features, train duration, 0.013
chiarettix.csv,model SVM with 3 features, test duration, 0.001
chiarettix.csv,model k - nearest with 3 features, train duration, 0.001
chiarettix.csv,model k - nearest with 3 features, test duration, 0.001
chiarettix.csv,model RandomForest with 3 features, train duration, 0.106
chiarettix.csv,model RandomForest with 3 features, test duration, 0.010
chiarettix.csv,model LogisticsRegression with 3 features, train duration, 0.014
chiarettix.csv,model LogisticsRegression with 3 features, test duration, 0.001
chiarettix.csv,model NB with 3 features, train duration, 0.001
chiarettix.csv,model NB with 3 features, test duration, 0.001
chiarettix.csv,model SVM with 4 features, train duration, 0.008
chiarettix.csv,model SVM with 4 features, test duration, 0.001
chiarettix.csv,model k - nearest with 4 features, train duration, 0.001
chiarettix.csv,model k - nearest with 4 features, test duration, 0.001
chiarettix.csv,model RandomForest with 4 features, train duration, 0.101
chiarettix.csv,model RandomForest with 4 features, test duration, 0.008
chiarettix.csv,model LogisticsRegression with 4 features, train duration, 0.013
chiarettix.csv,model LogisticsRegression with 4 features, test duration, 0.001
chiarettix.csv,model NB with 4 features, train duration, 0.002
chiarettix.csv,model NB with 4 features, test duration, 0.001
chiarettix.csv,model SVM with 5 features, train duration, 0.010
chiarettix.csv,model SVM with 5 features, test duration, 0.001
chiarettix.csv,model k - nearest with 5 features, train duration, 0.001
chiarettix.csv,model k - nearest with 5 features, test duration, 0.001
chiarettix.csv,model RandomForest with 5 features, train duration, 0.114
chiarettix.csv,model RandomForest with 5 features, test duration, 0.009
chiarettix.csv,model LogisticsRegression with 5 features, train duration, 0.014
chiarettix.csv,model LogisticsRegression with 5 features, test duration, 0.001
chiarettix.csv,model NB with 5 features, train duration, 0.001
chiarettix.csv,model NB with 5 features, test duration, 0.001
chiarettix.csv,model SVM with 10 features, train duration, 0.009
chiarettix.csv,model SVM with 10 features, test duration, 0.001
chiarettix.csv,model k - nearest with 10 features, train duration, 0.001
chiarettix.csv,model k - nearest with 10 features, test duration, 0.001
chiarettix.csv,model RandomForest with 10 features, train duration, 0.102
chiarettix.csv,model RandomForest with 10 features, test duration, 0.009
chiarettix.csv,model LogisticsRegression with 10 features, train duration, 0.016
chiarettix.csv,model LogisticsRegression with 10 features, test duration, 0.001
chiarettix.csv,model NB with 10 features, train duration, 0.001
chiarettix.csv,model NB with 10 features, test duration, 0.001
chiarettix.csv,model SVM with 15 features, train duration, 0.011
chiarettix.csv,model SVM with 15 features, test duration, 0.001
chiarettix.csv,model k - nearest with 15 features, train duration, 0.001
chiarettix.csv,model k - nearest with 15 features, test duration, 0.001
chiarettix.csv,model RandomForest with 15 features, train duration, 0.111
chiarettix.csv,model RandomForest with 15 features, test duration, 0.009
chiarettix.csv,model LogisticsRegression with 15 features, train duration, 0.015
chiarettix.csv,model LogisticsRegression with 15 features, test duration, 0.001
chiarettix.csv,model NB with 15 features, train duration, 0.002
chiarettix.csv,model NB with 15 features, test duration, 0.001
chiarettix.csv,model SVM with 20 features, train duration, 0.014
chiarettix.csv,model SVM with 20 features, test duration, 0.001
chiarettix.csv,model k - nearest with 20 features, train duration, 0.001
chiarettix.csv,model k - nearest with 20 features, test duration, 0.001
chiarettix.csv,model RandomForest with 20 features, train duration, 0.106
chiarettix.csv,model RandomForest with 20 features, test duration, 0.009
chiarettix.csv,model LogisticsRegression with 20 features, train duration, 0.017
chiarettix.csv,model LogisticsRegression with 20 features, test duration, 0.001
chiarettix.csv,model NB with 20 features, train duration, 0.001
chiarettix.csv,model NB with 20 features, test duration, 0.001
chiarettix.csv,model SVM with 25 features, train duration, 0.014
chiarettix.csv,model SVM with 25 features, test duration, 0.001
chiarettix.csv,model k - nearest with 25 features, train duration, 0.001
chiarettix.csv,model k - nearest with 25 features, test duration, 0.001
chiarettix.csv,model RandomForest with 25 features, train duration, 0.114
chiarettix.csv,model RandomForest with 25 features, test duration, 0.010
chiarettix.csv,model LogisticsRegression with 25 features, train duration, 0.019
chiarettix.csv,model LogisticsRegression with 25 features, test duration, 0.001
chiarettix.csv,model NB with 25 features, train duration, 0.001
chiarettix.csv,model NB with 25 features, test duration, 0.001
chiarettix.csv,model SVM with 30 features, train duration, 0.015
chiarettix.csv,model SVM with 30 features, test duration, 0.001
chiarettix.csv,model k - nearest with 30 features, train duration, 0.001
chiarettix.csv,model k - nearest with 30 features, test duration, 0.001
chiarettix.csv,model RandomForest with 30 features, train duration, 0.111
chiarettix.csv,model RandomForest with 30 features, test duration, 0.012
chiarettix.csv,model LogisticsRegression with 30 features, train duration, 0.024
chiarettix.csv,model LogisticsRegression with 30 features, test duration, 0.001
chiarettix.csv,model NB with 30 features, train duration, 0.002
chiarettix.csv,model NB with 30 features, test duration, 0.001
chiarettix.csv,model SVM with 50 features, train duration, 0.033
chiarettix.csv,model SVM with 50 features, test duration, 0.001
chiarettix.csv,model k - nearest with 50 features, train duration, 0.002
chiarettix.csv,model k - nearest with 50 features, test duration, 0.001
chiarettix.csv,model RandomForest with 50 features, train duration, 0.114
chiarettix.csv,model RandomForest with 50 features, test duration, 0.009
chiarettix.csv,model LogisticsRegression with 50 features, train duration, 0.017
chiarettix.csv,model LogisticsRegression with 50 features, test duration, 0.001
chiarettix.csv,model NB with 50 features, train duration, 0.001
chiarettix.csv,model NB with 50 features, test duration, 0.001
chiarettix.csv,model SVM with 100 features, train duration, 0.037
chiarettix.csv,model SVM with 100 features, test duration, 0.002
chiarettix.csv,model k - nearest with 100 features, train duration, 0.001
chiarettix.csv,model k - nearest with 100 features, test duration, 0.001
chiarettix.csv,model RandomForest with 100 features, train duration, 0.114
chiarettix.csv,model RandomForest with 100 features, test duration, 0.009
chiarettix.csv,model LogisticsRegression with 100 features, train duration, 0.024
chiarettix.csv,model LogisticsRegression with 100 features, test duration, 0.001
chiarettix.csv,model NB with 100 features, train duration, 0.002
chiarettix.csv,model NB with 100 features, test duration, 0.001
chiarettix.csv,Fdr_f_classif,selection runtime, 0.009
chiarettix.csv,model SVM with 1 features, train duration, 0.014
chiarettix.csv,model SVM with 1 features, test duration, 0.001
chiarettix.csv,model k - nearest with 1 features, train duration, 0.001
chiarettix.csv,model k - nearest with 1 features, test duration, 0.001
chiarettix.csv,model RandomForest with 1 features, train duration, 0.103
chiarettix.csv,model RandomForest with 1 features, test duration, 0.009
chiarettix.csv,model LogisticsRegression with 1 features, train duration, 0.013
chiarettix.csv,model LogisticsRegression with 1 features, test duration, 0.001
chiarettix.csv,model NB with 1 features, train duration, 0.002
chiarettix.csv,model NB with 1 features, test duration, 0.001
chiarettix.csv,model SVM with 2 features, train duration, 0.014
chiarettix.csv,model SVM with 2 features, test duration, 0.001
chiarettix.csv,model k - nearest with 2 features, train duration, 0.001
chiarettix.csv,model k - nearest with 2 features, test duration, 0.001
chiarettix.csv,model RandomForest with 2 features, train duration, 0.094
chiarettix.csv,model RandomForest with 2 features, test duration, 0.008
chiarettix.csv,model LogisticsRegression with 2 features, train duration, 0.015
chiarettix.csv,model LogisticsRegression with 2 features, test duration, 0.001
chiarettix.csv,model NB with 2 features, train duration, 0.001
chiarettix.csv,model NB with 2 features, test duration, 0.001
chiarettix.csv,model SVM with 3 features, train duration, 0.010
chiarettix.csv,model SVM with 3 features, test duration, 0.001
chiarettix.csv,model k - nearest with 3 features, train duration, 0.001
chiarettix.csv,model k - nearest with 3 features, test duration, 0.001
chiarettix.csv,model RandomForest with 3 features, train duration, 0.106
chiarettix.csv,model RandomForest with 3 features, test duration, 0.010
chiarettix.csv,model LogisticsRegression with 3 features, train duration, 0.015
chiarettix.csv,model LogisticsRegression with 3 features, test duration, 0.001
chiarettix.csv,model NB with 3 features, train duration, 0.001
chiarettix.csv,model NB with 3 features, test duration, 0.001
chiarettix.csv,model SVM with 4 features, train duration, 0.013
chiarettix.csv,model SVM with 4 features, test duration, 0.001
chiarettix.csv,model k - nearest with 4 features, train duration, 0.001
chiarettix.csv,model k - nearest with 4 features, test duration, 0.001
chiarettix.csv,model RandomForest with 4 features, train duration, 0.104
chiarettix.csv,model RandomForest with 4 features, test duration, 0.009
chiarettix.csv,model LogisticsRegression with 4 features, train duration, 0.015
chiarettix.csv,model LogisticsRegression with 4 features, test duration, 0.001
chiarettix.csv,model NB with 4 features, train duration, 0.002
chiarettix.csv,model NB with 4 features, test duration, 0.001
chiarettix.csv,model SVM with 5 features, train duration, 0.011
chiarettix.csv,model SVM with 5 features, test duration, 0.001
chiarettix.csv,model k - nearest with 5 features, train duration, 0.001
chiarettix.csv,model k - nearest with 5 features, test duration, 0.001
chiarettix.csv,model RandomForest with 5 features, train duration, 0.106
chiarettix.csv,model RandomForest with 5 features, test duration, 0.010
chiarettix.csv,model LogisticsRegression with 5 features, train duration, 0.014
chiarettix.csv,model LogisticsRegression with 5 features, test duration, 0.001
chiarettix.csv,model NB with 5 features, train duration, 0.001
chiarettix.csv,model NB with 5 features, test duration, 0.001
chiarettix.csv,model SVM with 10 features, train duration, 0.010
chiarettix.csv,model SVM with 10 features, test duration, 0.001
chiarettix.csv,model k - nearest with 10 features, train duration, 0.001
chiarettix.csv,model k - nearest with 10 features, test duration, 0.001
chiarettix.csv,model RandomForest with 10 features, train duration, 0.100
chiarettix.csv,model RandomForest with 10 features, test duration, 0.010
chiarettix.csv,model LogisticsRegression with 10 features, train duration, 0.016
chiarettix.csv,model LogisticsRegression with 10 features, test duration, 0.001
chiarettix.csv,model NB with 10 features, train duration, 0.001
chiarettix.csv,model NB with 10 features, test duration, 0.001
chiarettix.csv,model SVM with 15 features, train duration, 0.010
chiarettix.csv,model SVM with 15 features, test duration, 0.001
chiarettix.csv,model k - nearest with 15 features, train duration, 0.001
chiarettix.csv,model k - nearest with 15 features, test duration, 0.001
chiarettix.csv,model RandomForest with 15 features, train duration, 0.110
chiarettix.csv,model RandomForest with 15 features, test duration, 0.009
chiarettix.csv,model LogisticsRegression with 15 features, train duration, 0.017
chiarettix.csv,model LogisticsRegression with 15 features, test duration, 0.001
chiarettix.csv,model NB with 15 features, train duration, 0.001
chiarettix.csv,model NB with 15 features, test duration, 0.001
chiarettix.csv,model SVM with 20 features, train duration, 0.012
chiarettix.csv,model SVM with 20 features, test duration, 0.001
chiarettix.csv,model k - nearest with 20 features, train duration, 0.001
chiarettix.csv,model k - nearest with 20 features, test duration, 0.001
chiarettix.csv,model RandomForest with 20 features, train duration, 0.104
chiarettix.csv,model RandomForest with 20 features, test duration, 0.011
chiarettix.csv,model LogisticsRegression with 20 features, train duration, 0.016
chiarettix.csv,model LogisticsRegression with 20 features, test duration, 0.001
chiarettix.csv,model NB with 20 features, train duration, 0.001
chiarettix.csv,model NB with 20 features, test duration, 0.001
chiarettix.csv,model SVM with 25 features, train duration, 0.017
chiarettix.csv,model SVM with 25 features, test duration, 0.001
chiarettix.csv,model k - nearest with 25 features, train duration, 0.001
chiarettix.csv,model k - nearest with 25 features, test duration, 0.001
chiarettix.csv,model RandomForest with 25 features, train duration, 0.111
chiarettix.csv,model RandomForest with 25 features, test duration, 0.009
chiarettix.csv,model LogisticsRegression with 25 features, train duration, 0.017
chiarettix.csv,model LogisticsRegression with 25 features, test duration, 0.001
chiarettix.csv,model NB with 25 features, train duration, 0.001
chiarettix.csv,model NB with 25 features, test duration, 0.001
chiarettix.csv,model SVM with 30 features, train duration, 0.014
chiarettix.csv,model SVM with 30 features, test duration, 0.001
chiarettix.csv,model k - nearest with 30 features, train duration, 0.002
chiarettix.csv,model k - nearest with 30 features, test duration, 0.001
chiarettix.csv,model RandomForest with 30 features, train duration, 0.111
chiarettix.csv,model RandomForest with 30 features, test duration, 0.010
chiarettix.csv,model LogisticsRegression with 30 features, train duration, 0.020
chiarettix.csv,model LogisticsRegression with 30 features, test duration, 0.002
chiarettix.csv,model NB with 30 features, train duration, 0.002
chiarettix.csv,model NB with 30 features, test duration, 0.001
chiarettix.csv,model SVM with 50 features, train duration, 0.024
chiarettix.csv,model SVM with 50 features, test duration, 0.001
chiarettix.csv,model k - nearest with 50 features, train duration, 0.001
chiarettix.csv,model k - nearest with 50 features, test duration, 0.001
chiarettix.csv,model RandomForest with 50 features, train duration, 0.113
chiarettix.csv,model RandomForest with 50 features, test duration, 0.009
chiarettix.csv,model LogisticsRegression with 50 features, train duration, 0.021
chiarettix.csv,model LogisticsRegression with 50 features, test duration, 0.001
chiarettix.csv,model NB with 50 features, train duration, 0.001
chiarettix.csv,model NB with 50 features, test duration, 0.001
chiarettix.csv,model SVM with 100 features, train duration, 0.041
chiarettix.csv,model SVM with 100 features, test duration, 0.002
chiarettix.csv,model k - nearest with 100 features, train duration, 0.002
chiarettix.csv,model k - nearest with 100 features, test duration, 0.001
chiarettix.csv,model RandomForest with 100 features, train duration, 0.118
chiarettix.csv,model RandomForest with 100 features, test duration, 0.009
chiarettix.csv,model LogisticsRegression with 100 features, train duration, 0.022
chiarettix.csv,model LogisticsRegression with 100 features, test duration, 0.001
chiarettix.csv,model NB with 100 features, train duration, 0.002
chiarettix.csv,model NB with 100 features, test duration, 0.001
chiarettix.csv,mrmr,selection runtime, 9.509
chiarettix.csv,model SVM with 1 features, train duration, 0.014
chiarettix.csv,model SVM with 1 features, test duration, 0.001
chiarettix.csv,model k - nearest with 1 features, train duration, 0.001
chiarettix.csv,model k - nearest with 1 features, test duration, 0.001
chiarettix.csv,model RandomForest with 1 features, train duration, 0.110
chiarettix.csv,model RandomForest with 1 features, test duration, 0.010
chiarettix.csv,model LogisticsRegression with 1 features, train duration, 0.015
chiarettix.csv,model LogisticsRegression with 1 features, test duration, 0.001
chiarettix.csv,model NB with 1 features, train duration, 0.001
chiarettix.csv,model NB with 1 features, test duration, 0.001
chiarettix.csv,model SVM with 2 features, train duration, 0.011
chiarettix.csv,model SVM with 2 features, test duration, 0.001
chiarettix.csv,model k - nearest with 2 features, train duration, 0.001
chiarettix.csv,model k - nearest with 2 features, test duration, 0.001
chiarettix.csv,model RandomForest with 2 features, train duration, 0.103
chiarettix.csv,model RandomForest with 2 features, test duration, 0.009
chiarettix.csv,model LogisticsRegression with 2 features, train duration, 0.017
chiarettix.csv,model LogisticsRegression with 2 features, test duration, 0.001
chiarettix.csv,model NB with 2 features, train duration, 0.001
chiarettix.csv,model NB with 2 features, test duration, 0.001
chiarettix.csv,model SVM with 3 features, train duration, 0.028
chiarettix.csv,model SVM with 3 features, test duration, 0.002
chiarettix.csv,model k - nearest with 3 features, train duration, 0.001
chiarettix.csv,model k - nearest with 3 features, test duration, 0.001
chiarettix.csv,model RandomForest with 3 features, train duration, 0.102
chiarettix.csv,model RandomForest with 3 features, test duration, 0.011
chiarettix.csv,model LogisticsRegression with 3 features, train duration, 0.019
chiarettix.csv,model LogisticsRegression with 3 features, test duration, 0.001
chiarettix.csv,model NB with 3 features, train duration, 0.001
chiarettix.csv,model NB with 3 features, test duration, 0.001
chiarettix.csv,model SVM with 4 features, train duration, 0.012
chiarettix.csv,model SVM with 4 features, test duration, 0.001
chiarettix.csv,model k - nearest with 4 features, train duration, 0.001
chiarettix.csv,model k - nearest with 4 features, test duration, 0.001
chiarettix.csv,model RandomForest with 4 features, train duration, 0.097
chiarettix.csv,model RandomForest with 4 features, test duration, 0.009
chiarettix.csv,model LogisticsRegression with 4 features, train duration, 0.017
chiarettix.csv,model LogisticsRegression with 4 features, test duration, 0.001
chiarettix.csv,model NB with 4 features, train duration, 0.002
chiarettix.csv,model NB with 4 features, test duration, 0.001
chiarettix.csv,model SVM with 5 features, train duration, 0.009
chiarettix.csv,model SVM with 5 features, test duration, 0.001
chiarettix.csv,model k - nearest with 5 features, train duration, 0.001
chiarettix.csv,model k - nearest with 5 features, test duration, 0.001
chiarettix.csv,model RandomForest with 5 features, train duration, 0.106
chiarettix.csv,model RandomForest with 5 features, test duration, 0.010
chiarettix.csv,model LogisticsRegression with 5 features, train duration, 0.016
chiarettix.csv,model LogisticsRegression with 5 features, test duration, 0.001
chiarettix.csv,model NB with 5 features, train duration, 0.001
chiarettix.csv,model NB with 5 features, test duration, 0.001
chiarettix.csv,model SVM with 10 features, train duration, 0.012
chiarettix.csv,model SVM with 10 features, test duration, 0.002
chiarettix.csv,model k - nearest with 10 features, train duration, 0.002
chiarettix.csv,model k - nearest with 10 features, test duration, 0.002
chiarettix.csv,model RandomForest with 10 features, train duration, 0.104
chiarettix.csv,model RandomForest with 10 features, test duration, 0.009
chiarettix.csv,model LogisticsRegression with 10 features, train duration, 0.016
chiarettix.csv,model LogisticsRegression with 10 features, test duration, 0.001
chiarettix.csv,model NB with 10 features, train duration, 0.001
chiarettix.csv,model NB with 10 features, test duration, 0.001
chiarettix.csv,model SVM with 15 features, train duration, 0.010
chiarettix.csv,model SVM with 15 features, test duration, 0.001
chiarettix.csv,model k - nearest with 15 features, train duration, 0.001
chiarettix.csv,model k - nearest with 15 features, test duration, 0.001
chiarettix.csv,model RandomForest with 15 features, train duration, 0.110
chiarettix.csv,model RandomForest with 15 features, test duration, 0.009
chiarettix.csv,model LogisticsRegression with 15 features, train duration, 0.019
chiarettix.csv,model LogisticsRegression with 15 features, test duration, 0.001
chiarettix.csv,model NB with 15 features, train duration, 0.001
chiarettix.csv,model NB with 15 features, test duration, 0.001
chiarettix.csv,model SVM with 20 features, train duration, 0.010
chiarettix.csv,model SVM with 20 features, test duration, 0.001
chiarettix.csv,model k - nearest with 20 features, train duration, 0.001
chiarettix.csv,model k - nearest with 20 features, test duration, 0.001
chiarettix.csv,model RandomForest with 20 features, train duration, 0.101
chiarettix.csv,model RandomForest with 20 features, test duration, 0.009
chiarettix.csv,model LogisticsRegression with 20 features, train duration, 0.017
chiarettix.csv,model LogisticsRegression with 20 features, test duration, 0.001
chiarettix.csv,model NB with 20 features, train duration, 0.001
chiarettix.csv,model NB with 20 features, test duration, 0.001
chiarettix.csv,model SVM with 25 features, train duration, 0.014
chiarettix.csv,model SVM with 25 features, test duration, 0.001
chiarettix.csv,model k - nearest with 25 features, train duration, 0.001
chiarettix.csv,model k - nearest with 25 features, test duration, 0.001
chiarettix.csv,model RandomForest with 25 features, train duration, 0.112
chiarettix.csv,model RandomForest with 25 features, test duration, 0.009
chiarettix.csv,model LogisticsRegression with 25 features, train duration, 0.018
chiarettix.csv,model LogisticsRegression with 25 features, test duration, 0.001
chiarettix.csv,model NB with 25 features, train duration, 0.001
chiarettix.csv,model NB with 25 features, test duration, 0.001
chiarettix.csv,model SVM with 30 features, train duration, 0.015
chiarettix.csv,model SVM with 30 features, test duration, 0.001
chiarettix.csv,model k - nearest with 30 features, train duration, 0.001
chiarettix.csv,model k - nearest with 30 features, test duration, 0.001
chiarettix.csv,model RandomForest with 30 features, train duration, 0.124
chiarettix.csv,model RandomForest with 30 features, test duration, 0.011
chiarettix.csv,model LogisticsRegression with 30 features, train duration, 0.018
chiarettix.csv,model LogisticsRegression with 30 features, test duration, 0.001
chiarettix.csv,model NB with 30 features, train duration, 0.001
chiarettix.csv,model NB with 30 features, test duration, 0.001
chiarettix.csv,model SVM with 50 features, train duration, 0.024
chiarettix.csv,model SVM with 50 features, test duration, 0.001
chiarettix.csv,model k - nearest with 50 features, train duration, 0.001
chiarettix.csv,model k - nearest with 50 features, test duration, 0.001
chiarettix.csv,model RandomForest with 50 features, train duration, 0.108
chiarettix.csv,model RandomForest with 50 features, test duration, 0.009
chiarettix.csv,model LogisticsRegression with 50 features, train duration, 0.018
chiarettix.csv,model LogisticsRegression with 50 features, test duration, 0.002
chiarettix.csv,model NB with 50 features, train duration, 0.001
chiarettix.csv,model NB with 50 features, test duration, 0.001
chiarettix.csv,model SVM with 100 features, train duration, 0.032
chiarettix.csv,model SVM with 100 features, test duration, 0.001
chiarettix.csv,model k - nearest with 100 features, train duration, 0.001
chiarettix.csv,model k - nearest with 100 features, test duration, 0.001
chiarettix.csv,model RandomForest with 100 features, train duration, 0.117
chiarettix.csv,model RandomForest with 100 features, test duration, 0.010
chiarettix.csv,model LogisticsRegression with 100 features, train duration, 0.024
chiarettix.csv,model LogisticsRegression with 100 features, test duration, 0.001
chiarettix.csv,model NB with 100 features, train duration, 0.002
chiarettix.csv,model NB with 100 features, test duration, 0.001
chiarettix.csv,MMCC,selection runtime, 115.790
chiarettix.csv,model SVM with 1 features, train duration, 0.015
chiarettix.csv,model SVM with 1 features, test duration, 0.001
chiarettix.csv,model k - nearest with 1 features, train duration, 0.001
chiarettix.csv,model k - nearest with 1 features, test duration, 0.001
chiarettix.csv,model RandomForest with 1 features, train duration, 0.112
chiarettix.csv,model RandomForest with 1 features, test duration, 0.010
chiarettix.csv,model LogisticsRegression with 1 features, train duration, 0.016
chiarettix.csv,model LogisticsRegression with 1 features, test duration, 0.001
chiarettix.csv,model NB with 1 features, train duration, 0.001
chiarettix.csv,model NB with 1 features, test duration, 0.001
chiarettix.csv,model SVM with 2 features, train duration, 0.011
chiarettix.csv,model SVM with 2 features, test duration, 0.001
chiarettix.csv,model k - nearest with 2 features, train duration, 0.001
chiarettix.csv,model k - nearest with 2 features, test duration, 0.001
chiarettix.csv,model RandomForest with 2 features, train duration, 0.115
chiarettix.csv,model RandomForest with 2 features, test duration, 0.009
chiarettix.csv,model LogisticsRegression with 2 features, train duration, 0.015
chiarettix.csv,model LogisticsRegression with 2 features, test duration, 0.001
chiarettix.csv,model NB with 2 features, train duration, 0.002
chiarettix.csv,model NB with 2 features, test duration, 0.001
chiarettix.csv,model SVM with 3 features, train duration, 0.013
chiarettix.csv,model SVM with 3 features, test duration, 0.001
chiarettix.csv,model k - nearest with 3 features, train duration, 0.001
chiarettix.csv,model k - nearest with 3 features, test duration, 0.001
chiarettix.csv,model RandomForest with 3 features, train duration, 0.100
chiarettix.csv,model RandomForest with 3 features, test duration, 0.011
chiarettix.csv,model LogisticsRegression with 3 features, train duration, 0.017
chiarettix.csv,model LogisticsRegression with 3 features, test duration, 0.001
chiarettix.csv,model NB with 3 features, train duration, 0.001
chiarettix.csv,model NB with 3 features, test duration, 0.001
chiarettix.csv,model SVM with 4 features, train duration, 0.010
chiarettix.csv,model SVM with 4 features, test duration, 0.001
chiarettix.csv,model k - nearest with 4 features, train duration, 0.001
chiarettix.csv,model k - nearest with 4 features, test duration, 0.001
chiarettix.csv,model RandomForest with 4 features, train duration, 0.098
chiarettix.csv,model RandomForest with 4 features, test duration, 0.008
chiarettix.csv,model LogisticsRegression with 4 features, train duration, 0.014
chiarettix.csv,model LogisticsRegression with 4 features, test duration, 0.001
chiarettix.csv,model NB with 4 features, train duration, 0.002
chiarettix.csv,model NB with 4 features, test duration, 0.001
chiarettix.csv,model SVM with 5 features, train duration, 0.010
chiarettix.csv,model SVM with 5 features, test duration, 0.001
chiarettix.csv,model k - nearest with 5 features, train duration, 0.001
chiarettix.csv,model k - nearest with 5 features, test duration, 0.001
chiarettix.csv,model RandomForest with 5 features, train duration, 0.109
chiarettix.csv,model RandomForest with 5 features, test duration, 0.010
chiarettix.csv,model LogisticsRegression with 5 features, train duration, 0.016
chiarettix.csv,model LogisticsRegression with 5 features, test duration, 0.001
chiarettix.csv,model NB with 5 features, train duration, 0.001
chiarettix.csv,model NB with 5 features, test duration, 0.001
chiarettix.csv,model SVM with 10 features, train duration, 0.013
chiarettix.csv,model SVM with 10 features, test duration, 0.001
chiarettix.csv,model k - nearest with 10 features, train duration, 0.001
chiarettix.csv,model k - nearest with 10 features, test duration, 0.001
chiarettix.csv,model RandomForest with 10 features, train duration, 0.106
chiarettix.csv,model RandomForest with 10 features, test duration, 0.009
chiarettix.csv,model LogisticsRegression with 10 features, train duration, 0.017
chiarettix.csv,model LogisticsRegression with 10 features, test duration, 0.001
chiarettix.csv,model NB with 10 features, train duration, 0.001
chiarettix.csv,model NB with 10 features, test duration, 0.001
chiarettix.csv,model SVM with 15 features, train duration, 0.010
chiarettix.csv,model SVM with 15 features, test duration, 0.001
chiarettix.csv,model k - nearest with 15 features, train duration, 0.001
chiarettix.csv,model k - nearest with 15 features, test duration, 0.001
chiarettix.csv,model RandomForest with 15 features, train duration, 0.112
chiarettix.csv,model RandomForest with 15 features, test duration, 0.010
chiarettix.csv,model LogisticsRegression with 15 features, train duration, 0.017
chiarettix.csv,model LogisticsRegression with 15 features, test duration, 0.001
chiarettix.csv,model NB with 15 features, train duration, 0.001
chiarettix.csv,model NB with 15 features, test duration, 0.001
chiarettix.csv,model SVM with 20 features, train duration, 0.012
chiarettix.csv,model SVM with 20 features, test duration, 0.001
chiarettix.csv,model k - nearest with 20 features, train duration, 0.001
chiarettix.csv,model k - nearest with 20 features, test duration, 0.001
chiarettix.csv,model RandomForest with 20 features, train duration, 0.119
chiarettix.csv,model RandomForest with 20 features, test duration, 0.008
chiarettix.csv,model LogisticsRegression with 20 features, train duration, 0.015
chiarettix.csv,model LogisticsRegression with 20 features, test duration, 0.001
chiarettix.csv,model NB with 20 features, train duration, 0.001
chiarettix.csv,model NB with 20 features, test duration, 0.001
chiarettix.csv,model SVM with 25 features, train duration, 0.013
chiarettix.csv,model SVM with 25 features, test duration, 0.001
chiarettix.csv,model k - nearest with 25 features, train duration, 0.001
chiarettix.csv,model k - nearest with 25 features, test duration, 0.001
chiarettix.csv,model RandomForest with 25 features, train duration, 0.117
chiarettix.csv,model RandomForest with 25 features, test duration, 0.010
chiarettix.csv,model LogisticsRegression with 25 features, train duration, 0.016
chiarettix.csv,model LogisticsRegression with 25 features, test duration, 0.001
chiarettix.csv,model NB with 25 features, train duration, 0.001
chiarettix.csv,model NB with 25 features, test duration, 0.001
chiarettix.csv,model SVM with 30 features, train duration, 0.016
chiarettix.csv,model SVM with 30 features, test duration, 0.001
chiarettix.csv,model k - nearest with 30 features, train duration, 0.001
chiarettix.csv,model k - nearest with 30 features, test duration, 0.001
chiarettix.csv,model RandomForest with 30 features, train duration, 0.107
chiarettix.csv,model RandomForest with 30 features, test duration, 0.009
chiarettix.csv,model LogisticsRegression with 30 features, train duration, 0.027
chiarettix.csv,model LogisticsRegression with 30 features, test duration, 0.001
chiarettix.csv,model NB with 30 features, train duration, 0.001
chiarettix.csv,model NB with 30 features, test duration, 0.001
chiarettix.csv,model SVM with 50 features, train duration, 0.021
chiarettix.csv,model SVM with 50 features, test duration, 0.001
chiarettix.csv,model k - nearest with 50 features, train duration, 0.001
chiarettix.csv,model k - nearest with 50 features, test duration, 0.001
chiarettix.csv,model RandomForest with 50 features, train duration, 0.107
chiarettix.csv,model RandomForest with 50 features, test duration, 0.010
chiarettix.csv,model LogisticsRegression with 50 features, train duration, 0.020
chiarettix.csv,model LogisticsRegression with 50 features, test duration, 0.001
chiarettix.csv,model NB with 50 features, train duration, 0.001
chiarettix.csv,model NB with 50 features, test duration, 0.002
chiarettix.csv,model SVM with 100 features, train duration, 0.056
chiarettix.csv,model SVM with 100 features, test duration, 0.004
chiarettix.csv,model k - nearest with 100 features, train duration, 0.002
chiarettix.csv,model k - nearest with 100 features, test duration, 0.002
chiarettix.csv,model RandomForest with 100 features, train duration, 0.146
chiarettix.csv,model RandomForest with 100 features, test duration, 0.012
chiarettix.csv,model LogisticsRegression with 100 features, train duration, 0.024
chiarettix.csv,model LogisticsRegression with 100 features, test duration, 0.002
chiarettix.csv,model NB with 100 features, train duration, 0.002
chiarettix.csv,model NB with 100 features, test duration, 0.002
