alonx.csv,reliefF,selection runtime, 0.027
alonx.csv,model SVM with 1 features, train duration, 0.002
alonx.csv,model SVM with 1 features, test duration, 0.001
alonx.csv,model k - nearest with 1 features, train duration, 0.001
alonx.csv,model k - nearest with 1 features, test duration, 0.001
alonx.csv,model RandomForest with 1 features, train duration, 0.099
alonx.csv,model RandomForest with 1 features, test duration, 0.008
alonx.csv,model LogisticsRegression with 1 features, train duration, 0.004
alonx.csv,model LogisticsRegression with 1 features, test duration, 0.001
alonx.csv,model NB with 1 features, train duration, 0.001
alonx.csv,model NB with 1 features, test duration, 0.001
alonx.csv,model SVM with 2 features, train duration, 0.003
alonx.csv,model SVM with 2 features, test duration, 0.001
alonx.csv,model k - nearest with 2 features, train duration, 0.001
alonx.csv,model k - nearest with 2 features, test duration, 0.001
alonx.csv,model RandomForest with 2 features, train duration, 0.104
alonx.csv,model RandomForest with 2 features, test duration, 0.022
alonx.csv,model LogisticsRegression with 2 features, train duration, 0.006
alonx.csv,model LogisticsRegression with 2 features, test duration, 0.001
alonx.csv,model NB with 2 features, train duration, 0.001
alonx.csv,model NB with 2 features, test duration, 0.001
alonx.csv,model SVM with 3 features, train duration, 0.004
alonx.csv,model SVM with 3 features, test duration, 0.001
alonx.csv,model k - nearest with 3 features, train duration, 0.001
alonx.csv,model k - nearest with 3 features, test duration, 0.001
alonx.csv,model RandomForest with 3 features, train duration, 0.095
alonx.csv,model RandomForest with 3 features, test duration, 0.008
alonx.csv,model LogisticsRegression with 3 features, train duration, 0.006
alonx.csv,model LogisticsRegression with 3 features, test duration, 0.001
alonx.csv,model NB with 3 features, train duration, 0.001
alonx.csv,model NB with 3 features, test duration, 0.001
alonx.csv,model SVM with 4 features, train duration, 0.003
alonx.csv,model SVM with 4 features, test duration, 0.001
alonx.csv,model k - nearest with 4 features, train duration, 0.001
alonx.csv,model k - nearest with 4 features, test duration, 0.001
alonx.csv,model RandomForest with 4 features, train duration, 0.098
alonx.csv,model RandomForest with 4 features, test duration, 0.008
alonx.csv,model LogisticsRegression with 4 features, train duration, 0.007
alonx.csv,model LogisticsRegression with 4 features, test duration, 0.001
alonx.csv,model NB with 4 features, train duration, 0.001
alonx.csv,model NB with 4 features, test duration, 0.001
alonx.csv,model SVM with 5 features, train duration, 0.003
alonx.csv,model SVM with 5 features, test duration, 0.001
alonx.csv,model k - nearest with 5 features, train duration, 0.001
alonx.csv,model k - nearest with 5 features, test duration, 0.001
alonx.csv,model RandomForest with 5 features, train duration, 0.102
alonx.csv,model RandomForest with 5 features, test duration, 0.009
alonx.csv,model LogisticsRegression with 5 features, train duration, 0.006
alonx.csv,model LogisticsRegression with 5 features, test duration, 0.001
alonx.csv,model NB with 5 features, train duration, 0.001
alonx.csv,model NB with 5 features, test duration, 0.001
alonx.csv,model SVM with 10 features, train duration, 0.002
alonx.csv,model SVM with 10 features, test duration, 0.001
alonx.csv,model k - nearest with 10 features, train duration, 0.001
alonx.csv,model k - nearest with 10 features, test duration, 0.001
alonx.csv,model RandomForest with 10 features, train duration, 0.102
alonx.csv,model RandomForest with 10 features, test duration, 0.009
alonx.csv,model LogisticsRegression with 10 features, train duration, 0.015
alonx.csv,model LogisticsRegression with 10 features, test duration, 0.001
alonx.csv,model NB with 10 features, train duration, 0.001
alonx.csv,model NB with 10 features, test duration, 0.001
alonx.csv,model SVM with 15 features, train duration, 0.002
alonx.csv,model SVM with 15 features, test duration, 0.001
alonx.csv,model k - nearest with 15 features, train duration, 0.001
alonx.csv,model k - nearest with 15 features, test duration, 0.001
alonx.csv,model RandomForest with 15 features, train duration, 0.101
alonx.csv,model RandomForest with 15 features, test duration, 0.010
alonx.csv,model LogisticsRegression with 15 features, train duration, 0.013
alonx.csv,model LogisticsRegression with 15 features, test duration, 0.001
alonx.csv,model NB with 15 features, train duration, 0.001
alonx.csv,model NB with 15 features, test duration, 0.001
alonx.csv,model SVM with 20 features, train duration, 0.002
alonx.csv,model SVM with 20 features, test duration, 0.001
alonx.csv,model k - nearest with 20 features, train duration, 0.001
alonx.csv,model k - nearest with 20 features, test duration, 0.001
alonx.csv,model RandomForest with 20 features, train duration, 0.108
alonx.csv,model RandomForest with 20 features, test duration, 0.009
alonx.csv,model LogisticsRegression with 20 features, train duration, 0.011
alonx.csv,model LogisticsRegression with 20 features, test duration, 0.001
alonx.csv,model NB with 20 features, train duration, 0.001
alonx.csv,model NB with 20 features, test duration, 0.001
alonx.csv,model SVM with 25 features, train duration, 0.002
alonx.csv,model SVM with 25 features, test duration, 0.001
alonx.csv,model k - nearest with 25 features, train duration, 0.001
alonx.csv,model k - nearest with 25 features, test duration, 0.001
alonx.csv,model RandomForest with 25 features, train duration, 0.104
alonx.csv,model RandomForest with 25 features, test duration, 0.009
alonx.csv,model LogisticsRegression with 25 features, train duration, 0.012
alonx.csv,model LogisticsRegression with 25 features, test duration, 0.001
alonx.csv,model NB with 25 features, train duration, 0.001
alonx.csv,model NB with 25 features, test duration, 0.001
alonx.csv,model SVM with 30 features, train duration, 0.002
alonx.csv,model SVM with 30 features, test duration, 0.001
alonx.csv,model k - nearest with 30 features, train duration, 0.001
alonx.csv,model k - nearest with 30 features, test duration, 0.001
alonx.csv,model RandomForest with 30 features, train duration, 0.100
alonx.csv,model RandomForest with 30 features, test duration, 0.008
alonx.csv,model LogisticsRegression with 30 features, train duration, 0.020
alonx.csv,model LogisticsRegression with 30 features, test duration, 0.002
alonx.csv,model NB with 30 features, train duration, 0.001
alonx.csv,model NB with 30 features, test duration, 0.001
alonx.csv,model SVM with 50 features, train duration, 0.004
alonx.csv,model SVM with 50 features, test duration, 0.001
alonx.csv,model k - nearest with 50 features, train duration, 0.001
alonx.csv,model k - nearest with 50 features, test duration, 0.001
alonx.csv,model RandomForest with 50 features, train duration, 0.091
alonx.csv,model RandomForest with 50 features, test duration, 0.008
alonx.csv,model LogisticsRegression with 50 features, train duration, 0.011
alonx.csv,model LogisticsRegression with 50 features, test duration, 0.001
alonx.csv,model NB with 50 features, train duration, 0.001
alonx.csv,model NB with 50 features, test duration, 0.001
alonx.csv,model SVM with 100 features, train duration, 0.006
alonx.csv,model SVM with 100 features, test duration, 0.001
alonx.csv,model k - nearest with 100 features, train duration, 0.001
alonx.csv,model k - nearest with 100 features, test duration, 0.001
alonx.csv,model RandomForest with 100 features, train duration, 0.093
alonx.csv,model RandomForest with 100 features, test duration, 0.008
alonx.csv,model LogisticsRegression with 100 features, train duration, 0.014
alonx.csv,model LogisticsRegression with 100 features, test duration, 0.001
alonx.csv,model NB with 100 features, train duration, 0.002
alonx.csv,model NB with 100 features, test duration, 0.001
alonx.csv,rfe,selection runtime, 1.167
alonx.csv,model SVM with 1 features, train duration, 0.002
alonx.csv,model SVM with 1 features, test duration, 0.001
alonx.csv,model k - nearest with 1 features, train duration, 0.001
alonx.csv,model k - nearest with 1 features, test duration, 0.001
alonx.csv,model RandomForest with 1 features, train duration, 0.084
alonx.csv,model RandomForest with 1 features, test duration, 0.009
alonx.csv,model LogisticsRegression with 1 features, train duration, 0.002
alonx.csv,model LogisticsRegression with 1 features, test duration, 0.001
alonx.csv,model NB with 1 features, train duration, 0.001
alonx.csv,model NB with 1 features, test duration, 0.001
alonx.csv,model SVM with 2 features, train duration, 0.003
alonx.csv,model SVM with 2 features, test duration, 0.001
alonx.csv,model k - nearest with 2 features, train duration, 0.001
alonx.csv,model k - nearest with 2 features, test duration, 0.001
alonx.csv,model RandomForest with 2 features, train duration, 0.086
alonx.csv,model RandomForest with 2 features, test duration, 0.007
alonx.csv,model LogisticsRegression with 2 features, train duration, 0.002
alonx.csv,model LogisticsRegression with 2 features, test duration, 0.001
alonx.csv,model NB with 2 features, train duration, 0.002
alonx.csv,model NB with 2 features, test duration, 0.001
alonx.csv,model SVM with 3 features, train duration, 0.002
alonx.csv,model SVM with 3 features, test duration, 0.001
alonx.csv,model k - nearest with 3 features, train duration, 0.001
alonx.csv,model k - nearest with 3 features, test duration, 0.001
alonx.csv,model RandomForest with 3 features, train duration, 0.115
alonx.csv,model RandomForest with 3 features, test duration, 0.012
alonx.csv,model LogisticsRegression with 3 features, train duration, 0.003
alonx.csv,model LogisticsRegression with 3 features, test duration, 0.001
alonx.csv,model NB with 3 features, train duration, 0.001
alonx.csv,model NB with 3 features, test duration, 0.001
alonx.csv,model SVM with 4 features, train duration, 0.002
alonx.csv,model SVM with 4 features, test duration, 0.001
alonx.csv,model k - nearest with 4 features, train duration, 0.001
alonx.csv,model k - nearest with 4 features, test duration, 0.001
alonx.csv,model RandomForest with 4 features, train duration, 0.085
alonx.csv,model RandomForest with 4 features, test duration, 0.008
alonx.csv,model LogisticsRegression with 4 features, train duration, 0.003
alonx.csv,model LogisticsRegression with 4 features, test duration, 0.001
alonx.csv,model NB with 4 features, train duration, 0.001
alonx.csv,model NB with 4 features, test duration, 0.001
alonx.csv,model SVM with 5 features, train duration, 0.002
alonx.csv,model SVM with 5 features, test duration, 0.002
alonx.csv,model k - nearest with 5 features, train duration, 0.001
alonx.csv,model k - nearest with 5 features, test duration, 0.001
alonx.csv,model RandomForest with 5 features, train duration, 0.088
alonx.csv,model RandomForest with 5 features, test duration, 0.008
alonx.csv,model LogisticsRegression with 5 features, train duration, 0.003
alonx.csv,model LogisticsRegression with 5 features, test duration, 0.001
alonx.csv,model NB with 5 features, train duration, 0.001
alonx.csv,model NB with 5 features, test duration, 0.001
alonx.csv,model SVM with 10 features, train duration, 0.003
alonx.csv,model SVM with 10 features, test duration, 0.001
alonx.csv,model k - nearest with 10 features, train duration, 0.001
alonx.csv,model k - nearest with 10 features, test duration, 0.001
alonx.csv,model RandomForest with 10 features, train duration, 0.086
alonx.csv,model RandomForest with 10 features, test duration, 0.008
alonx.csv,model LogisticsRegression with 10 features, train duration, 0.007
alonx.csv,model LogisticsRegression with 10 features, test duration, 0.001
alonx.csv,model NB with 10 features, train duration, 0.001
alonx.csv,model NB with 10 features, test duration, 0.001
alonx.csv,model SVM with 15 features, train duration, 0.002
alonx.csv,model SVM with 15 features, test duration, 0.001
alonx.csv,model k - nearest with 15 features, train duration, 0.001
alonx.csv,model k - nearest with 15 features, test duration, 0.001
alonx.csv,model RandomForest with 15 features, train duration, 0.090
alonx.csv,model RandomForest with 15 features, test duration, 0.008
alonx.csv,model LogisticsRegression with 15 features, train duration, 0.012
alonx.csv,model LogisticsRegression with 15 features, test duration, 0.001
alonx.csv,model NB with 15 features, train duration, 0.001
alonx.csv,model NB with 15 features, test duration, 0.001
alonx.csv,model SVM with 20 features, train duration, 0.002
alonx.csv,model SVM with 20 features, test duration, 0.001
alonx.csv,model k - nearest with 20 features, train duration, 0.001
alonx.csv,model k - nearest with 20 features, test duration, 0.001
alonx.csv,model RandomForest with 20 features, train duration, 0.085
alonx.csv,model RandomForest with 20 features, test duration, 0.008
alonx.csv,model LogisticsRegression with 20 features, train duration, 0.011
alonx.csv,model LogisticsRegression with 20 features, test duration, 0.001
alonx.csv,model NB with 20 features, train duration, 0.001
alonx.csv,model NB with 20 features, test duration, 0.001
alonx.csv,model SVM with 25 features, train duration, 0.002
alonx.csv,model SVM with 25 features, test duration, 0.001
alonx.csv,model k - nearest with 25 features, train duration, 0.001
alonx.csv,model k - nearest with 25 features, test duration, 0.001
alonx.csv,model RandomForest with 25 features, train duration, 0.092
alonx.csv,model RandomForest with 25 features, test duration, 0.007
alonx.csv,model LogisticsRegression with 25 features, train duration, 0.011
alonx.csv,model LogisticsRegression with 25 features, test duration, 0.001
alonx.csv,model NB with 25 features, train duration, 0.001
alonx.csv,model NB with 25 features, test duration, 0.001
alonx.csv,model SVM with 30 features, train duration, 0.003
alonx.csv,model SVM with 30 features, test duration, 0.001
alonx.csv,model k - nearest with 30 features, train duration, 0.001
alonx.csv,model k - nearest with 30 features, test duration, 0.001
alonx.csv,model RandomForest with 30 features, train duration, 0.087
alonx.csv,model RandomForest with 30 features, test duration, 0.007
alonx.csv,model LogisticsRegression with 30 features, train duration, 0.013
alonx.csv,model LogisticsRegression with 30 features, test duration, 0.001
alonx.csv,model NB with 30 features, train duration, 0.001
alonx.csv,model NB with 30 features, test duration, 0.001
alonx.csv,model SVM with 50 features, train duration, 0.004
alonx.csv,model SVM with 50 features, test duration, 0.001
alonx.csv,model k - nearest with 50 features, train duration, 0.001
alonx.csv,model k - nearest with 50 features, test duration, 0.001
alonx.csv,model RandomForest with 50 features, train duration, 0.092
alonx.csv,model RandomForest with 50 features, test duration, 0.008
alonx.csv,model LogisticsRegression with 50 features, train duration, 0.011
alonx.csv,model LogisticsRegression with 50 features, test duration, 0.001
alonx.csv,model NB with 50 features, train duration, 0.001
alonx.csv,model NB with 50 features, test duration, 0.001
alonx.csv,model SVM with 100 features, train duration, 0.008
alonx.csv,model SVM with 100 features, test duration, 0.001
alonx.csv,model k - nearest with 100 features, train duration, 0.001
alonx.csv,model k - nearest with 100 features, test duration, 0.001
alonx.csv,model RandomForest with 100 features, train duration, 0.089
alonx.csv,model RandomForest with 100 features, test duration, 0.008
alonx.csv,model LogisticsRegression with 100 features, train duration, 0.013
alonx.csv,model LogisticsRegression with 100 features, test duration, 0.001
alonx.csv,model NB with 100 features, train duration, 0.002
alonx.csv,model NB with 100 features, test duration, 0.001
alonx.csv,Fdr_f_classif,selection runtime, 0.008
alonx.csv,model SVM with 1 features, train duration, 0.002
alonx.csv,model SVM with 1 features, test duration, 0.001
alonx.csv,model k - nearest with 1 features, train duration, 0.001
alonx.csv,model k - nearest with 1 features, test duration, 0.001
alonx.csv,model RandomForest with 1 features, train duration, 0.093
alonx.csv,model RandomForest with 1 features, test duration, 0.008
alonx.csv,model LogisticsRegression with 1 features, train duration, 0.002
alonx.csv,model LogisticsRegression with 1 features, test duration, 0.001
alonx.csv,model NB with 1 features, train duration, 0.001
alonx.csv,model NB with 1 features, test duration, 0.001
alonx.csv,model SVM with 2 features, train duration, 0.002
alonx.csv,model SVM with 2 features, test duration, 0.001
alonx.csv,model k - nearest with 2 features, train duration, 0.001
alonx.csv,model k - nearest with 2 features, test duration, 0.001
alonx.csv,model RandomForest with 2 features, train duration, 0.085
alonx.csv,model RandomForest with 2 features, test duration, 0.008
alonx.csv,model LogisticsRegression with 2 features, train duration, 0.002
alonx.csv,model LogisticsRegression with 2 features, test duration, 0.001
alonx.csv,model NB with 2 features, train duration, 0.001
alonx.csv,model NB with 2 features, test duration, 0.001
alonx.csv,model SVM with 3 features, train duration, 0.002
alonx.csv,model SVM with 3 features, test duration, 0.001
alonx.csv,model k - nearest with 3 features, train duration, 0.001
alonx.csv,model k - nearest with 3 features, test duration, 0.001
alonx.csv,model RandomForest with 3 features, train duration, 0.093
alonx.csv,model RandomForest with 3 features, test duration, 0.009
alonx.csv,model LogisticsRegression with 3 features, train duration, 0.003
alonx.csv,model LogisticsRegression with 3 features, test duration, 0.001
alonx.csv,model NB with 3 features, train duration, 0.001
alonx.csv,model NB with 3 features, test duration, 0.001
alonx.csv,model SVM with 4 features, train duration, 0.002
alonx.csv,model SVM with 4 features, test duration, 0.001
alonx.csv,model k - nearest with 4 features, train duration, 0.001
alonx.csv,model k - nearest with 4 features, test duration, 0.001
alonx.csv,model RandomForest with 4 features, train duration, 0.084
alonx.csv,model RandomForest with 4 features, test duration, 0.007
alonx.csv,model LogisticsRegression with 4 features, train duration, 0.003
alonx.csv,model LogisticsRegression with 4 features, test duration, 0.001
alonx.csv,model NB with 4 features, train duration, 0.001
alonx.csv,model NB with 4 features, test duration, 0.001
alonx.csv,model SVM with 5 features, train duration, 0.002
alonx.csv,model SVM with 5 features, test duration, 0.001
alonx.csv,model k - nearest with 5 features, train duration, 0.001
alonx.csv,model k - nearest with 5 features, test duration, 0.001
alonx.csv,model RandomForest with 5 features, train duration, 0.099
alonx.csv,model RandomForest with 5 features, test duration, 0.009
alonx.csv,model LogisticsRegression with 5 features, train duration, 0.004
alonx.csv,model LogisticsRegression with 5 features, test duration, 0.001
alonx.csv,model NB with 5 features, train duration, 0.001
alonx.csv,model NB with 5 features, test duration, 0.001
alonx.csv,model SVM with 10 features, train duration, 0.002
alonx.csv,model SVM with 10 features, test duration, 0.001
alonx.csv,model k - nearest with 10 features, train duration, 0.001
alonx.csv,model k - nearest with 10 features, test duration, 0.001
alonx.csv,model RandomForest with 10 features, train duration, 0.088
alonx.csv,model RandomForest with 10 features, test duration, 0.009
alonx.csv,model LogisticsRegression with 10 features, train duration, 0.007
alonx.csv,model LogisticsRegression with 10 features, test duration, 0.001
alonx.csv,model NB with 10 features, train duration, 0.001
alonx.csv,model NB with 10 features, test duration, 0.001
alonx.csv,model SVM with 15 features, train duration, 0.002
alonx.csv,model SVM with 15 features, test duration, 0.001
alonx.csv,model k - nearest with 15 features, train duration, 0.001
alonx.csv,model k - nearest with 15 features, test duration, 0.001
alonx.csv,model RandomForest with 15 features, train duration, 0.099
alonx.csv,model RandomForest with 15 features, test duration, 0.009
alonx.csv,model LogisticsRegression with 15 features, train duration, 0.009
alonx.csv,model LogisticsRegression with 15 features, test duration, 0.001
alonx.csv,model NB with 15 features, train duration, 0.001
alonx.csv,model NB with 15 features, test duration, 0.001
alonx.csv,model SVM with 20 features, train duration, 0.002
alonx.csv,model SVM with 20 features, test duration, 0.001
alonx.csv,model k - nearest with 20 features, train duration, 0.001
alonx.csv,model k - nearest with 20 features, test duration, 0.001
alonx.csv,model RandomForest with 20 features, train duration, 0.096
alonx.csv,model RandomForest with 20 features, test duration, 0.009
alonx.csv,model LogisticsRegression with 20 features, train duration, 0.010
alonx.csv,model LogisticsRegression with 20 features, test duration, 0.001
alonx.csv,model NB with 20 features, train duration, 0.001
alonx.csv,model NB with 20 features, test duration, 0.001
alonx.csv,model SVM with 25 features, train duration, 0.002
alonx.csv,model SVM with 25 features, test duration, 0.001
alonx.csv,model k - nearest with 25 features, train duration, 0.001
alonx.csv,model k - nearest with 25 features, test duration, 0.001
alonx.csv,model RandomForest with 25 features, train duration, 0.097
alonx.csv,model RandomForest with 25 features, test duration, 0.009
alonx.csv,model LogisticsRegression with 25 features, train duration, 0.010
alonx.csv,model LogisticsRegression with 25 features, test duration, 0.001
alonx.csv,model NB with 25 features, train duration, 0.001
alonx.csv,model NB with 25 features, test duration, 0.001
alonx.csv,model SVM with 30 features, train duration, 0.002
alonx.csv,model SVM with 30 features, test duration, 0.001
alonx.csv,model k - nearest with 30 features, train duration, 0.001
alonx.csv,model k - nearest with 30 features, test duration, 0.001
alonx.csv,model RandomForest with 30 features, train duration, 0.088
alonx.csv,model RandomForest with 30 features, test duration, 0.008
alonx.csv,model LogisticsRegression with 30 features, train duration, 0.013
alonx.csv,model LogisticsRegression with 30 features, test duration, 0.001
alonx.csv,model NB with 30 features, train duration, 0.001
alonx.csv,model NB with 30 features, test duration, 0.001
alonx.csv,model SVM with 50 features, train duration, 0.004
alonx.csv,model SVM with 50 features, test duration, 0.001
alonx.csv,model k - nearest with 50 features, train duration, 0.001
alonx.csv,model k - nearest with 50 features, test duration, 0.001
alonx.csv,model RandomForest with 50 features, train duration, 0.088
alonx.csv,model RandomForest with 50 features, test duration, 0.008
alonx.csv,model LogisticsRegression with 50 features, train duration, 0.015
alonx.csv,model LogisticsRegression with 50 features, test duration, 0.001
alonx.csv,model NB with 50 features, train duration, 0.001
alonx.csv,model NB with 50 features, test duration, 0.001
alonx.csv,model SVM with 100 features, train duration, 0.007
alonx.csv,model SVM with 100 features, test duration, 0.001
alonx.csv,model k - nearest with 100 features, train duration, 0.001
alonx.csv,model k - nearest with 100 features, test duration, 0.001
alonx.csv,model RandomForest with 100 features, train duration, 0.100
alonx.csv,model RandomForest with 100 features, test duration, 0.009
alonx.csv,model LogisticsRegression with 100 features, train duration, 0.011
alonx.csv,model LogisticsRegression with 100 features, test duration, 0.001
alonx.csv,model NB with 100 features, train duration, 0.001
alonx.csv,model NB with 100 features, test duration, 0.001
alonx.csv,mrmr,selection runtime, 13.292
alonx.csv,model SVM with 1 features, train duration, 0.002
alonx.csv,model SVM with 1 features, test duration, 0.001
alonx.csv,model k - nearest with 1 features, train duration, 0.001
alonx.csv,model k - nearest with 1 features, test duration, 0.001
alonx.csv,model RandomForest with 1 features, train duration, 0.097
alonx.csv,model RandomForest with 1 features, test duration, 0.008
alonx.csv,model LogisticsRegression with 1 features, train duration, 0.004
alonx.csv,model LogisticsRegression with 1 features, test duration, 0.001
alonx.csv,model NB with 1 features, train duration, 0.001
alonx.csv,model NB with 1 features, test duration, 0.001
alonx.csv,model SVM with 2 features, train duration, 0.002
alonx.csv,model SVM with 2 features, test duration, 0.001
alonx.csv,model k - nearest with 2 features, train duration, 0.001
alonx.csv,model k - nearest with 2 features, test duration, 0.001
alonx.csv,model RandomForest with 2 features, train duration, 0.084
alonx.csv,model RandomForest with 2 features, test duration, 0.008
alonx.csv,model LogisticsRegression with 2 features, train duration, 0.004
alonx.csv,model LogisticsRegression with 2 features, test duration, 0.001
alonx.csv,model NB with 2 features, train duration, 0.001
alonx.csv,model NB with 2 features, test duration, 0.001
alonx.csv,model SVM with 3 features, train duration, 0.002
alonx.csv,model SVM with 3 features, test duration, 0.001
alonx.csv,model k - nearest with 3 features, train duration, 0.001
alonx.csv,model k - nearest with 3 features, test duration, 0.001
alonx.csv,model RandomForest with 3 features, train duration, 0.086
alonx.csv,model RandomForest with 3 features, test duration, 0.008
alonx.csv,model LogisticsRegression with 3 features, train duration, 0.006
alonx.csv,model LogisticsRegression with 3 features, test duration, 0.001
alonx.csv,model NB with 3 features, train duration, 0.001
alonx.csv,model NB with 3 features, test duration, 0.001
alonx.csv,model SVM with 4 features, train duration, 0.002
alonx.csv,model SVM with 4 features, test duration, 0.001
alonx.csv,model k - nearest with 4 features, train duration, 0.001
alonx.csv,model k - nearest with 4 features, test duration, 0.001
alonx.csv,model RandomForest with 4 features, train duration, 0.084
alonx.csv,model RandomForest with 4 features, test duration, 0.008
alonx.csv,model LogisticsRegression with 4 features, train duration, 0.006
alonx.csv,model LogisticsRegression with 4 features, test duration, 0.001
alonx.csv,model NB with 4 features, train duration, 0.001
alonx.csv,model NB with 4 features, test duration, 0.001
alonx.csv,model SVM with 5 features, train duration, 0.003
alonx.csv,model SVM with 5 features, test duration, 0.001
alonx.csv,model k - nearest with 5 features, train duration, 0.001
alonx.csv,model k - nearest with 5 features, test duration, 0.001
alonx.csv,model RandomForest with 5 features, train duration, 0.089
alonx.csv,model RandomForest with 5 features, test duration, 0.009
alonx.csv,model LogisticsRegression with 5 features, train duration, 0.008
alonx.csv,model LogisticsRegression with 5 features, test duration, 0.001
alonx.csv,model NB with 5 features, train duration, 0.001
alonx.csv,model NB with 5 features, test duration, 0.001
alonx.csv,model SVM with 10 features, train duration, 0.002
alonx.csv,model SVM with 10 features, test duration, 0.001
alonx.csv,model k - nearest with 10 features, train duration, 0.001
alonx.csv,model k - nearest with 10 features, test duration, 0.001
alonx.csv,model RandomForest with 10 features, train duration, 0.091
alonx.csv,model RandomForest with 10 features, test duration, 0.008
alonx.csv,model LogisticsRegression with 10 features, train duration, 0.005
alonx.csv,model LogisticsRegression with 10 features, test duration, 0.001
alonx.csv,model NB with 10 features, train duration, 0.001
alonx.csv,model NB with 10 features, test duration, 0.001
alonx.csv,model SVM with 15 features, train duration, 0.002
alonx.csv,model SVM with 15 features, test duration, 0.001
alonx.csv,model k - nearest with 15 features, train duration, 0.001
alonx.csv,model k - nearest with 15 features, test duration, 0.001
alonx.csv,model RandomForest with 15 features, train duration, 0.098
alonx.csv,model RandomForest with 15 features, test duration, 0.009
alonx.csv,model LogisticsRegression with 15 features, train duration, 0.010
alonx.csv,model LogisticsRegression with 15 features, test duration, 0.001
alonx.csv,model NB with 15 features, train duration, 0.001
alonx.csv,model NB with 15 features, test duration, 0.001
alonx.csv,model SVM with 20 features, train duration, 0.002
alonx.csv,model SVM with 20 features, test duration, 0.001
alonx.csv,model k - nearest with 20 features, train duration, 0.001
alonx.csv,model k - nearest with 20 features, test duration, 0.001
alonx.csv,model RandomForest with 20 features, train duration, 0.084
alonx.csv,model RandomForest with 20 features, test duration, 0.008
alonx.csv,model LogisticsRegression with 20 features, train duration, 0.012
alonx.csv,model LogisticsRegression with 20 features, test duration, 0.001
alonx.csv,model NB with 20 features, train duration, 0.001
alonx.csv,model NB with 20 features, test duration, 0.001
alonx.csv,model SVM with 25 features, train duration, 0.002
alonx.csv,model SVM with 25 features, test duration, 0.001
alonx.csv,model k - nearest with 25 features, train duration, 0.001
alonx.csv,model k - nearest with 25 features, test duration, 0.001
alonx.csv,model RandomForest with 25 features, train duration, 0.099
alonx.csv,model RandomForest with 25 features, test duration, 0.009
alonx.csv,model LogisticsRegression with 25 features, train duration, 0.011
alonx.csv,model LogisticsRegression with 25 features, test duration, 0.001
alonx.csv,model NB with 25 features, train duration, 0.001
alonx.csv,model NB with 25 features, test duration, 0.001
alonx.csv,model SVM with 30 features, train duration, 0.002
alonx.csv,model SVM with 30 features, test duration, 0.001
alonx.csv,model k - nearest with 30 features, train duration, 0.001
alonx.csv,model k - nearest with 30 features, test duration, 0.001
alonx.csv,model RandomForest with 30 features, train duration, 0.086
alonx.csv,model RandomForest with 30 features, test duration, 0.008
alonx.csv,model LogisticsRegression with 30 features, train duration, 0.014
alonx.csv,model LogisticsRegression with 30 features, test duration, 0.002
alonx.csv,model NB with 30 features, train duration, 0.001
alonx.csv,model NB with 30 features, test duration, 0.001
alonx.csv,model SVM with 50 features, train duration, 0.003
alonx.csv,model SVM with 50 features, test duration, 0.001
alonx.csv,model k - nearest with 50 features, train duration, 0.001
alonx.csv,model k - nearest with 50 features, test duration, 0.001
alonx.csv,model RandomForest with 50 features, train duration, 0.091
alonx.csv,model RandomForest with 50 features, test duration, 0.015
alonx.csv,model LogisticsRegression with 50 features, train duration, 0.012
alonx.csv,model LogisticsRegression with 50 features, test duration, 0.001
alonx.csv,model NB with 50 features, train duration, 0.001
alonx.csv,model NB with 50 features, test duration, 0.001
alonx.csv,model SVM with 100 features, train duration, 0.006
alonx.csv,model SVM with 100 features, test duration, 0.001
alonx.csv,model k - nearest with 100 features, train duration, 0.001
alonx.csv,model k - nearest with 100 features, test duration, 0.001
alonx.csv,model RandomForest with 100 features, train duration, 0.100
alonx.csv,model RandomForest with 100 features, test duration, 0.009
alonx.csv,model LogisticsRegression with 100 features, train duration, 0.015
alonx.csv,model LogisticsRegression with 100 features, test duration, 0.001
alonx.csv,model NB with 100 features, train duration, 0.001
alonx.csv,model NB with 100 features, test duration, 0.001
alonx.csv,MMCC,selection runtime, 80.524
alonx.csv,model SVM with 1 features, train duration, 0.002
alonx.csv,model SVM with 1 features, test duration, 0.001
alonx.csv,model k - nearest with 1 features, train duration, 0.001
alonx.csv,model k - nearest with 1 features, test duration, 0.001
alonx.csv,model RandomForest with 1 features, train duration, 0.083
alonx.csv,model RandomForest with 1 features, test duration, 0.008
alonx.csv,model LogisticsRegression with 1 features, train duration, 0.003
alonx.csv,model LogisticsRegression with 1 features, test duration, 0.001
alonx.csv,model NB with 1 features, train duration, 0.001
alonx.csv,model NB with 1 features, test duration, 0.001
alonx.csv,model SVM with 2 features, train duration, 0.002
alonx.csv,model SVM with 2 features, test duration, 0.001
alonx.csv,model k - nearest with 2 features, train duration, 0.001
alonx.csv,model k - nearest with 2 features, test duration, 0.001
alonx.csv,model RandomForest with 2 features, train duration, 0.091
alonx.csv,model RandomForest with 2 features, test duration, 0.008
alonx.csv,model LogisticsRegression with 2 features, train duration, 0.004
alonx.csv,model LogisticsRegression with 2 features, test duration, 0.001
alonx.csv,model NB with 2 features, train duration, 0.001
alonx.csv,model NB with 2 features, test duration, 0.001
alonx.csv,model SVM with 3 features, train duration, 0.002
alonx.csv,model SVM with 3 features, test duration, 0.001
alonx.csv,model k - nearest with 3 features, train duration, 0.001
alonx.csv,model k - nearest with 3 features, test duration, 0.001
alonx.csv,model RandomForest with 3 features, train duration, 0.096
alonx.csv,model RandomForest with 3 features, test duration, 0.009
alonx.csv,model LogisticsRegression with 3 features, train duration, 0.005
alonx.csv,model LogisticsRegression with 3 features, test duration, 0.001
alonx.csv,model NB with 3 features, train duration, 0.001
alonx.csv,model NB with 3 features, test duration, 0.001
alonx.csv,model SVM with 4 features, train duration, 0.003
alonx.csv,model SVM with 4 features, test duration, 0.001
alonx.csv,model k - nearest with 4 features, train duration, 0.001
alonx.csv,model k - nearest with 4 features, test duration, 0.001
alonx.csv,model RandomForest with 4 features, train duration, 0.101
alonx.csv,model RandomForest with 4 features, test duration, 0.008
alonx.csv,model LogisticsRegression with 4 features, train duration, 0.005
alonx.csv,model LogisticsRegression with 4 features, test duration, 0.001
alonx.csv,model NB with 4 features, train duration, 0.001
alonx.csv,model NB with 4 features, test duration, 0.001
alonx.csv,model SVM with 5 features, train duration, 0.003
alonx.csv,model SVM with 5 features, test duration, 0.001
alonx.csv,model k - nearest with 5 features, train duration, 0.001
alonx.csv,model k - nearest with 5 features, test duration, 0.001
alonx.csv,model RandomForest with 5 features, train duration, 0.087
alonx.csv,model RandomForest with 5 features, test duration, 0.008
alonx.csv,model LogisticsRegression with 5 features, train duration, 0.004
alonx.csv,model LogisticsRegression with 5 features, test duration, 0.001
alonx.csv,model NB with 5 features, train duration, 0.001
alonx.csv,model NB with 5 features, test duration, 0.001
alonx.csv,model SVM with 10 features, train duration, 0.003
alonx.csv,model SVM with 10 features, test duration, 0.001
alonx.csv,model k - nearest with 10 features, train duration, 0.001
alonx.csv,model k - nearest with 10 features, test duration, 0.001
alonx.csv,model RandomForest with 10 features, train duration, 0.082
alonx.csv,model RandomForest with 10 features, test duration, 0.007
alonx.csv,model LogisticsRegression with 10 features, train duration, 0.006
alonx.csv,model LogisticsRegression with 10 features, test duration, 0.001
alonx.csv,model NB with 10 features, train duration, 0.001
alonx.csv,model NB with 10 features, test duration, 0.001
alonx.csv,model SVM with 15 features, train duration, 0.002
alonx.csv,model SVM with 15 features, test duration, 0.001
alonx.csv,model k - nearest with 15 features, train duration, 0.001
alonx.csv,model k - nearest with 15 features, test duration, 0.001
alonx.csv,model RandomForest with 15 features, train duration, 0.082
alonx.csv,model RandomForest with 15 features, test duration, 0.007
alonx.csv,model LogisticsRegression with 15 features, train duration, 0.013
alonx.csv,model LogisticsRegression with 15 features, test duration, 0.001
alonx.csv,model NB with 15 features, train duration, 0.001
alonx.csv,model NB with 15 features, test duration, 0.001
alonx.csv,model SVM with 20 features, train duration, 0.003
alonx.csv,model SVM with 20 features, test duration, 0.001
alonx.csv,model k - nearest with 20 features, train duration, 0.001
alonx.csv,model k - nearest with 20 features, test duration, 0.001
alonx.csv,model RandomForest with 20 features, train duration, 0.100
alonx.csv,model RandomForest with 20 features, test duration, 0.009
alonx.csv,model LogisticsRegression with 20 features, train duration, 0.013
alonx.csv,model LogisticsRegression with 20 features, test duration, 0.001
alonx.csv,model NB with 20 features, train duration, 0.001
alonx.csv,model NB with 20 features, test duration, 0.001
alonx.csv,model SVM with 25 features, train duration, 0.002
alonx.csv,model SVM with 25 features, test duration, 0.001
alonx.csv,model k - nearest with 25 features, train duration, 0.001
alonx.csv,model k - nearest with 25 features, test duration, 0.001
alonx.csv,model RandomForest with 25 features, train duration, 0.087
alonx.csv,model RandomForest with 25 features, test duration, 0.008
alonx.csv,model LogisticsRegression with 25 features, train duration, 0.011
alonx.csv,model LogisticsRegression with 25 features, test duration, 0.001
alonx.csv,model NB with 25 features, train duration, 0.001
alonx.csv,model NB with 25 features, test duration, 0.001
alonx.csv,model SVM with 30 features, train duration, 0.003
alonx.csv,model SVM with 30 features, test duration, 0.001
alonx.csv,model k - nearest with 30 features, train duration, 0.001
alonx.csv,model k - nearest with 30 features, test duration, 0.001
alonx.csv,model RandomForest with 30 features, train duration, 0.084
alonx.csv,model RandomForest with 30 features, test duration, 0.007
alonx.csv,model LogisticsRegression with 30 features, train duration, 0.018
alonx.csv,model LogisticsRegression with 30 features, test duration, 0.002
alonx.csv,model NB with 30 features, train duration, 0.001
alonx.csv,model NB with 30 features, test duration, 0.001
alonx.csv,model SVM with 50 features, train duration, 0.004
alonx.csv,model SVM with 50 features, test duration, 0.001
alonx.csv,model k - nearest with 50 features, train duration, 0.001
alonx.csv,model k - nearest with 50 features, test duration, 0.001
alonx.csv,model RandomForest with 50 features, train duration, 0.087
alonx.csv,model RandomForest with 50 features, test duration, 0.008
alonx.csv,model LogisticsRegression with 50 features, train duration, 0.010
alonx.csv,model LogisticsRegression with 50 features, test duration, 0.001
alonx.csv,model NB with 50 features, train duration, 0.001
alonx.csv,model NB with 50 features, test duration, 0.001
alonx.csv,model SVM with 100 features, train duration, 0.007
alonx.csv,model SVM with 100 features, test duration, 0.001
alonx.csv,model k - nearest with 100 features, train duration, 0.001
alonx.csv,model k - nearest with 100 features, test duration, 0.001
alonx.csv,model RandomForest with 100 features, train duration, 0.104
alonx.csv,model RandomForest with 100 features, test duration, 0.010
alonx.csv,model LogisticsRegression with 100 features, train duration, 0.013
alonx.csv,model LogisticsRegression with 100 features, test duration, 0.001
alonx.csv,model NB with 100 features, train duration, 0.001
alonx.csv,model NB with 100 features, test duration, 0.001
